,importance,tags
1125,0.00806734524667263,1125
58,0.007716590538620949,58
72,0.007365836761891842,72
1087,0.0066643282771110535,1087
1189,0.005962820257991552,1189
1088,0.00491055753082037,1088
976,0.004735180642455816,976
1638,0.004735180642455816,1638
1593,0.004559803754091263,1593
1828,0.004559803754091263,1828
54,0.004384426400065422,54
2334,0.003682918380945921,2334
1620,0.003682918380945921,1620
2201,0.003507541259750724,2201
2175,0.0033321641385555267,2175
1725,0.002981410128995776,1725
919,0.002806033007800579,919
458,0.002806033007800579,458
2428,0.002806033007800579,2428
1176,0.002630655886605382,1176
1157,0.002630655886605382,1157
2214,0.002630655886605382,2214
1550,0.002630655886605382,1550
1575,0.002630655886605382,1575
871,0.002630655886605382,871
2628,0.002630655886605382,2628
917,0.002455278765410185,917
1840,0.002455278765410185,1840
2107,0.002455278765410185,2107
119,0.0022799018770456314,119
1819,0.0022799018770456314,1819
29,0.0022799018770456314,29
424,0.0022799018770456314,424
1059,0.0022799018770456314,1059
877,0.0022799018770456314,877
1595,0.0022799018770456314,1595
899,0.0021045247558504343,899
2193,0.0021045247558504343,2193
2131,0.0021045247558504343,2131
425,0.0021045247558504343,425
2029,0.0021045247558504343,2029
1632,0.0021045247558504343,1632
1049,0.0021045247558504343,1049
1596,0.0021045247558504343,1596
1058,0.0021045247558504343,1058
671,0.0019291476346552372,671
1103,0.0019291476346552372,1103
2467,0.0019291476346552372,2467
1043,0.0019291476346552372,1043
1677,0.0019291476346552372,1677
2103,0.0019291476346552372,2103
2546,0.0019291476346552372,2546
1784,0.0019291476346552372,1784
2440,0.0019291476346552372,2440
1108,0.0019291476346552372,1108
1696,0.0019291476346552372,1696
909,0.001753770629875362,909
2283,0.001753770629875362,2283
1887,0.001753770629875362,1887
1098,0.001753770629875362,1098
421,0.001753770629875362,421
2418,0.001753770629875362,2418
481,0.001753770629875362,481
2544,0.001753770629875362,2544
2101,0.001753770629875362,2101
1597,0.001753770629875362,1597
2433,0.001753770629875362,2433
2012,0.001753770629875362,2012
2346,0.001753770629875362,2346
2600,0.001753770629875362,2600
392,0.001753770629875362,392
2473,0.001753770629875362,2473
529,0.001753770629875362,529
912,0.0015783935086801648,912
2347,0.0015783935086801648,2347
2132,0.0015783935086801648,2132
822,0.0015783935086801648,822
632,0.0015783935086801648,632
682,0.0015783935086801648,682
1056,0.0015783935086801648,1056
2217,0.0015783935086801648,2217
16,0.0015783935086801648,16
1086,0.0015783935086801648,1086
1645,0.0015783935086801648,1645
1551,0.0015783935086801648,1551
888,0.0015783935086801648,888
1606,0.0015783935086801648,1606
967,0.0015783935086801648,967
1658,0.0015783935086801648,1658
1662,0.0015783935086801648,1662
1552,0.0015783935086801648,1552
2594,0.0015783935086801648,2594
2545,0.0015783935086801648,2545
2128,0.0014030165039002895,2128
1779,0.0014030165039002895,1779
1613,0.0014030165039002895,1613
1589,0.0014030165039002895,1589
1179,0.0014030165039002895,1179
1807,0.0014030165039002895,1807
1587,0.0014030165039002895,1587
2324,0.0014030165039002895,2324
1988,0.0014030165039002895,1988
2327,0.0014030165039002895,2327
2474,0.0014030165039002895,2474
2092,0.0014030165039002895,2092
695,0.0014030165039002895,695
2451,0.0014030165039002895,2451
2119,0.0014030165039002895,2119
677,0.0014030165039002895,677
1505,0.0014030165039002895,1505
662,0.0014030165039002895,662
2384,0.0014030165039002895,2384
1568,0.0014030165039002895,1568
2434,0.0014030165039002895,2434
1738,0.0014030165039002895,1738
1682,0.0014030165039002895,1682
1556,0.0014030165039002895,1556
776,0.0014030165039002895,776
2454,0.0014030165039002895,2454
2465,0.0014030165039002895,2465
2025,0.0014030165039002895,2025
875,0.0014030165039002895,875
863,0.0014030165039002895,863
1824,0.0014030165039002895,1824
874,0.0014030165039002895,874
1100,0.0014030165039002895,1100
1099,0.0014030165039002895,1099
2584,0.0014030165039002895,2584
890,0.0014030165039002895,890
1034,0.0014030165039002895,1034
2216,0.0014030165039002895,2216
861,0.0014030165039002895,861
908,0.0014030165039002895,908
911,0.0014030165039002895,911
2339,0.0012276393827050924,2339
1564,0.0012276393827050924,1564
1070,0.0012276393827050924,1070
1772,0.0012276393827050924,1772
393,0.0012276393827050924,393
678,0.0012276393827050924,678
885,0.0012276393827050924,885
1053,0.0012276393827050924,1053
2565,0.0012276393827050924,2565
815,0.0012276393827050924,815
1839,0.0012276393827050924,1839
882,0.0012276393827050924,882
2344,0.0012276393827050924,2344
2349,0.0012276393827050924,2349
1655,0.0012276393827050924,1655
619,0.0012276393827050924,619
2027,0.0012276393827050924,2027
1743,0.0012276393827050924,1743
2114,0.0012276393827050924,2114
2031,0.0012276393827050924,2031
1041,0.0012276393827050924,1041
1000,0.0012276393827050924,1000
1549,0.0012276393827050924,1549
1539,0.0012276393827050924,1539
1695,0.0012276393827050924,1695
2275,0.0012276393827050924,2275
2331,0.0012276393827050924,2331
1014,0.0012276393827050924,1014
2318,0.0012276393827050924,2318
897,0.0012276393827050924,897
1588,0.0012276393827050924,1588
1808,0.0012276393827050924,1808
1941,0.0012276393827050924,1941
2469,0.0012276393827050924,2469
2447,0.0012276393827050924,2447
2310,0.0012276393827050924,2310
2627,0.0012276393827050924,2627
727,0.0012276393827050924,727
1063,0.0012276393827050924,1063
40,0.0012276393827050924,40
1954,0.0012276393827050924,1954
1155,0.0012276393827050924,1155
2266,0.0012276393827050924,2266
2455,0.0012276393827050924,2455
1625,0.0012276393827050924,1625
1143,0.0012276393827050924,1143
1630,0.0012276393827050924,1630
2323,0.0012276393827050924,2323
2475,0.0012276393827050924,2475
360,0.0012276393827050924,360
705,0.0012276393827050924,705
1067,0.0010522623779252172,1067
371,0.0010522623779252172,371
1573,0.0010522623779252172,1573
884,0.0010522623779252172,884
2462,0.0010522623779252172,2462
1548,0.0010522623779252172,1548
1541,0.0010522623779252172,1541
2614,0.0010522623779252172,2614
1010,0.0010522623779252172,1010
463,0.0010522623779252172,463
859,0.0010522623779252172,859
1674,0.0010522623779252172,1674
1525,0.0010522623779252172,1525
2419,0.0010522623779252172,2419
2040,0.0010522623779252172,2040
1506,0.0010522623779252172,1506
852,0.0010522623779252172,852
1712,0.0010522623779252172,1712
1969,0.0010522623779252172,1969
1080,0.0010522623779252172,1080
362,0.0010522623779252172,362
2273,0.0010522623779252172,2273
2436,0.0010522623779252172,2436
876,0.0010522623779252172,876
1624,0.0010522623779252172,1624
896,0.0010522623779252172,896
408,0.0010522623779252172,408
1590,0.0010522623779252172,1590
2015,0.0010522623779252172,2015
1661,0.0010522623779252172,1661
1585,0.0010522623779252172,1585
2023,0.0010522623779252172,2023
361,0.0010522623779252172,361
2046,0.0010522623779252172,2046
1571,0.0010522623779252172,1571
383,0.0010522623779252172,383
2013,0.0010522623779252172,2013
423,0.0010522623779252172,423
1075,0.0010522623779252172,1075
363,0.0010522623779252172,363
1138,0.0010522623779252172,1138
1504,0.0010522623779252172,1504
719,0.0010522623779252172,719
1399,0.0010522623779252172,1399
2375,0.0010522623779252172,2375
2222,0.0010522623779252172,2222
834,0.0010522623779252172,834
1980,0.0010522623779252172,1980
1033,0.0010522623779252172,1033
1123,0.0010522623779252172,1123
2200,0.0010522623779252172,2200
1170,0.0010522623779252172,1170
602,0.0010522623779252172,602
2350,0.0010522623779252172,2350
158,0.0010522623779252172,158
943,0.0010522623779252172,943
634,0.0010522623779252172,634
107,0.0010522623779252172,107
1835,0.0010522623779252172,1835
732,0.0010522623779252172,732
1858,0.0010522623779252172,1858
83,0.0010522623779252172,83
1153,0.0010522623779252172,1153
1156,0.0010522623779252172,1156
2400,0.0010522623779252172,2400
80,0.0010522623779252172,80
526,0.0010522623779252172,526
1154,0.0010522623779252172,1154
1481,0.0010522623779252172,1481
1162,0.0010522623779252172,1162
1821,0.0010522623779252172,1821
1135,0.000876885314937681,1135
1584,0.000876885314937681,1584
975,0.000876885314937681,975
2306,0.000876885314937681,2306
803,0.000876885314937681,803
1114,0.000876885314937681,1114
2267,0.000876885314937681,2267
1583,0.000876885314937681,1583
887,0.000876885314937681,887
693,0.000876885314937681,693
1580,0.000876885314937681,1580
946,0.000876885314937681,946
2307,0.000876885314937681,2307
953,0.000876885314937681,953
1191,0.000876885314937681,1191
1177,0.000876885314937681,1177
743,0.000876885314937681,743
352,0.000876885314937681,352
2320,0.000876885314937681,2320
952,0.000876885314937681,952
355,0.000876885314937681,355
1111,0.000876885314937681,1111
1591,0.000876885314937681,1591
1192,0.000876885314937681,1192
1160,0.000876885314937681,1160
1066,0.000876885314937681,1066
1193,0.000876885314937681,1193
2209,0.000876885314937681,2209
2230,0.000876885314937681,2230
1601,0.000876885314937681,1601
986,0.000876885314937681,986
681,0.000876885314937681,681
2389,0.000876885314937681,2389
862,0.000876885314937681,862
935,0.000876885314937681,935
2392,0.000876885314937681,2392
1001,0.000876885314937681,1001
1011,0.000876885314937681,1011
2395,0.000876885314937681,2395
1547,0.000876885314937681,1547
2398,0.000876885314937681,2398
2034,0.000876885314937681,2034
462,0.000876885314937681,462
2068,0.000876885314937681,2068
1478,0.000876885314937681,1478
470,0.000876885314937681,470
1040,0.000876885314937681,1040
850,0.000876885314937681,850
854,0.000876885314937681,854
1495,0.000876885314937681,1495
2416,0.000876885314937681,2416
1496,0.000876885314937681,1496
2427,0.000876885314937681,2427
546,0.000876885314937681,546
1109,0.000876885314937681,1109
427,0.000876885314937681,427
814,0.000876885314937681,814
1569,0.000876885314937681,1569
2341,0.000876885314937681,2341
648,0.000876885314937681,648
2412,0.000876885314937681,2412
2159,0.000876885314937681,2159
630,0.000876885314937681,630
824,0.000876885314937681,824
621,0.000876885314937681,621
2154,0.000876885314937681,2154
1562,0.000876885314937681,1562
1561,0.000876885314937681,1561
1101,0.000876885314937681,1101
826,0.000876885314937681,826
413,0.000876885314937681,413
872,0.000876885314937681,872
420,0.000876885314937681,420
1078,0.000876885314937681,1078
1089,0.000876885314937681,1089
1042,0.000876885314937681,1042
2414,0.000876885314937681,2414
1602,0.000876885314937681,1602
111,0.000876885314937681,111
2613,0.000876885314937681,2613
1795,0.000876885314937681,1795
1768,0.000876885314937681,1768
1646,0.000876885314937681,1646
1647,0.000876885314937681,1647
2611,0.000876885314937681,2611
1648,0.000876885314937681,1648
1618,0.000876885314937681,1618
2563,0.000876885314937681,2563
1976,0.000876885314937681,1976
1746,0.000876885314937681,1746
2597,0.000876885314937681,2597
1773,0.000876885314937681,1773
2018,0.000876885314937681,2018
1855,0.000876885314937681,1855
1800,0.000876885314937681,1800
131,0.000876885314937681,131
1727,0.000876885314937681,1727
1812,0.000876885314937681,1812
2541,0.000876885314937681,2541
2542,0.000876885314937681,2542
1951,0.000876885314937681,1951
1844,0.000876885314937681,1844
135,0.000876885314937681,135
1814,0.000876885314937681,1814
1639,0.000876885314937681,1639
1927,0.000876885314937681,1927
1724,0.000876885314937681,1724
1956,0.000876885314937681,1956
1815,0.000876885314937681,1815
1657,0.000876885314937681,1657
1804,0.000876885314937681,1804
2180,0.0007015082519501448,2180
669,0.0007015082519501448,669
679,0.0007015082519501448,679
710,0.0007015082519501448,710
2185,0.0007015082519501448,2185
2335,0.0007015082519501448,2335
696,0.0007015082519501448,696
2332,0.0007015082519501448,2332
1786,0.0007015082519501448,1786
2195,0.0007015082519501448,2195
1766,0.0007015082519501448,1766
2328,0.0007015082519501448,2328
715,0.0007015082519501448,715
1195,0.0007015082519501448,1195
733,0.0007015082519501448,733
2204,0.0007015082519501448,2204
665,0.0007015082519501448,665
635,0.0007015082519501448,635
1765,0.0007015082519501448,1765
2393,0.0007015082519501448,2393
2108,0.0007015082519501448,2108
1737,0.0007015082519501448,1737
2376,0.0007015082519501448,2376
1397,0.0007015082519501448,1397
2082,0.0007015082519501448,2082
1726,0.0007015082519501448,1726
1447,0.0007015082519501448,1447
1763,0.0007015082519501448,1763
1723,0.0007015082519501448,1723
2401,0.0007015082519501448,2401
515,0.0007015082519501448,515
2410,0.0007015082519501448,2410
1716,0.0007015082519501448,1716
1711,0.0007015082519501448,1711
2111,0.0007015082519501448,2111
2367,0.0007015082519501448,2367
1744,0.0007015082519501448,1744
591,0.0007015082519501448,591
1745,0.0007015082519501448,1745
2130,0.0007015082519501448,2130
618,0.0007015082519501448,618
620,0.0007015082519501448,620
1754,0.0007015082519501448,1754
629,0.0007015082519501448,629
631,0.0007015082519501448,631
141,0.0007015082519501448,141
1761,0.0007015082519501448,1761
2161,0.0007015082519501448,2161
650,0.0007015082519501448,650
651,0.0007015082519501448,651
2164,0.0007015082519501448,2164
1184,0.0007015082519501448,1184
126,0.0007015082519501448,126
137,0.0007015082519501448,137
922,0.0007015082519501448,922
873,0.0007015082519501448,873
1974,0.0007015082519501448,1974
55,0.0007015082519501448,55
53,0.0007015082519501448,53
886,0.0007015082519501448,886
1882,0.0007015082519501448,1882
1884,0.0007015082519501448,1884
904,0.0007015082519501448,904
1966,0.0007015082519501448,1966
1055,0.0007015082519501448,1055
1054,0.0007015082519501448,1054
1958,0.0007015082519501448,1958
2264,0.0007015082519501448,2264
26,0.0007015082519501448,26
2596,0.0007015082519501448,2596
2232,0.0007015082519501448,2232
1957,0.0007015082519501448,1957
2259,0.0007015082519501448,2259
942,0.0007015082519501448,942
2619,0.0007015082519501448,2619
954,0.0007015082519501448,954
955,0.0007015082519501448,955
2255,0.0007015082519501448,2255
2252,0.0007015082519501448,2252
969,0.0007015082519501448,969
970,0.0007015082519501448,970
971,0.0007015082519501448,971
990,0.0007015082519501448,990
2598,0.0007015082519501448,2598
2595,0.0007015082519501448,2595
1173,0.0007015082519501448,1173
102,0.0007015082519501448,102
1168,0.0007015082519501448,1168
1817,0.0007015082519501448,1817
1707,0.0007015082519501448,1707
775,0.0007015082519501448,775
1820,0.0007015082519501448,1820
122,0.0007015082519501448,122
779,0.0007015082519501448,779
1985,0.0007015082519501448,1985
114,0.0007015082519501448,114
2218,0.0007015082519501448,2218
1118,0.0007015082519501448,1118
1829,0.0007015082519501448,1829
804,0.0007015082519501448,804
817,0.0007015082519501448,817
855,0.0007015082519501448,855
99,0.0007015082519501448,99
97,0.0007015082519501448,97
1842,0.0007015082519501448,1842
1852,0.0007015082519501448,1852
2221,0.0007015082519501448,2221
838,0.0007015082519501448,838
1095,0.0007015082519501448,1095
87,0.0007015082519501448,87
1093,0.0007015082519501448,1093
86,0.0007015082519501448,86
845,0.0007015082519501448,845
848,0.0007015082519501448,848
1083,0.0007015082519501448,1083
486,0.0007015082519501448,486
984,0.0007015082519501448,984
1592,0.0007015082519501448,1592
1664,0.0007015082519501448,1664
1690,0.0007015082519501448,1690
2471,0.0007015082519501448,2471
1650,0.0007015082519501448,1650
1515,0.0007015082519501448,1515
1640,0.0007015082519501448,1640
2438,0.0007015082519501448,2438
2435,0.0007015082519501448,2435
2033,0.0007015082519501448,2033
414,0.0007015082519501448,414
2009,0.0007015082519501448,2009
2011,0.0007015082519501448,2011
437,0.0007015082519501448,437
1678,0.0007015082519501448,1678
2449,0.0007015082519501448,2449
473,0.0007015082519501448,473
2020,0.0007015082519501448,2020
1609,0.0007015082519501448,1609
1621,0.0007015082519501448,1621
2463,0.0007015082519501448,2463
1653,0.0007015082519501448,1653
428,0.0007015082519501448,428
2432,0.0007015082519501448,2432
1633,0.0007015082519501448,1633
1560,0.0007015082519501448,1560
1614,0.0007015082519501448,1614
464,0.0007015082519501448,464
1572,0.0007015082519501448,1572
2425,0.0007015082519501448,2425
2429,0.0007015082519501448,2429
446,0.0007015082519501448,446
2456,0.0007015082519501448,2456
1689,0.0007015082519501448,1689
1686,0.0007015082519501448,1686
1543,0.0007015082519501448,1543
444,0.0007015082519501448,444
1582,0.0007015082519501448,1582
2486,0.0007015082519501448,2486
396,0.0007015082519501448,396
2437,0.0007015082519501448,2437
1671,0.0007015082519501448,1671
389,0.0007015082519501448,389
1186,0.0005261311889626086,1186
1790,0.0005261311889626086,1790
1789,0.0005261311889626086,1789
735,0.0005261311889626086,735
1874,0.0005261311889626086,1874
1197,0.0005261311889626086,1197
717,0.0005261311889626086,717
878,0.0005261311889626086,878
426,0.0005261311889626086,426
2326,0.0005261311889626086,2326
370,0.0005261311889626086,370
63,0.0005261311889626086,63
2577,0.0005261311889626086,2577
1673,0.0005261311889626086,1673
367,0.0005261311889626086,367
62,0.0005261311889626086,62
1076,0.0005261311889626086,1076
429,0.0005261311889626086,429
2340,0.0005261311889626086,2340
2199,0.0005261311889626086,2199
2329,0.0005261311889626086,2329
895,0.0005261311889626086,895
47,0.0005261311889626086,47
898,0.0005261311889626086,898
1237,0.0005261311889626086,1237
438,0.0005261311889626086,438
1241,0.0005261311889626086,1241
900,0.0005261311889626086,900
1886,0.0005261311889626086,1886
670,0.0005261311889626086,670
1248,0.0005261311889626086,1248
1767,0.0005261311889626086,1767
2609,0.0005261311889626086,2609
441,0.0005261311889626086,441
1629,0.0005261311889626086,1629
1546,0.0005261311889626086,1546
1064,0.0005261311889626086,1064
683,0.0005261311889626086,683
1065,0.0005261311889626086,1065
697,0.0005261311889626086,697
1206,0.0005261311889626086,1206
2484,0.0005261311889626086,2484
1787,0.0005261311889626086,1787
1676,0.0005261311889626086,1676
1554,0.0005261311889626086,1554
1669,0.0005261311889626086,1669
1879,0.0005261311889626086,1879
2570,0.0005261311889626086,2570
1781,0.0005261311889626086,1781
2188,0.0005261311889626086,2188
1778,0.0005261311889626086,1778
2187,0.0005261311889626086,2187
691,0.0005261311889626086,691
1229,0.0005261311889626086,1229
701,0.0005261311889626086,701
865,0.0005261311889626086,865
2205,0.0005261311889626086,2205
812,0.0005261311889626086,812
1643,0.0005261311889626086,1643
2490,0.0005261311889626086,2490
1641,0.0005261311889626086,1641
805,0.0005261311889626086,805
2590,0.0005261311889626086,2590
802,0.0005261311889626086,802
847,0.0005261311889626086,847
81,0.0005261311889626086,81
1979,0.0005261311889626086,1979
2028,0.0005261311889626086,2028
1566,0.0005261311889626086,1566
1651,0.0005261311889626086,1651
78,0.0005261311889626086,78
112,0.0005261311889626086,112
402,0.0005261311889626086,402
811,0.0005261311889626086,811
840,0.0005261311889626086,840
1130,0.0005261311889626086,1130
101,0.0005261311889626086,101
833,0.0005261311889626086,833
89,0.0005261311889626086,89
831,0.0005261311889626086,831
830,0.0005261311889626086,830
1850,0.0005261311889626086,1850
1848,0.0005261311889626086,1848
1846,0.0005261311889626086,1846
388,0.0005261311889626086,388
391,0.0005261311889626086,391
821,0.0005261311889626086,821
100,0.0005261311889626086,100
2220,0.0005261311889626086,2220
818,0.0005261311889626086,818
395,0.0005261311889626086,395
816,0.0005261311889626086,816
853,0.0005261311889626086,853
77,0.0005261311889626086,77
2319,0.0005261311889626086,2319
412,0.0005261311889626086,412
2487,0.0005261311889626086,2487
2309,0.0005261311889626086,2309
1163,0.0005261311889626086,1163
1165,0.0005261311889626086,1165
1166,0.0005261311889626086,1166
1558,0.0005261311889626086,1558
373,0.0005261311889626086,373
1557,0.0005261311889626086,1557
1599,0.0005261311889626086,1599
138,0.0005261311889626086,138
1079,0.0005261311889626086,1079
2317,0.0005261311889626086,2317
1811,0.0005261311889626086,1811
140,0.0005261311889626086,140
869,0.0005261311889626086,869
133,0.0005261311889626086,133
766,0.0005261311889626086,766
376,0.0005261311889626086,376
130,0.0005261311889626086,130
856,0.0005261311889626086,856
118,0.0005261311889626086,118
1137,0.0005261311889626086,1137
121,0.0005261311889626086,121
1139,0.0005261311889626086,1139
2212,0.0005261311889626086,2212
1151,0.0005261311889626086,1151
406,0.0005261311889626086,406
2592,0.0005261311889626086,2592
125,0.0005261311889626086,125
2016,0.0005261311889626086,2016
1563,0.0005261311889626086,1563
2274,0.0005261311889626086,2274
2581,0.0005261311889626086,2581
1158,0.0005261311889626086,1158
661,0.0005261311889626086,661
837,0.0005261311889626086,837
359,0.0005261311889626086,359
1331,0.0005261311889626086,1331
514,0.0005261311889626086,514
2379,0.0005261311889626086,2379
2448,0.0005261311889626086,2448
1698,0.0005261311889626086,1698
1735,0.0005261311889626086,1735
1526,0.0005261311889626086,1526
2617,0.0005261311889626086,2617
2548,0.0005261311889626086,2548
2371,0.0005261311889626086,2371
939,0.0005261311889626086,939
2110,0.0005261311889626086,2110
1479,0.0005261311889626086,1479
2405,0.0005261311889626086,2405
508,0.0005261311889626086,508
2112,0.0005261311889626086,2112
1360,0.0005261311889626086,1360
1920,0.0005261311889626086,1920
1742,0.0005261311889626086,1742
933,0.0005261311889626086,933
461,0.0005261311889626086,461
2123,0.0005261311889626086,2123
1528,0.0005261311889626086,1528
2470,0.0005261311889626086,2470
2362,0.0005261311889626086,2362
2550,0.0005261311889626086,2550
1044,0.0005261311889626086,1044
1529,0.0005261311889626086,1529
2097,0.0005261311889626086,2097
2096,0.0005261311889626086,2096
1704,0.0005261311889626086,1704
2253,0.0005261311889626086,2253
2397,0.0005261311889626086,2397
2396,0.0005261311889626086,2396
1701,0.0005261311889626086,1701
328,0.0005261311889626086,328
1444,0.0005261311889626086,1444
1935,0.0005261311889626086,1935
2399,0.0005261311889626086,2399
1721,0.0005261311889626086,1721
1720,0.0005261311889626086,1720
1008,0.0005261311889626086,1008
2453,0.0005261311889626086,2453
1439,0.0005261311889626086,1439
1454,0.0005261311889626086,1454
330,0.0005261311889626086,330
2038,0.0005261311889626086,2038
523,0.0005261311889626086,523
1603,0.0005261311889626086,1603
1930,0.0005261311889626086,1930
1019,0.0005261311889626086,1019
1598,0.0005261311889626086,1598
215,0.0005261311889626086,215
2091,0.0005261311889626086,2091
1732,0.0005261311889626086,1732
203,0.0005261311889626086,203
1398,0.0005261311889626086,1398
2063,0.0005261311889626086,2063
1333,0.0005261311889626086,1333
1915,0.0005261311889626086,1915
2407,0.0005261311889626086,2407
193,0.0005261311889626086,193
627,0.0005261311889626086,627
2413,0.0005261311889626086,2413
2049,0.0005261311889626086,2049
1756,0.0005261311889626086,1756
1717,0.0005261311889626086,1717
1538,0.0005261311889626086,1538
451,0.0005261311889626086,451
987,0.0005261311889626086,987
1057,0.0005261311889626086,1057
1501,0.0005261311889626086,1501
636,0.0005261311889626086,636
1962,0.0005261311889626086,1962
1993,0.0005261311889626086,1993
2158,0.0005261311889626086,2158
640,0.0005261311889626086,640
641,0.0005261311889626086,641
2539,0.0005261311889626086,2539
642,0.0005261311889626086,642
2343,0.0005261311889626086,2343
1540,0.0005261311889626086,1540
645,0.0005261311889626086,645
2612,0.0005261311889626086,2612
480,0.0005261311889626086,480
1273,0.0005261311889626086,1273
2006,0.0005261311889626086,2006
2045,0.0005261311889626086,2045
907,0.0005261311889626086,907
2168,0.0005261311889626086,2168
657,0.0005261311889626086,657
358,0.0005261311889626086,358
357,0.0005261311889626086,357
477,0.0005261311889626086,477
2002,0.0005261311889626086,2002
192,0.0005261311889626086,192
2035,0.0005261311889626086,2035
929,0.0005261311889626086,929
1490,0.0005261311889626086,1490
1492,0.0005261311889626086,1492
2140,0.0005261311889626086,2140
1047,0.0005261311889626086,1047
2444,0.0005261311889626086,2444
1300,0.0005261311889626086,1300
1051,0.0005261311889626086,1051
1747,0.0005261311889626086,1747
615,0.0005261311889626086,615
616,0.0005261311889626086,616
1703,0.0005261311889626086,1703
456,0.0005261311889626086,456
30,0.0005261311889626086,30
2155,0.0005261311889626086,2155
454,0.0005261311889626086,454
1627,0.0005261311889626086,1627
918,0.0005261311889626086,918
1753,0.0005261311889626086,1753
997,0.0003507541259750724,997
999,0.0003507541259750724,999
988,0.0003507541259750724,988
992,0.0003507541259750724,992
995,0.0003507541259750724,995
1574,0.0003507541259750724,1574
1644,0.0003507541259750724,1644
993,0.0003507541259750724,993
1944,0.0003507541259750724,1944
991,0.0003507541259750724,991
989,0.0003507541259750724,989
1939,0.0003507541259750724,1939
2245,0.0003507541259750724,2245
1576,0.0003507541259750724,1576
1616,0.0003507541259750724,1616
1938,0.0003507541259750724,1938
1867,0.0003507541259750724,1867
1975,0.0003507541259750724,1975
1071,0.0003507541259750724,1071
1875,0.0003507541259750724,1875
1045,0.0003507541259750724,1045
1052,0.0003507541259750724,1052
2022,0.0003507541259750724,2022
1636,0.0003507541259750724,1636
1635,0.0003507541259750724,1635
1877,0.0003507541259750724,1877
1068,0.0003507541259750724,1068
1881,0.0003507541259750724,1881
1634,0.0003507541259750724,1634
1883,0.0003507541259750724,1883
1959,0.0003507541259750724,1959
1960,0.0003507541259750724,1960
1885,0.0003507541259750724,1885
1908,0.0003507541259750724,1908
1903,0.0003507541259750724,1903
1967,0.0003507541259750724,1967
1870,0.0003507541259750724,1870
1921,0.0003507541259750724,1921
1082,0.0003507541259750724,1082
1077,0.0003507541259750724,1077
2241,0.0003507541259750724,2241
1860,0.0003507541259750724,1860
1933,0.0003507541259750724,1933
1604,0.0003507541259750724,1604
1932,0.0003507541259750724,1932
1929,0.0003507541259750724,1929
1020,0.0003507541259750724,1020
1862,0.0003507541259750724,1862
1021,0.0003507541259750724,1021
1024,0.0003507541259750724,1024
1027,0.0003507541259750724,1027
1029,0.0003507541259750724,1029
1926,0.0003507541259750724,1926
1031,0.0003507541259750724,1031
1866,0.0003507541259750724,1866
1570,0.0003507541259750724,1570
1037,0.0003507541259750724,1037
1038,0.0003507541259750724,1038
1922,0.0003507541259750724,1922
1628,0.0003507541259750724,1628
1507,0.0003507541259750724,1507
1097,0.0003507541259750724,1097
2127,0.0003507541259750724,2127
2124,0.0003507541259750724,2124
2115,0.0003507541259750724,2115
1359,0.0003507541259750724,1359
1694,0.0003507541259750724,1694
1367,0.0003507541259750724,1367
1368,0.0003507541259750724,1368
2008,0.0003507541259750724,2008
2109,0.0003507541259750724,2109
1374,0.0003507541259750724,1374
1999,0.0003507541259750724,1999
2105,0.0003507541259750724,2105
2102,0.0003507541259750724,2102
1383,0.0003507541259750724,1383
2000,0.0003507541259750724,2000
2098,0.0003507541259750724,2098
2126,0.0003507541259750724,2126
2134,0.0003507541259750724,2134
1102,0.0003507541259750724,1102
2136,0.0003507541259750724,2136
1284,0.0003507541259750724,1284
1994,0.0003507541259750724,1994
1285,0.0003507541259750724,1285
1755,0.0003507541259750724,1755
2157,0.0003507541259750724,2157
1692,0.0003507541259750724,1692
1750,0.0003507541259750724,1750
1748,0.0003507541259750724,1748
2152,0.0003507541259750724,2152
1294,0.0003507541259750724,1294
1296,0.0003507541259750724,1296
2150,0.0003507541259750724,2150
2145,0.0003507541259750724,2145
2144,0.0003507541259750724,2144
2142,0.0003507541259750724,2142
1390,0.0003507541259750724,1390
1395,0.0003507541259750724,1395
2095,0.0003507541259750724,2095
1524,0.0003507541259750724,1524
2065,0.0003507541259750724,2065
1464,0.0003507541259750724,1464
1467,0.0003507541259750724,1467
2061,0.0003507541259750724,2061
1473,0.0003507541259750724,1473
2059,0.0003507541259750724,2059
2057,0.0003507541259750724,2057
1719,0.0003507541259750724,1719
2056,0.0003507541259750724,2056
1483,0.0003507541259750724,1483
2050,0.0003507541259750724,2050
1494,0.0003507541259750724,1494
2042,0.0003507541259750724,2042
2043,0.0003507541259750724,2043
2047,0.0003507541259750724,2047
1452,0.0003507541259750724,1452
2069,0.0003507541259750724,2069
1446,0.0003507541259750724,1446
1523,0.0003507541259750724,1523
2001,0.0003507541259750724,2001
1409,0.0003507541259750724,1409
1411,0.0003507541259750724,1411
2090,0.0003507541259750724,2090
2089,0.0003507541259750724,2089
2088,0.0003507541259750724,2088
2077,0.0003507541259750724,2077
1520,0.0003507541259750724,1520
1728,0.0003507541259750724,1728
2075,0.0003507541259750724,2075
2073,0.0003507541259750724,2073
2071,0.0003507541259750724,2071
1443,0.0003507541259750724,1443
1700,0.0003507541259750724,1700
1759,0.0003507541259750724,1759
1283,0.0003507541259750724,1283
2162,0.0003507541259750724,2162
1809,0.0003507541259750724,1809
2213,0.0003507541259750724,2213
2030,0.0003507541259750724,2030
1152,0.0003507541259750724,1152
1660,0.0003507541259750724,1660
1161,0.0003507541259750724,1161
1813,0.0003507541259750724,1813
1164,0.0003507541259750724,1164
1171,0.0003507541259750724,1171
1174,0.0003507541259750724,1174
1665,0.0003507541259750724,1665
1178,0.0003507541259750724,1178
1666,0.0003507541259750724,1666
1180,0.0003507541259750724,1180
1810,0.0003507541259750724,1810
1185,0.0003507541259750724,1185
1823,0.0003507541259750724,1823
1134,0.0003507541259750724,1134
1133,0.0003507541259750724,1133
1113,0.0003507541259750724,1113
1649,0.0003507541259750724,1649
1836,0.0003507541259750724,1836
1982,0.0003507541259750724,1982
1110,0.0003507541259750724,1110
1830,0.0003507541259750724,1830
1112,0.0003507541259750724,1112
1567,0.0003507541259750724,1567
2017,0.0003507541259750724,2017
1827,0.0003507541259750724,1827
1116,0.0003507541259750724,1116
2219,0.0003507541259750724,2219
1120,0.0003507541259750724,1120
1121,0.0003507541259750724,1121
1124,0.0003507541259750724,1124
2004,0.0003507541259750724,2004
1188,0.0003507541259750724,1188
1762,0.0003507541259750724,1762
1806,0.0003507541259750724,1806
1777,0.0003507541259750724,1777
1775,0.0003507541259750724,1775
2184,0.0003507541259750724,2184
1684,0.0003507541259750724,1684
1771,0.0003507541259750724,1771
1242,0.0003507541259750724,1242
1247,0.0003507541259750724,1247
2010,0.0003507541259750724,2010
2173,0.0003507541259750724,2173
1258,0.0003507541259750724,1258
1259,0.0003507541259750724,1259
1544,0.0003507541259750724,1544
1260,0.0003507541259750724,1260
2166,0.0003507541259750724,2166
1269,0.0003507541259750724,1269
1683,0.0003507541259750724,1683
1681,0.0003507541259750724,1681
1232,0.0003507541259750724,1232
1196,0.0003507541259750724,1196
1805,0.0003507541259750724,1805
1672,0.0003507541259750724,1672
1799,0.0003507541259750724,1799
1194,0.0003507541259750724,1194
1987,0.0003507541259750724,1987
1989,0.0003507541259750724,1989
2202,0.0003507541259750724,2202
2186,0.0003507541259750724,2186
2197,0.0003507541259750724,2197
2192,0.0003507541259750724,2192
2191,0.0003507541259750724,2191
1783,0.0003507541259750724,1783
1680,0.0003507541259750724,1680
1228,0.0003507541259750724,1228
1670,0.0003507541259750724,1670
1949,0.0003507541259750724,1949
196,0.0003507541259750724,196
404,0.0003507541259750724,404
730,0.0003507541259750724,730
380,0.0003507541259750724,380
729,0.0003507541259750724,729
381,0.0003507541259750724,381
2325,0.0003507541259750724,2325
718,0.0003507541259750724,718
385,0.0003507541259750724,385
386,0.0003507541259750724,386
714,0.0003507541259750724,714
390,0.0003507541259750724,390
712,0.0003507541259750724,712
397,0.0003507541259750724,397
400,0.0003507541259750724,400
2608,0.0003507541259750724,2608
450,0.0003507541259750724,450
415,0.0003507541259750724,415
704,0.0003507541259750724,704
2606,0.0003507541259750724,2606
417,0.0003507541259750724,417
702,0.0003507541259750724,702
2430,0.0003507541259750724,2430
433,0.0003507541259750724,433
139,0.0003507541259750724,139
692,0.0003507541259750724,692
436,0.0003507541259750724,436
440,0.0003507541259750724,440
2333,0.0003507541259750724,2333
687,0.0003507541259750724,687
731,0.0003507541259750724,731
379,0.0003507541259750724,379
736,0.0003507541259750724,736
2322,0.0003507541259750724,2322
152,0.0003507541259750724,152
796,0.0003507541259750724,796
306,0.0003507541259750724,306
794,0.0003507541259750724,794
790,0.0003507541259750724,790
787,0.0003507541259750724,787
785,0.0003507541259750724,785
781,0.0003507541259750724,781
778,0.0003507541259750724,778
2464,0.0003507541259750724,2464
2457,0.0003507541259750724,2457
337,0.0003507541259750724,337
2304,0.0003507541259750724,2304
146,0.0003507541259750724,146
758,0.0003507541259750724,758
755,0.0003507541259750724,755
351,0.0003507541259750724,351
354,0.0003507541259750724,354
365,0.0003507541259750724,365
2579,0.0003507541259750724,2579
372,0.0003507541259750724,372
2316,0.0003507541259750724,2316
748,0.0003507541259750724,748
747,0.0003507541259750724,747
742,0.0003507541259750724,742
375,0.0003507541259750724,375
377,0.0003507541259750724,377
448,0.0003507541259750724,448
675,0.0003507541259750724,675
293,0.0003507541259750724,293
85,0.0003507541259750724,85
513,0.0003507541259750724,513
106,0.0003507541259750724,106
519,0.0003507541259750724,519
2358,0.0003507541259750724,2358
522,0.0003507541259750724,522
76,0.0003507541259750724,76
2591,0.0003507541259750724,2591
595,0.0003507541259750724,595
524,0.0003507541259750724,524
594,0.0003507541259750724,594
528,0.0003507541259750724,528
533,0.0003507541259750724,533
535,0.0003507541259750724,535
104,0.0003507541259750724,104
134,0.0003507541259750724,134
587,0.0003507541259750724,587
2558,0.0003507541259750724,2558
583,0.0003507541259750724,583
580,0.0003507541259750724,580
2370,0.0003507541259750724,2370
2586,0.0003507541259750724,2586
549,0.0003507541259750724,549
2377,0.0003507541259750724,2377
95,0.0003507541259750724,95
552,0.0003507541259750724,552
2588,0.0003507541259750724,2588
564,0.0003507541259750724,564
2587,0.0003507541259750724,2587
109,0.0003507541259750724,109
2354,0.0003507541259750724,2354
110,0.0003507541259750724,110
68,0.0003507541259750724,68
132,0.0003507541259750724,132
465,0.0003507541259750724,465
467,0.0003507541259750724,467
128,0.0003507541259750724,128
664,0.0003507541259750724,664
475,0.0003507541259750724,475
655,0.0003507541259750724,655
654,0.0003507541259750724,654
479,0.0003507541259750724,479
483,0.0003507541259750724,483
2417,0.0003507541259750724,2417
2415,0.0003507541259750724,2415
489,0.0003507541259750724,489
490,0.0003507541259750724,490
644,0.0003507541259750724,644
639,0.0003507541259750724,639
633,0.0003507541259750724,633
493,0.0003507541259750724,493
2348,0.0003507541259750724,2348
623,0.0003507541259750724,623
123,0.0003507541259750724,123
2409,0.0003507541259750724,2409
500,0.0003507541259750724,500
2408,0.0003507541259750724,2408
613,0.0003507541259750724,613
116,0.0003507541259750724,116
2406,0.0003507541259750724,2406
2479,0.0003507541259750724,2479
382,0.0003507541259750724,382
2485,0.0003507541259750724,2485
209,0.0003507541259750724,209
901,0.0003507541259750724,901
893,0.0003507541259750724,893
892,0.0003507541259750724,892
2569,0.0003507541259750724,2569
958,0.0003507541259750724,958
13,0.0003507541259750724,13
880,0.0003507541259750724,880
2508,0.0003507541259750724,2508
836,0.0003507541259750724,836
857,0.0003507541259750724,857
964,0.0003507541259750724,964
2616,0.0003507541259750724,2616
849,0.0003507541259750724,849
2504,0.0003507541259750724,2504
2615,0.0003507541259750724,2615
274,0.0003507541259750724,274
188,0.0003507541259750724,188
2622,0.0003507541259750724,2622
227,0.0003507541259750724,227
2523,0.0003507541259750724,2523
2564,0.0003507541259750724,2564
940,0.0003507541259750724,940
941,0.0003507541259750724,941
944,0.0003507541259750724,944
932,0.0003507541259750724,932
178,0.0003507541259750724,178
2257,0.0003507541259750724,2257
231,0.0003507541259750724,231
948,0.0003507541259750724,948
926,0.0003507541259750724,926
175,0.0003507541259750724,175
950,0.0003507541259750724,950
951,0.0003507541259750724,951
923,0.0003507541259750724,923
916,0.0003507541259750724,916
25,0.0003507541259750724,25
211,0.0003507541259750724,211
236,0.0003507541259750724,236
982,0.0003507541259750724,982
2492,0.0003507541259750724,2492
284,0.0003507541259750724,284
2248,0.0003507541259750724,2248
2491,0.0003507541259750724,2491
973,0.0003507541259750724,973
278,0.0003507541259750724,278
2554,0.0003507541259750724,2554
810,0.0003507541259750724,810
2556,0.0003507541259750724,2556
186,0.0001753770629875362,186
194,0.0001753770629875362,194
1843,0.0001753770629875362,1843
504,0.0001753770629875362,504
505,0.0001753770629875362,505
198,0.0001753770629875362,198
507,0.0001753770629875362,507
2583,0.0001753770629875362,2583
482,0.0001753770629875362,482
511,0.0001753770629875362,511
1826,0.0001753770629875362,1826
1410,0.0001753770629875362,1410
1476,0.0001753770629875362,1476
94,0.0001753770629875362,94
1412,0.0001753770629875362,1412
1713,0.0001753770629875362,1713
2003,0.0001753770629875362,2003
2094,0.0001753770629875362,2094
1715,0.0001753770629875362,1715
1413,0.0001753770629875362,1413
1996,0.0001753770629875362,1996
516,0.0001753770629875362,516
1471,0.0001753770629875362,1471
1470,0.0001753770629875362,1470
2054,0.0001753770629875362,2054
117,0.0001753770629875362,117
491,0.0001753770629875362,491
230,0.0001753770629875362,230
1502,0.0001753770629875362,1502
232,0.0001753770629875362,232
124,0.0001753770629875362,124
556,0.0001753770629875362,556
1405,0.0001753770629875362,1405
1705,0.0001753770629875362,1705
1406,0.0001753770629875362,1406
1407,0.0001753770629875362,1407
1497,0.0001753770629875362,1497
555,0.0001753770629875362,555
497,0.0001753770629875362,497
1699,0.0001753770629875362,1699
1708,0.0001753770629875362,1708
488,0.0001753770629875362,488
184,0.0001753770629875362,184
2005,0.0001753770629875362,2005
187,0.0001753770629875362,187
1752,0.0001753770629875362,1752
1469,0.0001753770629875362,1469
502,0.0001753770629875362,502
1488,0.0001753770629875362,1488
1822,0.0001753770629875362,1822
1491,0.0001753770629875362,1491
2553,0.0001753770629875362,2553
108,0.0001753770629875362,108
1449,0.0001753770629875362,1449
1838,0.0001753770629875362,1838
207,0.0001753770629875362,207
2394,0.0001753770629875362,2394
537,0.0001753770629875362,537
540,0.0001753770629875362,540
1837,0.0001753770629875362,1837
2585,0.0001753770629875362,2585
1441,0.0001753770629875362,1441
2072,0.0001753770629875362,2072
542,0.0001753770629875362,542
2552,0.0001753770629875362,2552
2081,0.0001753770629875362,2081
205,0.0001753770629875362,205
1437,0.0001753770629875362,1437
103,0.0001753770629875362,103
1730,0.0001753770629875362,1730
2080,0.0001753770629875362,2080
544,0.0001753770629875362,544
2076,0.0001753770629875362,2076
2388,0.0001753770629875362,2388
1432,0.0001753770629875362,1432
1431,0.0001753770629875362,1431
2078,0.0001753770629875362,2078
2079,0.0001753770629875362,2079
1731,0.0001753770629875362,1731
1448,0.0001753770629875362,1448
1450,0.0001753770629875362,1450
1428,0.0001753770629875362,1428
98,0.0001753770629875362,98
1749,0.0001753770629875362,1749
1465,0.0001753770629875362,1465
521,0.0001753770629875362,521
1463,0.0001753770629875362,1463
1831,0.0001753770629875362,1831
550,0.0001753770629875362,550
1461,0.0001753770629875362,1461
2560,0.0001753770629875362,2560
1460,0.0001753770629875362,1460
2547,0.0001753770629875362,2547
1417,0.0001753770629875362,1417
1458,0.0001753770629875362,1458
1418,0.0001753770629875362,1418
213,0.0001753770629875362,213
2067,0.0001753770629875362,2067
1455,0.0001753770629875362,1455
1722,0.0001753770629875362,1722
2087,0.0001753770629875362,2087
1818,0.0001753770629875362,1818
210,0.0001753770629875362,210
1420,0.0001753770629875362,1420
525,0.0001753770629875362,525
1981,0.0001753770629875362,1981
190,0.0001753770629875362,190
1734,0.0001753770629875362,1734
1736,0.0001753770629875362,1736
1816,0.0001753770629875362,1816
478,0.0001753770629875362,478
1512,0.0001753770629875362,1512
327,0.0001753770629875362,327
1802,0.0001753770629875362,1802
2459,0.0001753770629875362,2459
1803,0.0001753770629875362,1803
160,0.0001753770629875362,160
2498,0.0001753770629875362,2498
2499,0.0001753770629875362,2499
339,0.0001753770629875362,339
149,0.0001753770629875362,149
148,0.0001753770629875362,148
345,0.0001753770629875362,345
1654,0.0001753770629875362,1654
2446,0.0001753770629875362,2446
2578,0.0001753770629875362,2578
144,0.0001753770629875362,144
2500,0.0001753770629875362,2500
2442,0.0001753770629875362,2442
364,0.0001753770629875362,364
1785,0.0001753770629875362,1785
2439,0.0001753770629875362,2439
2503,0.0001753770629875362,2503
269,0.0001753770629875362,269
1581,0.0001753770629875362,1581
2014,0.0001753770629875362,2014
1782,0.0001753770629875362,1782
1578,0.0001753770629875362,1578
378,0.0001753770629875362,378
163,0.0001753770629875362,163
263,0.0001753770629875362,263
1605,0.0001753770629875362,1605
326,0.0001753770629875362,326
1607,0.0001753770629875362,1607
310,0.0001753770629875362,310
2575,0.0001753770629875362,2575
2481,0.0001753770629875362,2481
154,0.0001753770629875362,154
291,0.0001753770629875362,291
2477,0.0001753770629875362,2477
2476,0.0001753770629875362,2476
1791,0.0001753770629875362,1791
1642,0.0001753770629875362,1642
1626,0.0001753770629875362,1626
307,0.0001753770629875362,307
308,0.0001753770629875362,308
309,0.0001753770629875362,309
2021,0.0001753770629875362,2021
2472,0.0001753770629875362,2472
1608,0.0001753770629875362,1608
312,0.0001753770629875362,312
313,0.0001753770629875362,313
315,0.0001753770629875362,315
156,0.0001753770629875362,156
1798,0.0001753770629875362,1798
1615,0.0001753770629875362,1615
151,0.0001753770629875362,151
157,0.0001753770629875362,157
322,0.0001753770629875362,322
150,0.0001753770629875362,150
1788,0.0001753770629875362,1788
1611,0.0001753770629875362,1611
1610,0.0001753770629875362,1610
1780,0.0001753770629875362,1780
164,0.0001753770629875362,164
2571,0.0001753770629875362,2571
2037,0.0001753770629875362,2037
1542,0.0001753770629875362,1542
1688,0.0001753770629875362,1688
452,0.0001753770629875362,452
1992,0.0001753770629875362,1992
1536,0.0001753770629875362,1536
1535,0.0001753770629875362,1535
453,0.0001753770629875362,453
2423,0.0001753770629875362,2423
1691,0.0001753770629875362,1691
2036,0.0001753770629875362,2036
1530,0.0001753770629875362,1530
459,0.0001753770629875362,459
2421,0.0001753770629875362,2421
176,0.0001753770629875362,176
443,0.0001753770629875362,443
466,0.0001753770629875362,466
177,0.0001753770629875362,177
468,0.0001753770629875362,468
1990,0.0001753770629875362,1990
471,0.0001753770629875362,471
474,0.0001753770629875362,474
1518,0.0001753770629875362,1518
1517,0.0001753770629875362,1517
1516,0.0001753770629875362,1516
179,0.0001753770629875362,179
127,0.0001753770629875362,127
1513,0.0001753770629875362,1513
181,0.0001753770629875362,181
445,0.0001753770629875362,445
1687,0.0001753770629875362,1687
1400,0.0001753770629875362,1400
1559,0.0001753770629875362,1559
384,0.0001753770629875362,384
167,0.0001753770629875362,167
1776,0.0001753770629875362,1776
168,0.0001753770629875362,168
1774,0.0001753770629875362,1774
169,0.0001753770629875362,169
394,0.0001753770629875362,394
2568,0.0001753770629875362,2568
405,0.0001753770629875362,405
1770,0.0001753770629875362,1770
142,0.0001753770629875362,142
410,0.0001753770629875362,410
411,0.0001753770629875362,411
1679,0.0001753770629875362,1679
1545,0.0001753770629875362,1545
1769,0.0001753770629875362,1769
416,0.0001753770629875362,416
172,0.0001753770629875362,172
249,0.0001753770629875362,249
418,0.0001753770629875362,418
431,0.0001753770629875362,431
1553,0.0001753770629875362,1553
2567,0.0001753770629875362,2567
434,0.0001753770629875362,434
247,0.0001753770629875362,247
439,0.0001753770629875362,439
2566,0.0001753770629875362,2566
442,0.0001753770629875362,442
1401,0.0001753770629875362,1401
2246,0.0001753770629875362,2246
1845,0.0001753770629875362,1845
31,0.0001753770629875362,31
1904,0.0001753770629875362,1904
36,0.0001753770629875362,36
1128,0.0001753770629875362,1128
2215,0.0001753770629875362,2215
2294,0.0001753770629875362,2294
1131,0.0001753770629875362,1131
1132,0.0001753770629875362,1132
788,0.0001753770629875362,788
2295,0.0001753770629875362,2295
1902,0.0001753770629875362,1902
783,0.0001753770629875362,783
2298,0.0001753770629875362,2298
1142,0.0001753770629875362,1142
1145,0.0001753770629875362,1145
1146,0.0001753770629875362,1146
1147,0.0001753770629875362,1147
1148,0.0001753770629875362,1148
793,0.0001753770629875362,793
795,0.0001753770629875362,795
1905,0.0001753770629875362,1905
809,0.0001753770629875362,809
823,0.0001753770629875362,823
32,0.0001753770629875362,32
1104,0.0001753770629875362,1104
1961,0.0001753770629875362,1961
1106,0.0001753770629875362,1106
1107,0.0001753770629875362,1107
33,0.0001753770629875362,33
35,0.0001753770629875362,35
1119,0.0001753770629875362,1119
1907,0.0001753770629875362,1907
806,0.0001753770629875362,806
801,0.0001753770629875362,801
1115,0.0001753770629875362,1115
800,0.0001753770629875362,800
799,0.0001753770629875362,799
1906,0.0001753770629875362,1906
1149,0.0001753770629875362,1149
2210,0.0001753770629875362,2210
1965,0.0001753770629875362,1965
724,0.0001753770629875362,724
744,0.0001753770629875362,744
1181,0.0001753770629875362,1181
740,0.0001753770629875362,740
734,0.0001753770629875362,734
1190,0.0001753770629875362,1190
728,0.0001753770629875362,728
726,0.0001753770629875362,726
558,0.0001753770629875362,558
2315,0.0001753770629875362,2315
2203,0.0001753770629875362,2203
713,0.0001753770629875362,713
1201,0.0001753770629875362,1201
709,0.0001753770629875362,709
1204,0.0001753770629875362,1204
1205,0.0001753770629875362,1205
707,0.0001753770629875362,707
1175,0.0001753770629875362,1175
1890,0.0001753770629875362,1890
37,0.0001753770629875362,37
2308,0.0001753770629875362,2308
1897,0.0001753770629875362,1897
1896,0.0001753770629875362,1896
771,0.0001753770629875362,771
1895,0.0001753770629875362,1895
2305,0.0001753770629875362,2305
764,0.0001753770629875362,764
763,0.0001753770629875362,763
761,0.0001753770629875362,761
1891,0.0001753770629875362,1891
757,0.0001753770629875362,757
2311,0.0001753770629875362,2311
2610,0.0001753770629875362,2610
1968,0.0001753770629875362,1968
1169,0.0001753770629875362,1169
41,0.0001753770629875362,41
752,0.0001753770629875362,752
1912,0.0001753770629875362,1912
28,0.0001753770629875362,28
1209,0.0001753770629875362,1209
832,0.0001753770629875362,832
1015,0.0001753770629875362,1015
2239,0.0001753770629875362,2239
5,0.0001753770629875362,5
2624,0.0001753770629875362,2624
956,0.0001753770629875362,956
1937,0.0001753770629875362,1937
7,0.0001753770629875362,7
2256,0.0001753770629875362,2256
2623,0.0001753770629875362,2623
1026,0.0001753770629875362,1026
1028,0.0001753770629875362,1028
1030,0.0001753770629875362,1030
2258,0.0001753770629875362,2258
1032,0.0001753770629875362,1032
2233,0.0001753770629875362,2233
1036,0.0001753770629875362,1036
938,0.0001753770629875362,938
957,0.0001753770629875362,957
1013,0.0001753770629875362,1013
1940,0.0001753770629875362,1940
968,0.0001753770629875362,968
980,0.0001753770629875362,980
979,0.0001753770629875362,979
1946,0.0001753770629875362,1946
977,0.0001753770629875362,977
994,0.0001753770629875362,994
1950,0.0001753770629875362,1950
972,0.0001753770629875362,972
966,0.0001753770629875362,966
1009,0.0001753770629875362,1009
965,0.0001753770629875362,965
1943,0.0001753770629875362,1943
2242,0.0001753770629875362,2242
1005,0.0001753770629875362,1005
1006,0.0001753770629875362,1006
1007,0.0001753770629875362,1007
1942,0.0001753770629875362,1942
1039,0.0001753770629875362,1039
2260,0.0001753770629875362,2260
934,0.0001753770629875362,934
1084,0.0001753770629875362,1084
2620,0.0001753770629875362,2620
15,0.0001753770629875362,15
2618,0.0001753770629875362,2618
867,0.0001753770629875362,867
866,0.0001753770629875362,866
1081,0.0001753770629875362,1081
20,0.0001753770629875362,20
22,0.0001753770629875362,22
881,0.0001753770629875362,881
2278,0.0001753770629875362,2278
1919,0.0001753770629875362,1919
1917,0.0001753770629875362,1917
1916,0.0001753770629875362,1916
842,0.0001753770629875362,842
839,0.0001753770629875362,839
835,0.0001753770629875362,835
1073,0.0001753770629875362,1073
883,0.0001753770629875362,883
931,0.0001753770629875362,931
915,0.0001753770629875362,915
930,0.0001753770629875362,930
1952,0.0001753770629875362,1952
1046,0.0001753770629875362,1046
927,0.0001753770629875362,927
9,0.0001753770629875362,9
10,0.0001753770629875362,10
921,0.0001753770629875362,921
914,0.0001753770629875362,914
1928,0.0001753770629875362,1928
913,0.0001753770629875362,913
906,0.0001753770629875362,906
1060,0.0001753770629875362,1060
1061,0.0001753770629875362,1061
902,0.0001753770629875362,902
2269,0.0001753770629875362,2269
889,0.0001753770629875362,889
706,0.0001753770629875362,706
716,0.0001753770629875362,716
1210,0.0001753770629875362,1210
1322,0.0001753770629875362,1322
2593,0.0001753770629875362,2593
601,0.0001753770629875362,601
1326,0.0001753770629875362,1326
2129,0.0001753770629875362,2129
1330,0.0001753770629875362,1330
1332,0.0001753770629875362,1332
2360,0.0001753770629875362,2360
1336,0.0001753770629875362,1336
84,0.0001753770629875362,84
592,0.0001753770629875362,592
1340,0.0001753770629875362,1340
1857,0.0001753770629875362,1857
2122,0.0001753770629875362,2122
1343,0.0001753770629875362,1343
1344,0.0001753770629875362,1344
1856,0.0001753770629875362,1856
2120,0.0001753770629875362,2120
2356,0.0001753770629875362,2356
1863,0.0001753770629875362,1863
1299,0.0001753770629875362,1299
604,0.0001753770629875362,604
1868,0.0001753770629875362,1868
1302,0.0001753770629875362,1302
2599,0.0001753770629875362,2599
2147,0.0001753770629875362,2147
1211,0.0001753770629875362,1211
2353,0.0001753770629875362,2353
607,0.0001753770629875362,607
1308,0.0001753770629875362,1308
1309,0.0001753770629875362,1309
1311,0.0001753770629875362,1311
1313,0.0001753770629875362,1313
69,0.0001753770629875362,69
2355,0.0001753770629875362,2355
2139,0.0001753770629875362,2139
1317,0.0001753770629875362,1317
2138,0.0001753770629875362,2138
1977,0.0001753770629875362,1977
1347,0.0001753770629875362,1347
1348,0.0001753770629875362,1348
1349,0.0001753770629875362,1349
2364,0.0001753770629875362,2364
2106,0.0001753770629875362,2106
1378,0.0001753770629875362,1378
2373,0.0001753770629875362,2373
2104,0.0001753770629875362,2104
2374,0.0001753770629875362,2374
1849,0.0001753770629875362,1849
1384,0.0001753770629875362,1384
567,0.0001753770629875362,567
1386,0.0001753770629875362,1386
2100,0.0001753770629875362,2100
566,0.0001753770629875362,566
1847,0.0001753770629875362,1847
1392,0.0001753770629875362,1392
562,0.0001753770629875362,562
1394,0.0001753770629875362,1394
560,0.0001753770629875362,560
2382,0.0001753770629875362,2382
1376,0.0001753770629875362,1376
91,0.0001753770629875362,91
575,0.0001753770629875362,575
2366,0.0001753770629875362,2366
1351,0.0001753770629875362,1351
1854,0.0001753770629875362,1854
1853,0.0001753770629875362,1853
2365,0.0001753770629875362,2365
1357,0.0001753770629875362,1357
1358,0.0001753770629875362,1358
586,0.0001753770629875362,586
1361,0.0001753770629875362,1361
576,0.0001753770629875362,576
1362,0.0001753770629875362,1362
1363,0.0001753770629875362,1363
2113,0.0001753770629875362,2113
88,0.0001753770629875362,88
581,0.0001753770629875362,581
2589,0.0001753770629875362,2589
1372,0.0001753770629875362,1372
609,0.0001753770629875362,609
2146,0.0001753770629875362,2146
2352,0.0001753770629875362,2352
667,0.0001753770629875362,667
51,0.0001753770629875362,51
2177,0.0001753770629875362,2177
1878,0.0001753770629875362,1878
1246,0.0001753770629875362,1246
672,0.0001753770629875362,672
52,0.0001753770629875362,52
1249,0.0001753770629875362,1249
1973,0.0001753770629875362,1973
2337,0.0001753770629875362,2337
666,0.0001753770629875362,666
1254,0.0001753770629875362,1254
1869,0.0001753770629875362,1869
1256,0.0001753770629875362,1256
1257,0.0001753770629875362,1257
663,0.0001753770629875362,663
658,0.0001753770629875362,658
673,0.0001753770629875362,673
2181,0.0001753770629875362,2181
1262,0.0001753770629875362,1262
1226,0.0001753770629875362,1226
1215,0.0001753770629875362,1215
2330,0.0001753770629875362,2330
1218,0.0001753770629875362,1218
1219,0.0001753770629875362,1219
700,0.0001753770629875362,700
1221,0.0001753770629875362,1221
694,0.0001753770629875362,694
1227,0.0001753770629875362,1227
50,0.0001753770629875362,50
690,0.0001753770629875362,690
688,0.0001753770629875362,688
1231,0.0001753770629875362,1231
684,0.0001753770629875362,684
680,0.0001753770629875362,680
2603,0.0001753770629875362,2603
2182,0.0001753770629875362,2182
2170,0.0001753770629875362,2170
2601,0.0001753770629875362,2601
1281,0.0001753770629875362,1281
649,0.0001753770629875362,649
1275,0.0001753770629875362,1275
646,0.0001753770629875362,646
1277,0.0001753770629875362,1277
1278,0.0001753770629875362,1278
1871,0.0001753770629875362,1871
64,0.0001753770629875362,64
626,0.0001753770629875362,626
2156,0.0001753770629875362,2156
1289,0.0001753770629875362,1289
617,0.0001753770629875362,617
1291,0.0001753770629875362,1291
2153,0.0001753770629875362,2153
614,0.0001753770629875362,614
1295,0.0001753770629875362,1295
2351,0.0001753770629875362,2351
2342,0.0001753770629875362,2342
1364,0.0001753770629875362,1364
2163,0.0001753770629875362,2163
652,0.0001753770629875362,652
61,0.0001753770629875362,61
59,0.0001753770629875362,59
1270,0.0001753770629875362,1270
2169,0.0001753770629875362,2169
1268,0.0001753770629875362,1268
656,0.0001753770629875362,656
2626,0.0,2626
1983,0.0,1983
2604,0.0,2604
2605,0.0,2605
1963,0.0,1963
1984,0.0,1984
1991,0.0,1991
2574,0.0,2574
2582,0.0,2582
2607,0.0,2607
2559,0.0,2559
1971,0.0,1971
2573,0.0,2573
1970,0.0,1970
2621,0.0,2621
2625,0.0,2625
2561,0.0,2561
1986,0.0,1986
2576,0.0,2576
2572,0.0,2572
2602,0.0,2602
2580,0.0,2580
1953,0.0,1953
1972,0.0,1972
1995,0.0,1995
1978,0.0,1978
1955,0.0,1955
2562,0.0,2562
1964,0.0,1964
2402,0.0,2402
1997,0.0,1997
2190,0.0,2190
2171,0.0,2171
2172,0.0,2172
2174,0.0,2174
2338,0.0,2338
2176,0.0,2176
2178,0.0,2178
2179,0.0,2179
2336,0.0,2336
2183,0.0,2183
2189,0.0,2189
2194,0.0,2194
2165,0.0,2165
2196,0.0,2196
2198,0.0,2198
2321,0.0,2321
2206,0.0,2206
2314,0.0,2314
2207,0.0,2207
2313,0.0,2313
2312,0.0,2312
2208,0.0,2208
2303,0.0,2303
2167,0.0,2167
2160,0.0,2160
2381,0.0,2381
2125,0.0,2125
2099,0.0,2099
2378,0.0,2378
2372,0.0,2372
2369,0.0,2369
2368,0.0,2368
2116,0.0,2116
2117,0.0,2117
2118,0.0,2118
2121,0.0,2121
2363,0.0,2363
2361,0.0,2361
2345,0.0,2345
2359,0.0,2359
2357,0.0,2357
2133,0.0,2133
2135,0.0,2135
2137,0.0,2137
2141,0.0,2141
2143,0.0,2143
2148,0.0,2148
2149,0.0,2149
2151,0.0,2151
2302,0.0,2302
2301,0.0,2301
2300,0.0,2300
2234,0.0,2234
2270,0.0,2270
2227,0.0,2227
2228,0.0,2228
2229,0.0,2229
2268,0.0,2268
2265,0.0,2265
2263,0.0,2263
2231,0.0,2231
2262,0.0,2262
2261,0.0,2261
2235,0.0,2235
2299,0.0,2299
2236,0.0,2236
2237,0.0,2237
2238,0.0,2238
2240,0.0,2240
2254,0.0,2254
2251,0.0,2251
2243,0.0,2243
2244,0.0,2244
1948,0.0,1948
2249,0.0,2249
2271,0.0,2271
2272,0.0,2272
2276,0.0,2276
2226,0.0,2226
2211,0.0,2211
2297,0.0,2297
2296,0.0,2296
2293,0.0,2293
2292,0.0,2292
2291,0.0,2291
2290,0.0,2290
2289,0.0,2289
2288,0.0,2288
2287,0.0,2287
2286,0.0,2286
2285,0.0,2285
2284,0.0,2284
2282,0.0,2282
2281,0.0,2281
2280,0.0,2280
2223,0.0,2223
2224,0.0,2224
2225,0.0,2225
2279,0.0,2279
2277,0.0,2277
2380,0.0,2380
2383,0.0,2383
1998,0.0,1998
2507,0.0,2507
2518,0.0,2518
2517,0.0,2517
2516,0.0,2516
2515,0.0,2515
2514,0.0,2514
2513,0.0,2513
2512,0.0,2512
2511,0.0,2511
2510,0.0,2510
2509,0.0,2509
2506,0.0,2506
2520,0.0,2520
2505,0.0,2505
2502,0.0,2502
2501,0.0,2501
2497,0.0,2497
2496,0.0,2496
2495,0.0,2495
2494,0.0,2494
2493,0.0,2493
2489,0.0,2489
2488,0.0,2488
2519,0.0,2519
2521,0.0,2521
2093,0.0,2093
2007,0.0,2007
2557,0.0,2557
2555,0.0,2555
2551,0.0,2551
2549,0.0,2549
2543,0.0,2543
2540,0.0,2540
2538,0.0,2538
2537,0.0,2537
2536,0.0,2536
2535,0.0,2535
2534,0.0,2534
2522,0.0,2522
2533,0.0,2533
2532,0.0,2532
2531,0.0,2531
2530,0.0,2530
2529,0.0,2529
2528,0.0,2528
2527,0.0,2527
2526,0.0,2526
2525,0.0,2525
2524,0.0,2524
2483,0.0,2483
2482,0.0,2482
2480,0.0,2480
2066,0.0,2066
2052,0.0,2052
2053,0.0,2053
2055,0.0,2055
2404,0.0,2404
2058,0.0,2058
2403,0.0,2403
2060,0.0,2060
2062,0.0,2062
2247,0.0,2247
2064,0.0,2064
2070,0.0,2070
2019,0.0,2019
2391,0.0,2391
2390,0.0,2390
2074,0.0,2074
2387,0.0,2387
2083,0.0,2083
2084,0.0,2084
2085,0.0,2085
2086,0.0,2086
2386,0.0,2386
2385,0.0,2385
2051,0.0,2051
2411,0.0,2411
2048,0.0,2048
2044,0.0,2044
2478,0.0,2478
2468,0.0,2468
2466,0.0,2466
2024,0.0,2024
2461,0.0,2461
2460,0.0,2460
2458,0.0,2458
2452,0.0,2452
2450,0.0,2450
2026,0.0,2026
2445,0.0,2445
2443,0.0,2443
2441,0.0,2441
2431,0.0,2431
2426,0.0,2426
2424,0.0,2424
2032,0.0,2032
2422,0.0,2422
2420,0.0,2420
2039,0.0,2039
2041,0.0,2041
2250,0.0,2250
0,0.0,0
1947,0.0,1947
509,0.0,509
531,0.0,531
530,0.0,530
527,0.0,527
520,0.0,520
518,0.0,518
517,0.0,517
512,0.0,512
510,0.0,510
506,0.0,506
485,0.0,485
503,0.0,503
501,0.0,501
499,0.0,499
498,0.0,498
496,0.0,496
495,0.0,495
494,0.0,494
492,0.0,492
532,0.0,532
534,0.0,534
536,0.0,536
538,0.0,538
570,0.0,570
569,0.0,569
568,0.0,568
565,0.0,565
563,0.0,563
561,0.0,561
559,0.0,559
557,0.0,557
554,0.0,554
553,0.0,553
551,0.0,551
548,0.0,548
547,0.0,547
545,0.0,545
543,0.0,543
541,0.0,541
539,0.0,539
487,0.0,487
484,0.0,484
1945,0.0,1945
346,0.0,346
368,0.0,368
366,0.0,366
356,0.0,356
353,0.0,353
350,0.0,350
349,0.0,349
348,0.0,348
347,0.0,347
344,0.0,344
476,0.0,476
343,0.0,343
342,0.0,342
341,0.0,341
340,0.0,340
338,0.0,338
336,0.0,336
335,0.0,335
334,0.0,334
369,0.0,369
374,0.0,374
387,0.0,387
398,0.0,398
472,0.0,472
469,0.0,469
460,0.0,460
457,0.0,457
455,0.0,455
449,0.0,449
447,0.0,447
435,0.0,435
432,0.0,432
430,0.0,430
422,0.0,422
419,0.0,419
409,0.0,409
407,0.0,407
403,0.0,403
401,0.0,401
399,0.0,399
571,0.0,571
572,0.0,572
573,0.0,573
739,0.0,739
754,0.0,754
753,0.0,753
751,0.0,751
750,0.0,750
749,0.0,749
746,0.0,746
745,0.0,745
741,0.0,741
738,0.0,738
574,0.0,574
737,0.0,737
725,0.0,725
723,0.0,723
722,0.0,722
721,0.0,721
720,0.0,720
711,0.0,711
708,0.0,708
756,0.0,756
759,0.0,759
760,0.0,760
762,0.0,762
797,0.0,797
792,0.0,792
791,0.0,791
789,0.0,789
786,0.0,786
784,0.0,784
782,0.0,782
780,0.0,780
777,0.0,777
774,0.0,774
773,0.0,773
772,0.0,772
770,0.0,770
769,0.0,769
768,0.0,768
767,0.0,767
765,0.0,765
703,0.0,703
699,0.0,699
698,0.0,698
608,0.0,608
605,0.0,605
603,0.0,603
600,0.0,600
599,0.0,599
598,0.0,598
597,0.0,597
596,0.0,596
593,0.0,593
590,0.0,590
589,0.0,589
588,0.0,588
585,0.0,585
584,0.0,584
582,0.0,582
579,0.0,579
578,0.0,578
577,0.0,577
606,0.0,606
610,0.0,610
689,0.0,689
611,0.0,611
686,0.0,686
685,0.0,685
676,0.0,676
674,0.0,674
668,0.0,668
660,0.0,660
659,0.0,659
653,0.0,653
647,0.0,647
643,0.0,643
638,0.0,638
637,0.0,637
628,0.0,628
625,0.0,625
624,0.0,624
622,0.0,622
612,0.0,612
333,0.0,333
332,0.0,332
331,0.0,331
153,0.0,153
171,0.0,171
170,0.0,170
166,0.0,166
165,0.0,165
162,0.0,162
161,0.0,161
159,0.0,159
155,0.0,155
147,0.0,147
219,0.0,219
145,0.0,145
143,0.0,143
136,0.0,136
129,0.0,129
120,0.0,120
115,0.0,115
113,0.0,113
105,0.0,105
173,0.0,173
174,0.0,174
180,0.0,180
182,0.0,182
217,0.0,217
216,0.0,216
214,0.0,214
212,0.0,212
208,0.0,208
206,0.0,206
204,0.0,204
202,0.0,202
201,0.0,201
200,0.0,200
199,0.0,199
197,0.0,197
195,0.0,195
191,0.0,191
189,0.0,189
185,0.0,185
183,0.0,183
96,0.0,96
93,0.0,93
92,0.0,92
42,0.0,42
38,0.0,38
34,0.0,34
27,0.0,27
24,0.0,24
23,0.0,23
21,0.0,21
19,0.0,19
18,0.0,18
17,0.0,17
14,0.0,14
12,0.0,12
11,0.0,11
8,0.0,8
6,0.0,6
4,0.0,4
3,0.0,3
2,0.0,2
39,0.0,39
43,0.0,43
90,0.0,90
44,0.0,44
82,0.0,82
79,0.0,79
75,0.0,75
74,0.0,74
73,0.0,73
71,0.0,71
70,0.0,70
67,0.0,67
66,0.0,66
65,0.0,65
60,0.0,60
57,0.0,57
56,0.0,56
49,0.0,49
48,0.0,48
46,0.0,46
45,0.0,45
218,0.0,218
220,0.0,220
329,0.0,329
285,0.0,285
295,0.0,295
294,0.0,294
292,0.0,292
290,0.0,290
289,0.0,289
288,0.0,288
287,0.0,287
286,0.0,286
283,0.0,283
221,0.0,221
282,0.0,282
281,0.0,281
280,0.0,280
279,0.0,279
277,0.0,277
276,0.0,276
275,0.0,275
273,0.0,273
296,0.0,296
297,0.0,297
298,0.0,298
299,0.0,299
325,0.0,325
324,0.0,324
323,0.0,323
321,0.0,321
320,0.0,320
319,0.0,319
318,0.0,318
317,0.0,317
316,0.0,316
314,0.0,314
311,0.0,311
305,0.0,305
304,0.0,304
303,0.0,303
302,0.0,302
301,0.0,301
300,0.0,300
272,0.0,272
271,0.0,271
270,0.0,270
245,0.0,245
243,0.0,243
242,0.0,242
241,0.0,241
240,0.0,240
239,0.0,239
238,0.0,238
237,0.0,237
235,0.0,235
234,0.0,234
233,0.0,233
229,0.0,229
228,0.0,228
226,0.0,226
225,0.0,225
224,0.0,224
223,0.0,223
222,0.0,222
244,0.0,244
246,0.0,246
268,0.0,268
248,0.0,248
267,0.0,267
266,0.0,266
265,0.0,265
264,0.0,264
262,0.0,262
261,0.0,261
260,0.0,260
259,0.0,259
258,0.0,258
257,0.0,257
256,0.0,256
255,0.0,255
254,0.0,254
253,0.0,253
252,0.0,252
251,0.0,251
250,0.0,250
798,0.0,798
807,0.0,807
808,0.0,808
1459,0.0,1459
1480,0.0,1480
1477,0.0,1477
1475,0.0,1475
1474,0.0,1474
1472,0.0,1472
1468,0.0,1468
1466,0.0,1466
1462,0.0,1462
1457,0.0,1457
1533,0.0,1533
1456,0.0,1456
1453,0.0,1453
1451,0.0,1451
1445,0.0,1445
1442,0.0,1442
1440,0.0,1440
1438,0.0,1438
1436,0.0,1436
1482,0.0,1482
1484,0.0,1484
1485,0.0,1485
1486,0.0,1486
1531,0.0,1531
1527,0.0,1527
1522,0.0,1522
1521,0.0,1521
1519,0.0,1519
1514,0.0,1514
1511,0.0,1511
1510,0.0,1510
1509,0.0,1509
1508,0.0,1508
1503,0.0,1503
1500,0.0,1500
1499,0.0,1499
1498,0.0,1498
1493,0.0,1493
1489,0.0,1489
1487,0.0,1487
1435,0.0,1435
1434,0.0,1434
1433,0.0,1433
1389,0.0,1389
1387,0.0,1387
1385,0.0,1385
1382,0.0,1382
1381,0.0,1381
1380,0.0,1380
1379,0.0,1379
1377,0.0,1377
1375,0.0,1375
1373,0.0,1373
1371,0.0,1371
1370,0.0,1370
1369,0.0,1369
1366,0.0,1366
1365,0.0,1365
1356,0.0,1356
1355,0.0,1355
1354,0.0,1354
1388,0.0,1388
1391,0.0,1391
1430,0.0,1430
1393,0.0,1393
1429,0.0,1429
1427,0.0,1427
1426,0.0,1426
1425,0.0,1425
1424,0.0,1424
1423,0.0,1423
1422,0.0,1422
1421,0.0,1421
1419,0.0,1419
1416,0.0,1416
1415,0.0,1415
1414,0.0,1414
1408,0.0,1408
1404,0.0,1404
1403,0.0,1403
1402,0.0,1402
1396,0.0,1396
1532,0.0,1532
1534,0.0,1534
1352,0.0,1352
1851,0.0,1851
1880,0.0,1880
1876,0.0,1876
1873,0.0,1873
1872,0.0,1872
1865,0.0,1865
1864,0.0,1864
1861,0.0,1861
1859,0.0,1859
1841,0.0,1841
1537,0.0,1537
1834,0.0,1834
1833,0.0,1833
1832,0.0,1832
1825,0.0,1825
1801,0.0,1801
1797,0.0,1797
1796,0.0,1796
1794,0.0,1794
1888,0.0,1888
1889,0.0,1889
1892,0.0,1892
1893,0.0,1893
1936,0.0,1936
1934,0.0,1934
1931,0.0,1931
1925,0.0,1925
1924,0.0,1924
1923,0.0,1923
1918,0.0,1918
1914,0.0,1914
1913,0.0,1913
1911,0.0,1911
1910,0.0,1910
1909,0.0,1909
1901,0.0,1901
1900,0.0,1900
1899,0.0,1899
1898,0.0,1898
1894,0.0,1894
1793,0.0,1793
1792,0.0,1792
1764,0.0,1764
1667,0.0,1667
1659,0.0,1659
1656,0.0,1656
1652,0.0,1652
1637,0.0,1637
1631,0.0,1631
1623,0.0,1623
1622,0.0,1622
1619,0.0,1619
1617,0.0,1617
1612,0.0,1612
1600,0.0,1600
1594,0.0,1594
1586,0.0,1586
1579,0.0,1579
1577,0.0,1577
1565,0.0,1565
1555,0.0,1555
1663,0.0,1663
1668,0.0,1668
1760,0.0,1760
1675,0.0,1675
1758,0.0,1758
1757,0.0,1757
1751,0.0,1751
1741,0.0,1741
1740,0.0,1740
1739,0.0,1739
1733,0.0,1733
1729,0.0,1729
1718,0.0,1718
1714,0.0,1714
1710,0.0,1710
1709,0.0,1709
1706,0.0,1706
1702,0.0,1702
1697,0.0,1697
1693,0.0,1693
1685,0.0,1685
1353,0.0,1353
1350,0.0,1350
813,0.0,813
1023,0.0,1023
1074,0.0,1074
1072,0.0,1072
1069,0.0,1069
1062,0.0,1062
1050,0.0,1050
1048,0.0,1048
1035,0.0,1035
1025,0.0,1025
1022,0.0,1022
1187,0.0,1187
1018,0.0,1018
1017,0.0,1017
1016,0.0,1016
1012,0.0,1012
1004,0.0,1004
1003,0.0,1003
1002,0.0,1002
998,0.0,998
1085,0.0,1085
1090,0.0,1090
1091,0.0,1091
1092,0.0,1092
1182,0.0,1182
1172,0.0,1172
1167,0.0,1167
1159,0.0,1159
1150,0.0,1150
1144,0.0,1144
1141,0.0,1141
1140,0.0,1140
1136,0.0,1136
1129,0.0,1129
1127,0.0,1127
1126,0.0,1126
1122,0.0,1122
1117,0.0,1117
1105,0.0,1105
1096,0.0,1096
1094,0.0,1094
996,0.0,996
985,0.0,985
983,0.0,983
894,0.0,894
879,0.0,879
870,0.0,870
868,0.0,868
864,0.0,864
860,0.0,860
858,0.0,858
851,0.0,851
846,0.0,846
844,0.0,844
843,0.0,843
841,0.0,841
829,0.0,829
828,0.0,828
827,0.0,827
825,0.0,825
820,0.0,820
819,0.0,819
891,0.0,891
903,0.0,903
981,0.0,981
905,0.0,905
978,0.0,978
974,0.0,974
963,0.0,963
962,0.0,962
961,0.0,961
960,0.0,960
959,0.0,959
949,0.0,949
947,0.0,947
945,0.0,945
937,0.0,937
936,0.0,936
928,0.0,928
925,0.0,925
924,0.0,924
920,0.0,920
910,0.0,910
1183,0.0,1183
1198,0.0,1198
1346,0.0,1346
1298,0.0,1298
1312,0.0,1312
1310,0.0,1310
1307,0.0,1307
1306,0.0,1306
1305,0.0,1305
1304,0.0,1304
1303,0.0,1303
1301,0.0,1301
1297,0.0,1297
1199,0.0,1199
1293,0.0,1293
1292,0.0,1292
1290,0.0,1290
1288,0.0,1288
1287,0.0,1287
1286,0.0,1286
1282,0.0,1282
1280,0.0,1280
1,0.0,1
1315,0.0,1315
1316,0.0,1316
1318,0.0,1318
1345,0.0,1345
1342,0.0,1342
1341,0.0,1341
1339,0.0,1339
1338,0.0,1338
1337,0.0,1337
1335,0.0,1335
1334,0.0,1334
1329,0.0,1329
1328,0.0,1328
1327,0.0,1327
1325,0.0,1325
1324,0.0,1324
1323,0.0,1323
1321,0.0,1321
1320,0.0,1320
1319,0.0,1319
1279,0.0,1279
1276,0.0,1276
1274,0.0,1274
1235,0.0,1235
1233,0.0,1233
1230,0.0,1230
1225,0.0,1225
1224,0.0,1224
1223,0.0,1223
1222,0.0,1222
1220,0.0,1220
1217,0.0,1217
1216,0.0,1216
1214,0.0,1214
1213,0.0,1213
1212,0.0,1212
1208,0.0,1208
1207,0.0,1207
1203,0.0,1203
1202,0.0,1202
1200,0.0,1200
1234,0.0,1234
1236,0.0,1236
1272,0.0,1272
1238,0.0,1238
1271,0.0,1271
1267,0.0,1267
1266,0.0,1266
1265,0.0,1265
1264,0.0,1264
1263,0.0,1263
1261,0.0,1261
1255,0.0,1255
1253,0.0,1253
1252,0.0,1252
1251,0.0,1251
1250,0.0,1250
1245,0.0,1245
1244,0.0,1244
1243,0.0,1243
1240,0.0,1240
1239,0.0,1239
1314,0.0,1314
