virtual_date,ith_workday,s_date,ith_workday_r,spring_distance,ld_distance,nd_distance,ny_distance,ny_distance2
2012-12-31,0.0,2011-12-31,,343,244,91,365,-1
2013-01-01,-1.0,2012-01-01,-1.0,-40,-120,-273,0,-365
2013-01-02,-1.0,2012-01-02,-1.0,-39,-119,-272,1,-364
2013-01-03,-1.0,2012-01-03,-1.0,-38,-118,-271,2,-363
2013-01-04,1.0,2012-01-04,8.0,-37,-117,-270,3,-362
2013-01-05,2.0,2012-01-05,7.0,-36,-116,-269,4,-361
2013-01-06,3.0,2012-01-06,6.0,-35,-115,-268,5,-360
2013-01-07,4.0,2012-01-07,5.0,-34,-114,-267,6,-359
2013-01-08,5.0,2012-01-08,4.0,-33,-113,-266,7,-358
2013-01-09,6.0,2012-01-09,3.0,-32,-112,-265,8,-357
2013-01-10,7.0,2012-01-10,2.0,-31,-111,-264,9,-356
2013-01-11,8.0,2012-01-11,1.0,-30,-110,-263,10,-355
2013-01-12,-1.0,2012-01-12,-1.0,-29,-109,-262,11,-354
2013-01-13,-1.0,2012-01-13,-1.0,-28,-108,-261,12,-353
2013-01-14,1.0,2012-01-14,5.0,-27,-107,-260,13,-352
2013-01-15,2.0,2012-01-15,4.0,-26,-106,-259,14,-351
2013-01-16,3.0,2012-01-16,3.0,-25,-105,-258,15,-350
2013-01-17,4.0,2012-01-17,2.0,-24,-104,-257,16,-349
2013-01-18,5.0,2012-01-18,1.0,-23,-103,-256,17,-348
2013-01-19,-1.0,2012-01-19,-1.0,-22,-102,-255,18,-347
2013-01-20,-1.0,2012-01-20,-1.0,-21,-101,-254,19,-346
2013-01-21,1.0,2012-01-21,5.0,-20,-100,-253,20,-345
2013-01-22,2.0,2012-01-22,4.0,-19,-99,-252,21,-344
2013-01-23,3.0,2012-01-23,3.0,-18,-98,-251,22,-343
2013-01-24,4.0,2012-01-24,2.0,-17,-97,-250,23,-342
2013-01-25,5.0,2012-01-25,1.0,-16,-96,-249,24,-341
2013-01-26,-1.0,2012-01-26,-1.0,-15,-95,-248,25,-340
2013-01-27,-1.0,2012-01-27,-1.0,-14,-94,-247,26,-339
2013-01-28,1.0,2012-01-28,5.0,-13,-93,-246,27,-338
2013-01-29,2.0,2012-01-29,4.0,-12,-92,-245,28,-337
2013-01-30,3.0,2012-01-30,3.0,-11,-91,-244,29,-336
2013-01-31,4.0,2012-01-31,2.0,-10,-90,-243,30,-335
2013-02-01,5.0,2012-02-01,1.0,-9,-89,-242,31,-334
2013-02-02,-1.0,2012-02-02,-1.0,-8,-88,-241,32,-333
2013-02-03,-1.0,2012-02-03,-1.0,-7,-87,-240,33,-332
2013-02-04,1.0,2012-02-04,5.0,-6,-86,-239,34,-331
2013-02-05,2.0,2012-02-05,4.0,-5,-85,-238,35,-330
2013-02-06,3.0,2012-02-06,3.0,-4,-84,-237,36,-329
2013-02-07,4.0,2012-02-07,2.0,-3,-83,-236,37,-328
2013-02-08,5.0,2012-02-08,1.0,-2,-82,-235,38,-327
2013-02-09,-1.0,2012-02-09,-1.0,-1,-81,-234,39,-326
2013-02-10,-1.0,2012-02-10,-1.0,0,-80,-233,40,-325
2013-02-11,-1.0,2012-02-11,-1.0,1,-79,-232,41,-324
2013-02-12,-1.0,2012-02-12,-1.0,2,-78,-231,42,-323
2013-02-13,-1.0,2012-02-13,-1.0,3,-77,-230,43,-322
2013-02-14,-1.0,2012-02-14,-1.0,4,-76,-229,44,-321
2013-02-15,-1.0,2012-02-15,-1.0,5,-75,-228,45,-320
2013-02-16,1.0,2012-02-16,7.0,6,-74,-227,46,-319
2013-02-17,2.0,2012-02-17,6.0,7,-73,-226,47,-318
2013-02-18,3.0,2012-02-18,5.0,8,-72,-225,48,-317
2013-02-19,4.0,2012-02-19,4.0,9,-71,-224,49,-316
2013-02-20,5.0,2012-02-20,3.0,10,-70,-223,50,-315
2013-02-21,6.0,2012-02-21,2.0,11,-69,-222,51,-314
2013-02-22,7.0,2012-02-22,1.0,12,-68,-221,52,-313
2013-02-23,-1.0,2012-02-23,-1.0,13,-67,-220,53,-312
2013-02-24,-1.0,2012-02-24,-1.0,14,-66,-219,54,-311
2013-02-25,1.0,2012-02-25,5.0,15,-65,-218,55,-310
2013-02-26,2.0,2012-02-26,4.0,16,-64,-217,56,-309
2013-02-27,3.0,2012-02-27,3.0,17,-63,-216,57,-308
2013-02-28,4.0,2012-02-28,2.0,18,-62,-215,58,-307
2013-03-01,5.0,2012-03-01,1.0,19,-61,-214,59,-306
2013-03-02,-1.0,2012-03-02,-1.0,20,-60,-213,60,-305
2013-03-03,-1.0,2012-03-03,-1.0,21,-59,-212,61,-304
2013-03-04,1.0,2012-03-04,5.0,22,-58,-211,62,-303
2013-03-05,2.0,2012-03-05,4.0,23,-57,-210,63,-302
2013-03-06,3.0,2012-03-06,3.0,24,-56,-209,64,-301
2013-03-07,4.0,2012-03-07,2.0,25,-55,-208,65,-300
2013-03-08,5.0,2012-03-08,1.0,26,-54,-207,66,-299
2013-03-09,-1.0,2012-03-09,-1.0,27,-53,-206,67,-298
2013-03-10,-1.0,2012-03-10,-1.0,28,-52,-205,68,-297
2013-03-11,1.0,2012-03-11,5.0,29,-51,-204,69,-296
2013-03-12,2.0,2012-03-12,4.0,30,-50,-203,70,-295
2013-03-13,3.0,2012-03-13,3.0,31,-49,-202,71,-294
2013-03-14,4.0,2012-03-14,2.0,32,-48,-201,72,-293
2013-03-15,5.0,2012-03-15,1.0,33,-47,-200,73,-292
2013-03-16,-1.0,2012-03-16,-1.0,34,-46,-199,74,-291
2013-03-17,-1.0,2012-03-17,-1.0,35,-45,-198,75,-290
2013-03-18,1.0,2012-03-18,5.0,36,-44,-197,76,-289
2013-03-19,2.0,2012-03-19,4.0,37,-43,-196,77,-288
2013-03-20,3.0,2012-03-20,3.0,38,-42,-195,78,-287
2013-03-21,4.0,2012-03-21,2.0,39,-41,-194,79,-286
2013-03-22,5.0,2012-03-22,1.0,40,-40,-193,80,-285
2013-03-23,-1.0,2012-03-23,-1.0,41,-39,-192,81,-284
2013-03-24,-1.0,2012-03-24,-1.0,42,-38,-191,82,-283
2013-03-25,1.0,2012-03-25,5.0,43,-37,-190,83,-282
2013-03-26,2.0,2012-03-26,4.0,44,-36,-189,84,-281
2013-03-27,3.0,2012-03-27,3.0,45,-35,-188,85,-280
2013-03-28,4.0,2012-03-28,2.0,46,-34,-187,86,-279
2013-03-29,5.0,2012-03-29,1.0,47,-33,-186,87,-278
2013-03-30,-1.0,2012-03-30,-1.0,48,-32,-185,88,-277
2013-03-31,-1.0,2012-03-31,-1.0,49,-31,-184,89,-276
2013-04-01,1.0,2012-04-01,3.0,50,-30,-183,90,-275
2013-04-02,2.0,2012-04-02,2.0,51,-29,-182,91,-274
2013-04-03,3.0,2012-04-03,1.0,52,-28,-181,92,-273
2013-04-04,-1.0,2012-04-04,-1.0,53,-27,-180,93,-272
2013-04-05,-1.0,2012-04-05,-1.0,54,-26,-179,94,-271
2013-04-06,-1.0,2012-04-06,-1.0,55,-25,-178,95,-270
2013-04-07,1.0,2012-04-07,6.0,56,-24,-177,96,-269
2013-04-08,2.0,2012-04-08,5.0,57,-23,-176,97,-268
2013-04-09,3.0,2012-04-09,4.0,58,-22,-175,98,-267
2013-04-10,4.0,2012-04-10,3.0,59,-21,-174,99,-266
2013-04-11,5.0,2012-04-11,2.0,60,-20,-173,100,-265
2013-04-12,6.0,2012-04-12,1.0,61,-19,-172,101,-264
2013-04-13,-1.0,2012-04-13,-1.0,62,-18,-171,102,-263
2013-04-14,-1.0,2012-04-14,-1.0,63,-17,-170,103,-262
2013-04-15,1.0,2012-04-15,5.0,64,-16,-169,104,-261
2013-04-16,2.0,2012-04-16,4.0,65,-15,-168,105,-260
2013-04-17,3.0,2012-04-17,3.0,66,-14,-167,106,-259
2013-04-18,4.0,2012-04-18,2.0,67,-13,-166,107,-258
2013-04-19,5.0,2012-04-19,1.0,68,-12,-165,108,-257
2013-04-20,-1.0,2012-04-20,-1.0,69,-11,-164,109,-256
2013-04-21,-1.0,2012-04-21,-1.0,70,-10,-163,110,-255
2013-04-22,1.0,2012-04-22,7.0,71,-9,-162,111,-254
2013-04-23,2.0,2012-04-23,6.0,72,-8,-161,112,-253
2013-04-24,3.0,2012-04-24,5.0,73,-7,-160,113,-252
2013-04-25,4.0,2012-04-25,4.0,74,-6,-159,114,-251
2013-04-26,5.0,2012-04-26,3.0,75,-5,-158,115,-250
2013-04-27,6.0,2012-04-27,2.0,76,-4,-157,116,-249
2013-04-28,7.0,2012-04-28,1.0,77,-3,-156,117,-248
2013-04-29,-1.0,2012-04-29,-1.0,78,-2,-155,118,-247
2013-04-30,-1.0,2012-04-30,-1.0,79,-1,-154,119,-246
2013-05-01,-1.0,2012-05-01,-1.0,80,0,-153,120,-245
2013-05-02,1.0,2012-05-02,2.0,81,1,-152,121,-244
2013-05-03,2.0,2012-05-03,1.0,82,2,-151,122,-243
2013-05-04,-1.0,2012-05-04,-1.0,83,3,-150,123,-242
2013-05-05,-1.0,2012-05-05,-1.0,84,4,-149,124,-241
2013-05-06,1.0,2012-05-06,5.0,85,5,-148,125,-240
2013-05-07,2.0,2012-05-07,4.0,86,6,-147,126,-239
2013-05-08,3.0,2012-05-08,3.0,87,7,-146,127,-238
2013-05-09,4.0,2012-05-09,2.0,88,8,-145,128,-237
2013-05-10,5.0,2012-05-10,1.0,89,9,-144,129,-236
2013-05-11,-1.0,2012-05-11,-1.0,90,10,-143,130,-235
2013-05-12,-1.0,2012-05-12,-1.0,91,11,-142,131,-234
2013-05-13,1.0,2012-05-13,5.0,92,12,-141,132,-233
2013-05-14,2.0,2012-05-14,4.0,93,13,-140,133,-232
2013-05-15,3.0,2012-05-15,3.0,94,14,-139,134,-231
2013-05-16,4.0,2012-05-16,2.0,95,15,-138,135,-230
2013-05-17,5.0,2012-05-17,1.0,96,16,-137,136,-229
2013-05-18,-1.0,2012-05-18,-1.0,97,17,-136,137,-228
2013-05-19,-1.0,2012-05-19,-1.0,98,18,-135,138,-227
2013-05-20,1.0,2012-05-20,5.0,99,19,-134,139,-226
2013-05-21,2.0,2012-05-21,4.0,100,20,-133,140,-225
2013-05-22,3.0,2012-05-22,3.0,101,21,-132,141,-224
2013-05-23,4.0,2012-05-23,2.0,102,22,-131,142,-223
2013-05-24,5.0,2012-05-24,1.0,103,23,-130,143,-222
2013-05-25,-1.0,2012-05-25,-1.0,104,24,-129,144,-221
2013-05-26,-1.0,2012-05-26,-1.0,105,25,-128,145,-220
2013-05-27,1.0,2012-05-27,5.0,106,26,-127,146,-219
2013-05-28,2.0,2012-05-28,4.0,107,27,-126,147,-218
2013-05-29,3.0,2012-05-29,3.0,108,28,-125,148,-217
2013-05-30,4.0,2012-05-30,2.0,109,29,-124,149,-216
2013-05-31,5.0,2012-05-31,1.0,110,30,-123,150,-215
2013-06-01,-1.0,2012-06-01,-1.0,111,31,-122,151,-214
2013-06-02,-1.0,2012-06-02,-1.0,112,32,-121,152,-213
2013-06-03,1.0,2012-06-03,7.0,113,33,-120,153,-212
2013-06-04,2.0,2012-06-04,6.0,114,34,-119,154,-211
2013-06-05,3.0,2012-06-05,5.0,115,35,-118,155,-210
2013-06-06,4.0,2012-06-06,4.0,116,36,-117,156,-209
2013-06-07,5.0,2012-06-07,3.0,117,37,-116,157,-208
2013-06-08,6.0,2012-06-08,2.0,118,38,-115,158,-207
2013-06-09,7.0,2012-06-09,1.0,119,39,-114,159,-206
2013-06-10,-1.0,2012-06-10,-1.0,120,40,-113,160,-205
2013-06-11,-1.0,2012-06-11,-1.0,121,41,-112,161,-204
2013-06-12,-1.0,2012-06-12,-1.0,122,42,-111,162,-203
2013-06-13,1.0,2012-06-13,2.0,123,43,-110,163,-202
2013-06-14,2.0,2012-06-14,1.0,124,44,-109,164,-201
2013-06-15,-1.0,2012-06-15,-1.0,125,45,-108,165,-200
2013-06-16,-1.0,2012-06-16,-1.0,126,46,-107,166,-199
2013-06-17,1.0,2012-06-17,5.0,127,47,-106,167,-198
2013-06-18,2.0,2012-06-18,4.0,128,48,-105,168,-197
2013-06-19,3.0,2012-06-19,3.0,129,49,-104,169,-196
2013-06-20,4.0,2012-06-20,2.0,130,50,-103,170,-195
2013-06-21,5.0,2012-06-21,1.0,131,51,-102,171,-194
2013-06-22,-1.0,2012-06-22,-1.0,132,52,-101,172,-193
2013-06-23,-1.0,2012-06-23,-1.0,133,53,-100,173,-192
2013-06-24,1.0,2012-06-24,5.0,134,54,-99,174,-191
2013-06-25,2.0,2012-06-25,4.0,135,55,-98,175,-190
2013-06-26,3.0,2012-06-26,3.0,136,56,-97,176,-189
2013-06-27,4.0,2012-06-27,2.0,137,57,-96,177,-188
2013-06-28,5.0,2012-06-28,1.0,138,58,-95,178,-187
2013-06-29,-1.0,2012-06-29,-1.0,139,59,-94,179,-186
2013-06-30,-1.0,2012-06-30,-1.0,140,60,-93,180,-185
2013-07-01,1.0,2012-07-01,5.0,141,61,-92,181,-184
2013-07-02,2.0,2012-07-02,4.0,142,62,-91,182,-183
2013-07-03,3.0,2012-07-03,3.0,143,63,-90,183,-182
2013-07-04,4.0,2012-07-04,2.0,144,64,-89,184,-181
2013-07-05,5.0,2012-07-05,1.0,145,65,-88,185,-180
2013-07-06,-1.0,2012-07-06,-1.0,146,66,-87,186,-179
2013-07-07,-1.0,2012-07-07,-1.0,147,67,-86,187,-178
2013-07-08,1.0,2012-07-08,5.0,148,68,-85,188,-177
2013-07-09,2.0,2012-07-09,4.0,149,69,-84,189,-176
2013-07-10,3.0,2012-07-10,3.0,150,70,-83,190,-175
2013-07-11,4.0,2012-07-11,2.0,151,71,-82,191,-174
2013-07-12,5.0,2012-07-12,1.0,152,72,-81,192,-173
2013-07-13,-1.0,2012-07-13,-1.0,153,73,-80,193,-172
2013-07-14,-1.0,2012-07-14,-1.0,154,74,-79,194,-171
2013-07-15,1.0,2012-07-15,5.0,155,75,-78,195,-170
2013-07-16,2.0,2012-07-16,4.0,156,76,-77,196,-169
2013-07-17,3.0,2012-07-17,3.0,157,77,-76,197,-168
2013-07-18,4.0,2012-07-18,2.0,158,78,-75,198,-167
2013-07-19,5.0,2012-07-19,1.0,159,79,-74,199,-166
2013-07-20,-1.0,2012-07-20,-1.0,160,80,-73,200,-165
2013-07-21,-1.0,2012-07-21,-1.0,161,81,-72,201,-164
2013-07-22,1.0,2012-07-22,5.0,162,82,-71,202,-163
2013-07-23,2.0,2012-07-23,4.0,163,83,-70,203,-162
2013-07-24,3.0,2012-07-24,3.0,164,84,-69,204,-161
2013-07-25,4.0,2012-07-25,2.0,165,85,-68,205,-160
2013-07-26,5.0,2012-07-26,1.0,166,86,-67,206,-159
2013-07-27,-1.0,2012-07-27,-1.0,167,87,-66,207,-158
2013-07-28,-1.0,2012-07-28,-1.0,168,88,-65,208,-157
2013-07-29,1.0,2012-07-29,5.0,169,89,-64,209,-156
2013-07-30,2.0,2012-07-30,4.0,170,90,-63,210,-155
2013-07-31,3.0,2012-07-31,3.0,171,91,-62,211,-154
2013-08-01,4.0,2012-08-01,2.0,172,92,-61,212,-153
2013-08-02,5.0,2012-08-02,1.0,173,93,-60,213,-152
2013-08-03,-1.0,2012-08-03,-1.0,174,94,-59,214,-151
2013-08-04,-1.0,2012-08-04,-1.0,175,95,-58,215,-150
2013-08-05,1.0,2012-08-05,5.0,176,96,-57,216,-149
2013-08-06,2.0,2012-08-06,4.0,177,97,-56,217,-148
2013-08-07,3.0,2012-08-07,3.0,178,98,-55,218,-147
2013-08-08,4.0,2012-08-08,2.0,179,99,-54,219,-146
2013-08-09,5.0,2012-08-09,1.0,180,100,-53,220,-145
2013-08-10,-1.0,2012-08-10,-1.0,181,101,-52,221,-144
2013-08-11,-1.0,2012-08-11,-1.0,182,102,-51,222,-143
2013-08-12,1.0,2012-08-12,5.0,183,103,-50,223,-142
2013-08-13,2.0,2012-08-13,4.0,184,104,-49,224,-141
2013-08-14,3.0,2012-08-14,3.0,185,105,-48,225,-140
2013-08-15,4.0,2012-08-15,2.0,186,106,-47,226,-139
2013-08-16,5.0,2012-08-16,1.0,187,107,-46,227,-138
2013-08-17,-1.0,2012-08-17,-1.0,188,108,-45,228,-137
2013-08-18,-1.0,2012-08-18,-1.0,189,109,-44,229,-136
2013-08-19,1.0,2012-08-19,5.0,190,110,-43,230,-135
2013-08-20,2.0,2012-08-20,4.0,191,111,-42,231,-134
2013-08-21,3.0,2012-08-21,3.0,192,112,-41,232,-133
2013-08-22,4.0,2012-08-22,2.0,193,113,-40,233,-132
2013-08-23,5.0,2012-08-23,1.0,194,114,-39,234,-131
2013-08-24,-1.0,2012-08-24,-1.0,195,115,-38,235,-130
2013-08-25,-1.0,2012-08-25,-1.0,196,116,-37,236,-129
2013-08-26,1.0,2012-08-26,5.0,197,117,-36,237,-128
2013-08-27,2.0,2012-08-27,4.0,198,118,-35,238,-127
2013-08-28,3.0,2012-08-28,3.0,199,119,-34,239,-126
2013-08-29,4.0,2012-08-29,2.0,200,120,-33,240,-125
2013-08-30,5.0,2012-08-30,1.0,201,121,-32,241,-124
2013-08-31,-1.0,2012-08-31,-1.0,202,122,-31,242,-123
2013-09-01,-1.0,2012-09-01,-1.0,203,123,-30,243,-122
2013-09-02,1.0,2012-09-02,5.0,204,124,-29,244,-121
2013-09-03,2.0,2012-09-03,4.0,205,125,-28,245,-120
2013-09-04,3.0,2012-09-04,3.0,206,126,-27,246,-119
2013-09-05,4.0,2012-09-05,2.0,207,127,-26,247,-118
2013-09-06,5.0,2012-09-06,1.0,208,128,-25,248,-117
2013-09-07,-1.0,2012-09-07,-1.0,209,129,-24,249,-116
2013-09-08,-1.0,2012-09-08,-1.0,210,130,-23,250,-115
2013-09-09,1.0,2012-09-09,5.0,211,131,-22,251,-114
2013-09-10,2.0,2012-09-10,4.0,212,132,-21,252,-113
2013-09-11,3.0,2012-09-11,3.0,213,133,-20,253,-112
2013-09-12,4.0,2012-09-12,2.0,214,134,-19,254,-111
2013-09-13,5.0,2012-09-13,1.0,215,135,-18,255,-110
2013-09-14,-1.0,2012-09-14,-1.0,216,136,-17,256,-109
2013-09-15,-1.0,2012-09-15,-1.0,217,137,-16,257,-108
2013-09-16,1.0,2012-09-16,3.0,218,138,-15,258,-107
2013-09-17,2.0,2012-09-17,2.0,219,139,-14,259,-106
2013-09-18,3.0,2012-09-18,1.0,220,140,-13,260,-105
2013-09-19,-1.0,2012-09-19,-1.0,221,141,-12,261,-104
2013-09-20,-1.0,2012-09-20,-1.0,222,142,-11,262,-103
2013-09-21,-1.0,2012-09-21,-1.0,223,143,-10,263,-102
2013-09-22,1.0,2012-09-22,6.0,224,144,-9,264,-101
2013-09-23,2.0,2012-09-23,5.0,225,145,-8,265,-100
2013-09-24,3.0,2012-09-24,4.0,226,146,-7,266,-99
2013-09-25,4.0,2012-09-25,3.0,227,147,-6,267,-98
2013-09-26,5.0,2012-09-26,2.0,228,148,-5,268,-97
2013-09-27,6.0,2012-09-27,1.0,229,149,-4,269,-96
2013-09-28,-1.0,2012-09-28,-1.0,230,150,-3,270,-95
2013-09-29,1.0,2012-09-29,2.0,231,151,-2,271,-94
2013-09-30,2.0,2012-09-30,1.0,232,152,-1,272,-93
2013-10-01,-1.0,2012-10-01,-1.0,233,153,0,273,-92
2013-10-02,-1.0,2012-10-02,-1.0,234,154,1,274,-91
2013-10-03,-1.0,2012-10-03,-1.0,235,155,2,275,-90
2013-10-04,-1.0,2012-10-04,-1.0,236,156,3,276,-89
2013-10-05,-1.0,2012-10-05,-1.0,237,157,4,277,-88
2013-10-06,-1.0,2012-10-06,-1.0,238,158,5,278,-87
2013-10-07,-1.0,2012-10-07,-1.0,239,159,6,279,-86
2013-10-08,1.0,2012-10-08,5.0,240,160,7,280,-85
2013-10-09,2.0,2012-10-09,4.0,241,161,8,281,-84
2013-10-10,3.0,2012-10-10,3.0,242,162,9,282,-83
2013-10-11,4.0,2012-10-11,2.0,243,163,10,283,-82
2013-10-12,5.0,2012-10-12,1.0,244,164,11,284,-81
2013-10-13,-1.0,2012-10-13,-1.0,245,165,12,285,-80
2013-10-14,1.0,2012-10-14,5.0,246,166,13,286,-79
2013-10-15,2.0,2012-10-15,4.0,247,167,14,287,-78
2013-10-16,3.0,2012-10-16,3.0,248,168,15,288,-77
2013-10-17,4.0,2012-10-17,2.0,249,169,16,289,-76
2013-10-18,5.0,2012-10-18,1.0,250,170,17,290,-75
2013-10-19,-1.0,2012-10-19,-1.0,251,171,18,291,-74
2013-10-20,-1.0,2012-10-20,-1.0,252,172,19,292,-73
2013-10-21,1.0,2012-10-21,5.0,253,173,20,293,-72
2013-10-22,2.0,2012-10-22,4.0,254,174,21,294,-71
2013-10-23,3.0,2012-10-23,3.0,255,175,22,295,-70
2013-10-24,4.0,2012-10-24,2.0,256,176,23,296,-69
2013-10-25,5.0,2012-10-25,1.0,257,177,24,297,-68
2013-10-26,-1.0,2012-10-26,-1.0,258,178,25,298,-67
2013-10-27,-1.0,2012-10-27,-1.0,259,179,26,299,-66
2013-10-28,1.0,2012-10-28,5.0,260,180,27,300,-65
2013-10-29,2.0,2012-10-29,4.0,261,181,28,301,-64
2013-10-30,3.0,2012-10-30,3.0,262,182,29,302,-63
2013-10-31,4.0,2012-10-31,2.0,263,183,30,303,-62
2013-11-01,5.0,2012-11-01,1.0,264,184,31,304,-61
2013-11-02,-1.0,2012-11-02,-1.0,265,185,32,305,-60
2013-11-03,-1.0,2012-11-03,-1.0,266,186,33,306,-59
2013-11-04,1.0,2012-11-04,5.0,267,187,34,307,-58
2013-11-05,2.0,2012-11-05,4.0,268,188,35,308,-57
2013-11-06,3.0,2012-11-06,3.0,269,189,36,309,-56
2013-11-07,4.0,2012-11-07,2.0,270,190,37,310,-55
2013-11-08,5.0,2012-11-08,1.0,271,191,38,311,-54
2013-11-09,-1.0,2012-11-09,-1.0,272,192,39,312,-53
2013-11-10,-1.0,2012-11-10,-1.0,273,193,40,313,-52
2013-11-11,1.0,2012-11-11,5.0,274,194,41,314,-51
2013-11-12,2.0,2012-11-12,4.0,275,195,42,315,-50
2013-11-13,3.0,2012-11-13,3.0,276,196,43,316,-49
2013-11-14,4.0,2012-11-14,2.0,277,197,44,317,-48
2013-11-15,5.0,2012-11-15,1.0,278,198,45,318,-47
2013-11-16,-1.0,2012-11-16,-1.0,279,199,46,319,-46
2013-11-17,-1.0,2012-11-17,-1.0,280,200,47,320,-45
2013-11-18,1.0,2012-11-18,5.0,281,201,48,321,-44
2013-11-19,2.0,2012-11-19,4.0,282,202,49,322,-43
2013-11-20,3.0,2012-11-20,3.0,283,203,50,323,-42
2013-11-21,4.0,2012-11-21,2.0,284,204,51,324,-41
2013-11-22,5.0,2012-11-22,1.0,285,205,52,325,-40
2013-11-23,-1.0,2012-11-23,-1.0,286,206,53,326,-39
2013-11-24,-1.0,2012-11-24,-1.0,287,207,54,327,-38
2013-11-25,1.0,2012-11-25,5.0,288,208,55,328,-37
2013-11-26,2.0,2012-11-26,4.0,289,209,56,329,-36
2013-11-27,3.0,2012-11-27,3.0,290,210,57,330,-35
2013-11-28,4.0,2012-11-28,2.0,291,211,58,331,-34
2013-11-29,5.0,2012-11-29,1.0,292,212,59,332,-33
2013-11-30,-1.0,2012-11-30,-1.0,293,213,60,333,-32
2013-12-01,-1.0,2012-12-01,-1.0,294,214,61,334,-31
2013-12-02,1.0,2012-12-02,5.0,295,215,62,335,-30
2013-12-03,2.0,2012-12-03,4.0,296,216,63,336,-29
2013-12-04,3.0,2012-12-04,3.0,297,217,64,337,-28
2013-12-05,4.0,2012-12-05,2.0,298,218,65,338,-27
2013-12-06,5.0,2012-12-06,1.0,299,219,66,339,-26
2013-12-07,-1.0,2012-12-07,-1.0,300,220,67,340,-25
2013-12-08,-1.0,2012-12-08,-1.0,301,221,68,341,-24
2013-12-09,1.0,2012-12-09,5.0,302,222,69,342,-23
2013-12-10,2.0,2012-12-10,4.0,303,223,70,343,-22
2013-12-11,3.0,2012-12-11,3.0,304,224,71,344,-21
2013-12-12,4.0,2012-12-12,2.0,305,225,72,345,-20
2013-12-13,5.0,2012-12-13,1.0,306,226,73,346,-19
2013-12-14,-1.0,2012-12-14,-1.0,307,227,74,347,-18
2013-12-15,-1.0,2012-12-15,-1.0,308,228,75,348,-17
2013-12-16,1.0,2012-12-16,5.0,309,229,76,349,-16
2013-12-17,2.0,2012-12-17,4.0,310,230,77,350,-15
2013-12-18,3.0,2012-12-18,3.0,311,231,78,351,-14
2013-12-19,4.0,2012-12-19,2.0,312,232,79,352,-13
2013-12-20,5.0,2012-12-20,1.0,313,233,80,353,-12
2013-12-21,-1.0,2012-12-21,-1.0,314,234,81,354,-11
2013-12-22,-1.0,2012-12-22,-1.0,315,235,82,355,-10
2013-12-23,1.0,2012-12-23,5.0,316,236,83,356,-9
2013-12-24,2.0,2012-12-24,4.0,317,237,84,357,-8
2013-12-25,3.0,2012-12-25,3.0,318,238,85,358,-7
2013-12-26,4.0,2012-12-26,2.0,319,239,86,359,-6
2013-12-27,5.0,2012-12-27,1.0,320,240,87,360,-5
2013-12-28,-1.0,2013-01-01,-1.0,321,241,88,361,-4
2013-12-29,-1.0,2013-01-01,-1.0,322,242,89,362,-3
2013-12-30,1.0,2012-12-30,2.0,323,243,90,363,-2
2013-12-31,2.0,2012-12-31,1.0,324,244,91,364,-1
2014-01-01,-1.0,2013-01-01,-1.0,-30,-120,-273,0,-365
2014-01-02,1.0,2013-01-04,2.0,-29,-119,-272,1,-364
2014-01-03,2.0,2013-01-05,1.0,-28,-118,-271,2,-363
2014-01-04,-1.0,2013-01-05,-1.0,-27,-117,-270,3,-362
2014-01-05,-1.0,2013-01-07,-1.0,-26,-116,-269,4,-361
2014-01-06,1.0,2013-01-08,5.0,-25,-115,-268,5,-360
2014-01-07,2.0,2013-01-09,4.0,-24,-114,-267,6,-359
2014-01-08,3.0,2013-01-10,3.0,-23,-113,-266,7,-358
2014-01-09,4.0,2013-01-11,2.0,-22,-112,-265,8,-357
2014-01-10,5.0,2013-01-12,1.0,-21,-111,-264,9,-356
2014-01-11,-1.0,2013-01-12,-1.0,-20,-110,-263,10,-355
2014-01-12,-1.0,2013-01-12,-1.0,-19,-109,-262,11,-354
2014-01-13,1.0,2013-01-14,5.0,-18,-108,-261,12,-353
2014-01-14,2.0,2013-01-15,4.0,-17,-107,-260,13,-352
2014-01-15,3.0,2013-01-16,3.0,-16,-106,-259,14,-351
2014-01-16,4.0,2013-01-17,2.0,-15,-105,-258,15,-350
2014-01-17,5.0,2013-01-18,1.0,-14,-104,-257,16,-349
2014-01-18,-1.0,2013-01-19,-1.0,-13,-103,-256,17,-348
2014-01-19,-1.0,2013-01-19,-1.0,-12,-102,-255,18,-347
2014-01-20,1.0,2013-01-21,5.0,-11,-101,-254,19,-346
2014-01-21,2.0,2013-01-22,4.0,-10,-100,-253,20,-345
2014-01-22,3.0,2013-01-23,3.0,-9,-99,-252,21,-344
2014-01-23,4.0,2013-01-24,2.0,-8,-98,-251,22,-343
2014-01-24,5.0,2013-01-25,1.0,-7,-97,-250,23,-342
2014-01-25,-1.0,2013-01-26,-1.0,-6,-96,-249,24,-341
2014-01-26,1.0,2013-01-28,5.0,-5,-95,-248,25,-340
2014-01-27,2.0,2013-01-29,4.0,-4,-94,-247,26,-339
2014-01-28,3.0,2013-01-30,3.0,-3,-93,-246,27,-338
2014-01-29,4.0,2013-01-31,2.0,-2,-92,-245,28,-337
2014-01-30,5.0,2013-02-01,1.0,-1,-91,-244,29,-336
2014-01-31,-1.0,2013-02-02,-1.0,0,-90,-243,30,-335
2014-02-01,-1.0,2013-02-02,-1.0,1,-89,-242,31,-334
2014-02-02,-1.0,2013-02-02,-1.0,2,-88,-241,32,-333
2014-02-03,-1.0,2013-02-03,-1.0,3,-87,-240,33,-332
2014-02-04,-1.0,2013-02-05,-1.0,4,-86,-239,34,-331
2014-02-05,-1.0,2013-02-07,-1.0,5,-85,-238,35,-330
2014-02-06,-1.0,2013-02-09,-1.0,6,-84,-237,36,-329
2014-02-07,1.0,2013-02-10,2.0,7,-83,-236,37,-328
2014-02-08,2.0,2013-02-11,1.0,8,-82,-235,38,-327
2014-02-09,-1.0,2013-02-09,-1.0,9,-81,-234,39,-326
2014-02-10,1.0,2013-02-10,5.0,10,-80,-233,40,-325
2014-02-11,2.0,2013-02-11,4.0,11,-79,-232,41,-324
2014-02-12,3.0,2013-02-12,3.0,12,-78,-231,42,-323
2014-02-13,4.0,2013-02-13,2.0,13,-77,-230,43,-322
2014-02-14,5.0,2013-02-14,1.0,14,-76,-229,44,-321
2014-02-15,-1.0,2013-02-15,-1.0,15,-75,-228,45,-320
2014-02-16,-1.0,2013-02-17,-1.0,16,-74,-227,46,-319
2014-02-17,1.0,2013-02-18,5.0,17,-73,-226,47,-318
2014-02-18,2.0,2013-02-19,4.0,18,-72,-225,48,-317
2014-02-19,3.0,2013-02-20,3.0,19,-71,-224,49,-316
2014-02-20,4.0,2013-02-21,2.0,20,-70,-223,50,-315
2014-02-21,5.0,2013-02-22,1.0,21,-69,-222,51,-314
2014-02-22,-1.0,2013-02-23,-1.0,22,-68,-221,52,-313
2014-02-23,-1.0,2013-02-23,-1.0,23,-67,-220,53,-312
2014-02-24,1.0,2013-02-25,5.0,24,-66,-219,54,-311
2014-02-25,2.0,2013-02-26,4.0,25,-65,-218,55,-310
2014-02-26,3.0,2013-02-27,3.0,26,-64,-217,56,-309
2014-02-27,4.0,2013-02-28,2.0,27,-63,-216,57,-308
2014-02-28,5.0,2013-03-01,1.0,28,-62,-215,58,-307
2014-03-01,-1.0,2013-03-02,-1.0,29,-61,-214,59,-306
2014-03-02,-1.0,2013-03-02,-1.0,30,-60,-213,60,-305
2014-03-03,1.0,2013-03-04,5.0,31,-59,-212,61,-304
2014-03-04,2.0,2013-03-05,4.0,32,-58,-211,62,-303
2014-03-05,3.0,2013-03-06,3.0,33,-57,-210,63,-302
2014-03-06,4.0,2013-03-07,2.0,34,-56,-209,64,-301
2014-03-07,5.0,2013-03-08,1.0,35,-55,-208,65,-300
2014-03-08,-1.0,2013-03-09,-1.0,36,-54,-207,66,-299
2014-03-09,-1.0,2013-03-09,-1.0,37,-53,-206,67,-298
2014-03-10,1.0,2013-03-11,5.0,38,-52,-205,68,-297
2014-03-11,2.0,2013-03-12,4.0,39,-51,-204,69,-296
2014-03-12,3.0,2013-03-13,3.0,40,-50,-203,70,-295
2014-03-13,4.0,2013-03-14,2.0,41,-49,-202,71,-294
2014-03-14,5.0,2013-03-15,1.0,42,-48,-201,72,-293
2014-03-15,-1.0,2013-03-16,-1.0,43,-47,-200,73,-292
2014-03-16,-1.0,2013-03-16,-1.0,44,-46,-199,74,-291
2014-03-17,1.0,2013-03-18,5.0,45,-45,-198,75,-290
2014-03-18,2.0,2013-03-19,4.0,46,-44,-197,76,-289
2014-03-19,3.0,2013-03-20,3.0,47,-43,-196,77,-288
2014-03-20,4.0,2013-03-21,2.0,48,-42,-195,78,-287
2014-03-21,5.0,2013-03-22,1.0,49,-41,-194,79,-286
2014-03-22,-1.0,2013-03-23,-1.0,50,-40,-193,80,-285
2014-03-23,-1.0,2013-03-23,-1.0,51,-39,-192,81,-284
2014-03-24,1.0,2013-03-25,5.0,52,-38,-191,82,-283
2014-03-25,2.0,2013-03-26,4.0,53,-37,-190,83,-282
2014-03-26,3.0,2013-03-27,3.0,54,-36,-189,84,-281
2014-03-27,4.0,2013-03-28,2.0,55,-35,-188,85,-280
2014-03-28,5.0,2013-03-29,1.0,56,-34,-187,86,-279
2014-03-29,-1.0,2013-03-30,-1.0,57,-33,-186,87,-278
2014-03-30,-1.0,2013-03-30,-1.0,58,-32,-185,88,-277
2014-03-31,1.0,2013-04-01,5.0,59,-31,-184,89,-276
2014-04-01,2.0,2013-04-02,4.0,60,-30,-183,90,-275
2014-04-02,3.0,2013-04-03,3.0,61,-29,-182,91,-274
2014-04-03,4.0,2013-04-03,2.0,62,-28,-181,92,-273
2014-04-04,5.0,2013-04-04,1.0,63,-27,-180,93,-272
2014-04-05,-1.0,2013-04-05,-1.0,64,-26,-179,94,-271
2014-04-06,-1.0,2013-04-06,-1.0,65,-25,-178,95,-270
2014-04-07,-1.0,2013-04-08,-1.0,66,-24,-177,96,-269
2014-04-08,1.0,2013-04-09,4.0,67,-23,-176,97,-268
2014-04-09,2.0,2013-04-10,3.0,68,-22,-175,98,-267
2014-04-10,3.0,2013-04-11,2.0,69,-21,-174,99,-266
2014-04-11,4.0,2013-04-12,1.0,70,-20,-173,100,-265
2014-04-12,-1.0,2013-04-13,-1.0,71,-19,-172,101,-264
2014-04-13,-1.0,2013-04-13,-1.0,72,-18,-171,102,-263
2014-04-14,1.0,2013-04-15,5.0,73,-17,-170,103,-262
2014-04-15,2.0,2013-04-16,4.0,74,-16,-169,104,-261
2014-04-16,3.0,2013-04-17,3.0,75,-15,-168,105,-260
2014-04-17,4.0,2013-04-18,2.0,76,-14,-167,106,-259
2014-04-18,5.0,2013-04-19,1.0,77,-13,-166,107,-258
2014-04-19,-1.0,2013-04-20,-1.0,78,-12,-165,108,-257
2014-04-20,-1.0,2013-04-20,-1.0,79,-11,-164,109,-256
2014-04-21,1.0,2013-04-22,5.0,80,-10,-163,110,-255
2014-04-22,2.0,2013-04-23,4.0,81,-9,-162,111,-254
2014-04-23,3.0,2013-04-24,3.0,82,-8,-161,112,-253
2014-04-24,4.0,2013-04-25,2.0,83,-7,-160,113,-252
2014-04-25,5.0,2013-04-26,1.0,84,-6,-159,114,-251
2014-04-26,-1.0,2013-04-29,-1.0,85,-5,-158,115,-250
2014-04-27,-1.0,2013-04-29,-1.0,86,-4,-157,116,-249
2014-04-28,1.0,2013-05-02,3.0,87,-3,-156,117,-248
2014-04-29,2.0,2013-05-03,2.0,88,-2,-155,118,-247
2014-04-30,3.0,2013-04-30,1.0,89,-1,-154,119,-246
2014-05-01,-1.0,2013-05-01,-1.0,90,0,-153,120,-245
2014-05-02,-1.0,2013-05-03,-1.0,91,1,-152,121,-244
2014-05-03,-1.0,2013-05-04,-1.0,92,2,-151,122,-243
2014-05-04,1.0,2013-05-06,6.0,93,3,-150,123,-242
2014-05-05,2.0,2013-05-07,5.0,94,4,-149,124,-241
2014-05-06,3.0,2013-05-08,4.0,95,5,-148,125,-240
2014-05-07,4.0,2013-05-09,3.0,96,6,-147,126,-239
2014-05-08,5.0,2013-05-10,2.0,97,7,-146,127,-238
2014-05-09,6.0,2013-05-09,1.0,98,8,-145,128,-237
2014-05-10,-1.0,2013-05-11,-1.0,99,9,-144,129,-236
2014-05-11,-1.0,2013-05-11,-1.0,100,10,-143,130,-235
2014-05-12,1.0,2013-05-13,5.0,101,11,-142,131,-234
2014-05-13,2.0,2013-05-14,4.0,102,12,-141,132,-233
2014-05-14,3.0,2013-05-15,3.0,103,13,-140,133,-232
2014-05-15,4.0,2013-05-16,2.0,104,14,-139,134,-231
2014-05-16,5.0,2013-05-17,1.0,105,15,-138,135,-230
2014-05-17,-1.0,2013-05-18,-1.0,106,16,-137,136,-229
2014-05-18,-1.0,2013-05-18,-1.0,107,17,-136,137,-228
2014-05-19,1.0,2013-05-20,5.0,108,18,-135,138,-227
2014-05-20,2.0,2013-05-21,4.0,109,19,-134,139,-226
2014-05-21,3.0,2013-05-22,3.0,110,20,-133,140,-225
2014-05-22,4.0,2013-05-23,2.0,111,21,-132,141,-224
2014-05-23,5.0,2013-05-24,1.0,112,22,-131,142,-223
2014-05-24,-1.0,2013-05-25,-1.0,113,23,-130,143,-222
2014-05-25,-1.0,2013-05-25,-1.0,114,24,-129,144,-221
2014-05-26,1.0,2013-05-27,5.0,115,25,-128,145,-220
2014-05-27,2.0,2013-05-28,4.0,116,26,-127,146,-219
2014-05-28,3.0,2013-05-29,3.0,117,27,-126,147,-218
2014-05-29,4.0,2013-05-30,2.0,118,28,-125,148,-217
2014-05-30,5.0,2013-05-31,1.0,119,29,-124,149,-216
2014-05-31,-1.0,2013-06-01,-1.0,120,30,-123,150,-215
2014-06-01,-1.0,2013-06-01,-1.0,121,31,-122,151,-214
2014-06-02,-1.0,2013-06-02,-1.0,122,32,-121,152,-213
2014-06-03,1.0,2013-06-03,4.0,123,33,-120,153,-212
2014-06-04,2.0,2013-06-04,3.0,124,34,-119,154,-211
2014-06-05,3.0,2013-06-05,2.0,125,35,-118,155,-210
2014-06-06,4.0,2013-06-06,1.0,126,36,-117,156,-209
2014-06-07,-1.0,2013-06-10,-1.0,127,37,-116,157,-208
2014-06-08,-1.0,2013-06-10,-1.0,128,38,-115,158,-207
2014-06-09,1.0,2013-06-13,5.0,129,39,-114,159,-206
2014-06-10,2.0,2013-06-14,4.0,130,40,-113,160,-205
2014-06-11,3.0,2013-06-11,3.0,131,41,-112,161,-204
2014-06-12,4.0,2013-06-12,2.0,132,42,-111,162,-203
2014-06-13,5.0,2013-06-13,1.0,133,43,-110,163,-202
2014-06-14,-1.0,2013-06-15,-1.0,134,44,-109,164,-201
2014-06-15,-1.0,2013-06-15,-1.0,135,45,-108,165,-200
2014-06-16,1.0,2013-06-17,5.0,136,46,-107,166,-199
2014-06-17,2.0,2013-06-18,4.0,137,47,-106,167,-198
2014-06-18,3.0,2013-06-19,3.0,138,48,-105,168,-197
2014-06-19,4.0,2013-06-20,2.0,139,49,-104,169,-196
2014-06-20,5.0,2013-06-21,1.0,140,50,-103,170,-195
2014-06-21,-1.0,2013-06-22,-1.0,141,51,-102,171,-194
2014-06-22,-1.0,2013-06-22,-1.0,142,52,-101,172,-193
2014-06-23,1.0,2013-06-24,5.0,143,53,-100,173,-192
2014-06-24,2.0,2013-06-25,4.0,144,54,-99,174,-191
2014-06-25,3.0,2013-06-26,3.0,145,55,-98,175,-190
2014-06-26,4.0,2013-06-27,2.0,146,56,-97,176,-189
2014-06-27,5.0,2013-06-28,1.0,147,57,-96,177,-188
2014-06-28,-1.0,2013-06-29,-1.0,148,58,-95,178,-187
2014-06-29,-1.0,2013-06-29,-1.0,149,59,-94,179,-186
2014-06-30,1.0,2013-07-01,5.0,150,60,-93,180,-185
2014-07-01,2.0,2013-07-02,4.0,151,61,-92,181,-184
2014-07-02,3.0,2013-07-03,3.0,152,62,-91,182,-183
2014-07-03,4.0,2013-07-04,2.0,153,63,-90,183,-182
2014-07-04,5.0,2013-07-05,1.0,154,64,-89,184,-181
2014-07-05,-1.0,2013-07-06,-1.0,155,65,-88,185,-180
2014-07-06,-1.0,2013-07-06,-1.0,156,66,-87,186,-179
2014-07-07,1.0,2013-07-08,5.0,157,67,-86,187,-178
2014-07-08,2.0,2013-07-09,4.0,158,68,-85,188,-177
2014-07-09,3.0,2013-07-10,3.0,159,69,-84,189,-176
2014-07-10,4.0,2013-07-11,2.0,160,70,-83,190,-175
2014-07-11,5.0,2013-07-12,1.0,161,71,-82,191,-174
2014-07-12,-1.0,2013-07-13,-1.0,162,72,-81,192,-173
2014-07-13,-1.0,2013-07-13,-1.0,163,73,-80,193,-172
2014-07-14,1.0,2013-07-15,5.0,164,74,-79,194,-171
2014-07-15,2.0,2013-07-16,4.0,165,75,-78,195,-170
2014-07-16,3.0,2013-07-17,3.0,166,76,-77,196,-169
2014-07-17,4.0,2013-07-18,2.0,167,77,-76,197,-168
2014-07-18,5.0,2013-07-19,1.0,168,78,-75,198,-167
2014-07-19,-1.0,2013-07-20,-1.0,169,79,-74,199,-166
2014-07-20,-1.0,2013-07-20,-1.0,170,80,-73,200,-165
2014-07-21,1.0,2013-07-22,5.0,171,81,-72,201,-164
2014-07-22,2.0,2013-07-23,4.0,172,82,-71,202,-163
2014-07-23,3.0,2013-07-24,3.0,173,83,-70,203,-162
2014-07-24,4.0,2013-07-25,2.0,174,84,-69,204,-161
2014-07-25,5.0,2013-07-26,1.0,175,85,-68,205,-160
2014-07-26,-1.0,2013-07-27,-1.0,176,86,-67,206,-159
2014-07-27,-1.0,2013-07-27,-1.0,177,87,-66,207,-158
2014-07-28,1.0,2013-07-29,5.0,178,88,-65,208,-157
2014-07-29,2.0,2013-07-30,4.0,179,89,-64,209,-156
2014-07-30,3.0,2013-07-31,3.0,180,90,-63,210,-155
2014-07-31,4.0,2013-08-01,2.0,181,91,-62,211,-154
2014-08-01,5.0,2013-08-02,1.0,182,92,-61,212,-153
2014-08-02,-1.0,2013-08-03,-1.0,183,93,-60,213,-152
2014-08-03,-1.0,2013-08-03,-1.0,184,94,-59,214,-151
2014-08-04,1.0,2013-08-05,5.0,185,95,-58,215,-150
2014-08-05,2.0,2013-08-06,4.0,186,96,-57,216,-149
2014-08-06,3.0,2013-08-07,3.0,187,97,-56,217,-148
2014-08-07,4.0,2013-08-08,2.0,188,98,-55,218,-147
2014-08-08,5.0,2013-08-09,1.0,189,99,-54,219,-146
2014-08-09,-1.0,2013-08-10,-1.0,190,100,-53,220,-145
2014-08-10,-1.0,2013-08-10,-1.0,191,101,-52,221,-144
2014-08-11,1.0,2013-08-12,5.0,192,102,-51,222,-143
2014-08-12,2.0,2013-08-13,4.0,193,103,-50,223,-142
2014-08-13,3.0,2013-08-14,3.0,194,104,-49,224,-141
2014-08-14,4.0,2013-08-15,2.0,195,105,-48,225,-140
2014-08-15,5.0,2013-08-16,1.0,196,106,-47,226,-139
2014-08-16,-1.0,2013-08-17,-1.0,197,107,-46,227,-138
2014-08-17,-1.0,2013-08-17,-1.0,198,108,-45,228,-137
2014-08-18,1.0,2013-08-19,5.0,199,109,-44,229,-136
2014-08-19,2.0,2013-08-20,4.0,200,110,-43,230,-135
2014-08-20,3.0,2013-08-21,3.0,201,111,-42,231,-134
2014-08-21,4.0,2013-08-22,2.0,202,112,-41,232,-133
2014-08-22,5.0,2013-08-23,1.0,203,113,-40,233,-132
2014-08-23,-1.0,2013-08-24,-1.0,204,114,-39,234,-131
2014-08-24,-1.0,2013-08-24,-1.0,205,115,-38,235,-130
2014-08-25,1.0,2013-08-26,5.0,206,116,-37,236,-129
2014-08-26,2.0,2013-08-27,4.0,207,117,-36,237,-128
2014-08-27,3.0,2013-08-28,3.0,208,118,-35,238,-127
2014-08-28,4.0,2013-08-29,2.0,209,119,-34,239,-126
2014-08-29,5.0,2013-08-30,1.0,210,120,-33,240,-125
2014-08-30,-1.0,2013-08-31,-1.0,211,121,-32,241,-124
2014-08-31,-1.0,2013-08-31,-1.0,212,122,-31,242,-123
2014-09-01,1.0,2013-09-02,5.0,213,123,-30,243,-122
2014-09-02,2.0,2013-09-03,4.0,214,124,-29,244,-121
2014-09-03,3.0,2013-09-04,3.0,215,125,-28,245,-120
2014-09-04,4.0,2013-09-05,2.0,216,126,-27,246,-119
2014-09-05,5.0,2013-09-06,1.0,217,127,-26,247,-118
2014-09-06,-1.0,2013-09-07,-1.0,218,128,-25,248,-117
2014-09-07,-1.0,2013-09-07,-1.0,219,129,-24,249,-116
2014-09-08,-1.0,2013-09-08,-1.0,220,130,-23,250,-115
2014-09-09,1.0,2013-09-09,4.0,221,131,-22,251,-114
2014-09-10,2.0,2013-09-10,3.0,222,132,-21,252,-113
2014-09-11,3.0,2013-09-11,2.0,223,133,-20,253,-112
2014-09-12,4.0,2013-09-12,1.0,224,134,-19,254,-111
2014-09-13,-1.0,2013-09-14,-1.0,225,135,-18,255,-110
2014-09-14,-1.0,2013-09-14,-1.0,226,136,-17,256,-109
2014-09-15,1.0,2013-09-16,5.0,227,137,-16,257,-108
2014-09-16,2.0,2013-09-17,4.0,228,138,-15,258,-107
2014-09-17,3.0,2013-09-18,3.0,229,139,-14,259,-106
2014-09-18,4.0,2013-09-18,2.0,230,140,-13,260,-105
2014-09-19,5.0,2013-09-19,1.0,231,141,-12,261,-104
2014-09-20,-1.0,2013-09-20,-1.0,232,142,-11,262,-103
2014-09-21,-1.0,2013-09-21,-1.0,233,143,-10,263,-102
2014-09-22,1.0,2013-09-22,5.0,234,144,-9,264,-101
2014-09-23,2.0,2013-09-23,4.0,235,145,-8,265,-100
2014-09-24,3.0,2013-09-24,3.0,236,146,-7,266,-99
2014-09-25,4.0,2013-09-25,2.0,237,147,-6,267,-98
2014-09-26,5.0,2013-09-26,1.0,238,148,-5,268,-97
2014-09-27,-1.0,2013-09-28,-1.0,239,149,-4,269,-96
2014-09-28,1.0,2013-09-29,3.0,240,150,-3,270,-95
2014-09-29,2.0,2013-09-30,2.0,241,151,-2,271,-94
2014-09-30,3.0,2013-09-30,1.0,242,152,-1,272,-93
2014-10-01,-1.0,2013-10-01,-1.0,243,153,0,273,-92
2014-10-02,-1.0,2013-10-02,-1.0,244,154,1,274,-91
2014-10-03,-1.0,2013-10-03,-1.0,245,155,2,275,-90
2014-10-04,-1.0,2013-10-04,-1.0,246,156,3,276,-89
2014-10-05,-1.0,2013-10-05,-1.0,247,157,4,277,-88
2014-10-06,-1.0,2013-10-06,-1.0,248,158,5,278,-87
2014-10-07,-1.0,2013-10-07,-1.0,249,159,6,279,-86
2014-10-08,1.0,2013-10-08,4.0,250,160,7,280,-85
2014-10-09,2.0,2013-10-09,3.0,251,161,8,281,-84
2014-10-10,3.0,2013-10-10,2.0,252,162,9,282,-83
2014-10-11,4.0,2013-10-11,1.0,253,163,10,283,-82
2014-10-12,-1.0,2013-10-13,-1.0,254,164,11,284,-81
2014-10-13,1.0,2013-10-14,5.0,255,165,12,285,-80
2014-10-14,2.0,2013-10-15,4.0,256,166,13,286,-79
2014-10-15,3.0,2013-10-16,3.0,257,167,14,287,-78
2014-10-16,4.0,2013-10-17,2.0,258,168,15,288,-77
2014-10-17,5.0,2013-10-18,1.0,259,169,16,289,-76
2014-10-18,-1.0,2013-10-19,-1.0,260,170,17,290,-75
2014-10-19,-1.0,2013-10-19,-1.0,261,171,18,291,-74
2014-10-20,1.0,2013-10-21,5.0,262,172,19,292,-73
2014-10-21,2.0,2013-10-22,4.0,263,173,20,293,-72
2014-10-22,3.0,2013-10-23,3.0,264,174,21,294,-71
2014-10-23,4.0,2013-10-24,2.0,265,175,22,295,-70
2014-10-24,5.0,2013-10-25,1.0,266,176,23,296,-69
2014-10-25,-1.0,2013-10-26,-1.0,267,177,24,297,-68
2014-10-26,-1.0,2013-10-26,-1.0,268,178,25,298,-67
2014-10-27,1.0,2013-10-28,5.0,269,179,26,299,-66
2014-10-28,2.0,2013-10-29,4.0,270,180,27,300,-65
2014-10-29,3.0,2013-10-30,3.0,271,181,28,301,-64
2014-10-30,4.0,2013-10-31,2.0,272,182,29,302,-63
2014-10-31,5.0,2013-11-01,1.0,273,183,30,303,-62
2014-11-01,-1.0,2013-11-02,-1.0,274,184,31,304,-61
2014-11-02,-1.0,2013-11-02,-1.0,275,185,32,305,-60
2014-11-03,1.0,2013-11-04,5.0,276,186,33,306,-59
2014-11-04,2.0,2013-11-05,4.0,277,187,34,307,-58
2014-11-05,3.0,2013-11-06,3.0,278,188,35,308,-57
2014-11-06,4.0,2013-11-07,2.0,279,189,36,309,-56
2014-11-07,5.0,2013-11-08,1.0,280,190,37,310,-55
2014-11-08,-1.0,2013-11-09,-1.0,281,191,38,311,-54
2014-11-09,-1.0,2013-11-09,-1.0,282,192,39,312,-53
2014-11-10,1.0,2013-11-11,5.0,283,193,40,313,-52
2014-11-11,2.0,2013-11-12,4.0,284,194,41,314,-51
2014-11-12,3.0,2013-11-13,3.0,285,195,42,315,-50
2014-11-13,4.0,2013-11-14,2.0,286,196,43,316,-49
2014-11-14,5.0,2013-11-15,1.0,287,197,44,317,-48
2014-11-15,-1.0,2013-11-16,-1.0,288,198,45,318,-47
2014-11-16,-1.0,2013-11-16,-1.0,289,199,46,319,-46
2014-11-17,1.0,2013-11-18,5.0,290,200,47,320,-45
2014-11-18,2.0,2013-11-19,4.0,291,201,48,321,-44
2014-11-19,3.0,2013-11-20,3.0,292,202,49,322,-43
2014-11-20,4.0,2013-11-21,2.0,293,203,50,323,-42
2014-11-21,5.0,2013-11-22,1.0,294,204,51,324,-41
2014-11-22,-1.0,2013-11-23,-1.0,295,205,52,325,-40
2014-11-23,-1.0,2013-11-23,-1.0,296,206,53,326,-39
2014-11-24,1.0,2013-11-25,5.0,297,207,54,327,-38
2014-11-25,2.0,2013-11-26,4.0,298,208,55,328,-37
2014-11-26,3.0,2013-11-27,3.0,299,209,56,329,-36
2014-11-27,4.0,2013-11-28,2.0,300,210,57,330,-35
2014-11-28,5.0,2013-11-29,1.0,301,211,58,331,-34
2014-11-29,-1.0,2013-11-30,-1.0,302,212,59,332,-33
2014-11-30,-1.0,2013-11-30,-1.0,303,213,60,333,-32
2014-12-01,1.0,2013-12-02,5.0,304,214,61,334,-31
2014-12-02,2.0,2013-12-03,4.0,305,215,62,335,-30
2014-12-03,3.0,2013-12-04,3.0,306,216,63,336,-29
2014-12-04,4.0,2013-12-05,2.0,307,217,64,337,-28
2014-12-05,5.0,2013-12-06,1.0,308,218,65,338,-27
2014-12-06,-1.0,2013-12-07,-1.0,309,219,66,339,-26
2014-12-07,-1.0,2013-12-07,-1.0,310,220,67,340,-25
2014-12-08,1.0,2013-12-09,5.0,311,221,68,341,-24
2014-12-09,2.0,2013-12-10,4.0,312,222,69,342,-23
2014-12-10,3.0,2013-12-11,3.0,313,223,70,343,-22
2014-12-11,4.0,2013-12-12,2.0,314,224,71,344,-21
2014-12-12,5.0,2013-12-13,1.0,315,225,72,345,-20
2014-12-13,-1.0,2013-12-14,-1.0,316,226,73,346,-19
2014-12-14,-1.0,2013-12-14,-1.0,317,227,74,347,-18
2014-12-15,1.0,2013-12-16,5.0,318,228,75,348,-17
2014-12-16,2.0,2013-12-17,4.0,319,229,76,349,-16
2014-12-17,3.0,2013-12-18,3.0,320,230,77,350,-15
2014-12-18,4.0,2013-12-19,2.0,321,231,78,351,-14
2014-12-19,5.0,2013-12-20,1.0,322,232,79,352,-13
2014-12-20,-1.0,2013-12-21,-1.0,323,233,80,353,-12
2014-12-21,-1.0,2013-12-21,-1.0,324,234,81,354,-11
2014-12-22,1.0,2013-12-23,5.0,325,235,82,355,-10
2014-12-23,2.0,2013-12-24,4.0,326,236,83,356,-9
2014-12-24,3.0,2013-12-25,3.0,327,237,84,357,-8
2014-12-25,4.0,2013-12-26,2.0,328,238,85,358,-7
2014-12-26,5.0,2013-12-27,1.0,329,239,86,359,-6
2014-12-27,-1.0,2013-12-28,-1.0,330,240,87,360,-5
2014-12-28,-1.0,2013-12-28,-1.0,331,241,88,361,-4
2014-12-29,1.0,2013-12-30,3.0,332,242,89,362,-3
2014-12-30,2.0,2013-12-31,2.0,333,243,90,363,-2
2014-12-31,3.0,2013-12-31,1.0,334,244,91,364,-1
2015-01-01,-1.0,2014-01-01,-1.0,-49,-120,-273,0,-365
2015-01-02,-1.0,2014-01-03,-1.0,-48,-119,-272,1,-364
2015-01-03,-1.0,2014-01-04,-1.0,-47,-118,-271,2,-363
2015-01-04,1.0,2014-01-06,6.0,-46,-117,-270,3,-362
2015-01-05,2.0,2014-01-07,5.0,-45,-116,-269,4,-361
2015-01-06,3.0,2014-01-08,4.0,-44,-115,-268,5,-360
2015-01-07,4.0,2014-01-09,3.0,-43,-114,-267,6,-359
2015-01-08,5.0,2014-01-10,2.0,-42,-113,-266,7,-358
2015-01-09,6.0,2014-01-09,1.0,-41,-112,-265,8,-357
2015-01-10,-1.0,2014-01-11,-1.0,-40,-111,-264,9,-356
2015-01-11,-1.0,2014-01-11,-1.0,-39,-110,-263,10,-355
2015-01-12,1.0,2014-01-13,5.0,-38,-109,-262,11,-354
2015-01-13,2.0,2014-01-14,4.0,-37,-108,-261,12,-353
2015-01-14,3.0,2014-01-15,3.0,-36,-107,-260,13,-352
2015-01-15,4.0,2014-01-16,2.0,-35,-106,-259,14,-351
2015-01-16,5.0,2014-01-17,1.0,-34,-105,-258,15,-350
2015-01-17,-1.0,2014-01-18,-1.0,-33,-104,-257,16,-349
2015-01-18,-1.0,2014-01-18,-1.0,-32,-103,-256,17,-348
2015-01-19,1.0,2014-01-20,5.0,-31,-102,-255,18,-347
2015-01-20,2.0,2014-01-21,4.0,-30,-101,-254,19,-346
2015-01-21,3.0,2014-01-22,3.0,-29,-100,-253,20,-345
2015-01-22,4.0,2014-01-23,2.0,-28,-99,-252,21,-344
2015-01-23,5.0,2014-01-24,1.0,-27,-98,-251,22,-343
2015-01-24,-1.0,2014-01-25,-1.0,-26,-97,-250,23,-342
2015-01-25,-1.0,2014-01-25,-1.0,-25,-96,-249,24,-341
2015-01-26,1.0,2014-01-26,5.0,-24,-95,-248,25,-340
2015-01-27,2.0,2014-01-27,4.0,-23,-94,-247,26,-339
2015-01-28,3.0,2014-01-28,3.0,-22,-93,-246,27,-338
2015-01-29,4.0,2014-01-29,2.0,-21,-92,-245,28,-337
2015-01-30,5.0,2014-01-30,1.0,-20,-91,-244,29,-336
2015-01-31,-1.0,2014-01-31,-1.0,-19,-90,-243,30,-335
2015-02-01,-1.0,2014-02-01,-1.0,-18,-89,-242,31,-334
2015-02-02,1.0,2014-02-02,5.0,-17,-88,-241,32,-333
2015-02-03,2.0,2014-02-03,4.0,-16,-87,-240,33,-332
2015-02-04,3.0,2014-02-04,3.0,-15,-86,-239,34,-331
2015-02-05,4.0,2014-02-05,2.0,-14,-85,-238,35,-330
2015-02-06,5.0,2014-02-06,1.0,-13,-84,-237,36,-329
2015-02-07,-1.0,2014-02-08,-1.0,-12,-83,-236,37,-328
2015-02-08,-1.0,2014-02-09,-1.0,-11,-82,-235,38,-327
2015-02-09,1.0,2014-02-10,5.0,-10,-81,-234,39,-326
2015-02-10,2.0,2014-02-11,4.0,-9,-80,-233,40,-325
2015-02-11,3.0,2014-02-12,3.0,-8,-79,-232,41,-324
2015-02-12,4.0,2014-02-13,2.0,-7,-78,-231,42,-323
2015-02-13,5.0,2014-02-14,1.0,-6,-77,-230,43,-322
2015-02-14,-1.0,2014-02-15,-1.0,-5,-76,-229,44,-321
2015-02-15,1.0,2014-02-17,3.0,-4,-75,-228,45,-320
2015-02-16,2.0,2014-02-18,2.0,-3,-74,-227,46,-319
2015-02-17,3.0,2014-02-19,1.0,-2,-73,-226,47,-318
2015-02-18,-1.0,2014-02-20,-1.0,-1,-72,-225,48,-317
2015-02-19,-1.0,2014-02-22,-1.0,0,-71,-224,49,-316
2015-02-20,-1.0,2014-02-22,-1.0,1,-70,-223,50,-315
2015-02-21,-1.0,2014-02-22,-1.0,2,-69,-222,51,-314
2015-02-22,-1.0,2014-02-22,-1.0,3,-68,-221,52,-313
2015-02-23,-1.0,2014-02-23,-1.0,4,-67,-220,53,-312
2015-02-24,-1.0,2014-02-25,-1.0,5,-66,-219,54,-311
2015-02-25,1.0,2014-02-26,4.0,6,-65,-218,55,-310
2015-02-26,2.0,2014-02-27,3.0,7,-64,-217,56,-309
2015-02-27,3.0,2014-02-28,2.0,8,-63,-216,57,-308
2015-02-28,4.0,2014-03-01,1.0,9,-62,-215,58,-307
2015-03-01,-1.0,2014-03-01,-1.0,10,-61,-214,59,-306
2015-03-02,1.0,2014-03-03,5.0,11,-60,-213,60,-305
2015-03-03,2.0,2014-03-04,4.0,12,-59,-212,61,-304
2015-03-04,3.0,2014-03-05,3.0,13,-58,-211,62,-303
2015-03-05,4.0,2014-03-06,2.0,14,-57,-210,63,-302
2015-03-06,5.0,2014-03-07,1.0,15,-56,-209,64,-301
2015-03-07,-1.0,2014-03-08,-1.0,16,-55,-208,65,-300
2015-03-08,-1.0,2014-03-08,-1.0,17,-54,-207,66,-299
2015-03-09,1.0,2014-03-10,5.0,18,-53,-206,67,-298
2015-03-10,2.0,2014-03-11,4.0,19,-52,-205,68,-297
2015-03-11,3.0,2014-03-12,3.0,20,-51,-204,69,-296
2015-03-12,4.0,2014-03-13,2.0,21,-50,-203,70,-295
2015-03-13,5.0,2014-03-14,1.0,22,-49,-202,71,-294
2015-03-14,-1.0,2014-03-15,-1.0,23,-48,-201,72,-293
2015-03-15,-1.0,2014-03-15,-1.0,24,-47,-200,73,-292
2015-03-16,1.0,2014-03-17,5.0,25,-46,-199,74,-291
2015-03-17,2.0,2014-03-18,4.0,26,-45,-198,75,-290
2015-03-18,3.0,2014-03-19,3.0,27,-44,-197,76,-289
2015-03-19,4.0,2014-03-20,2.0,28,-43,-196,77,-288
2015-03-20,5.0,2014-03-21,1.0,29,-42,-195,78,-287
2015-03-21,-1.0,2014-03-22,-1.0,30,-41,-194,79,-286
2015-03-22,-1.0,2014-03-22,-1.0,31,-40,-193,80,-285
2015-03-23,1.0,2014-03-24,5.0,32,-39,-192,81,-284
2015-03-24,2.0,2014-03-25,4.0,33,-38,-191,82,-283
2015-03-25,3.0,2014-03-26,3.0,34,-37,-190,83,-282
2015-03-26,4.0,2014-03-27,2.0,35,-36,-189,84,-281
2015-03-27,5.0,2014-03-28,1.0,36,-35,-188,85,-280
2015-03-28,-1.0,2014-03-29,-1.0,37,-34,-187,86,-279
2015-03-29,-1.0,2014-03-29,-1.0,38,-33,-186,87,-278
2015-03-30,1.0,2014-03-31,5.0,39,-32,-185,88,-277
2015-03-31,2.0,2014-04-01,4.0,40,-31,-184,89,-276
2015-04-01,3.0,2014-04-02,3.0,41,-30,-183,90,-275
2015-04-02,4.0,2014-04-03,2.0,42,-29,-182,91,-274
2015-04-03,5.0,2014-04-04,1.0,43,-28,-181,92,-273
2015-04-04,-1.0,2014-04-05,-1.0,44,-27,-180,93,-272
2015-04-05,-1.0,2014-04-05,-1.0,45,-26,-179,94,-271
2015-04-06,-1.0,2014-04-06,-1.0,46,-25,-178,95,-270
2015-04-07,1.0,2014-04-08,4.0,47,-24,-177,96,-269
2015-04-08,2.0,2014-04-09,3.0,48,-23,-176,97,-268
2015-04-09,3.0,2014-04-10,2.0,49,-22,-175,98,-267
2015-04-10,4.0,2014-04-11,1.0,50,-21,-174,99,-266
2015-04-11,-1.0,2014-04-12,-1.0,51,-20,-173,100,-265
2015-04-12,-1.0,2014-04-12,-1.0,52,-19,-172,101,-264
2015-04-13,1.0,2014-04-14,5.0,53,-18,-171,102,-263
2015-04-14,2.0,2014-04-15,4.0,54,-17,-170,103,-262
2015-04-15,3.0,2014-04-16,3.0,55,-16,-169,104,-261
2015-04-16,4.0,2014-04-17,2.0,56,-15,-168,105,-260
2015-04-17,5.0,2014-04-18,1.0,57,-14,-167,106,-259
2015-04-18,-1.0,2014-04-19,-1.0,58,-13,-166,107,-258
2015-04-19,-1.0,2014-04-19,-1.0,59,-12,-165,108,-257
2015-04-20,1.0,2014-04-21,5.0,60,-11,-164,109,-256
2015-04-21,2.0,2014-04-22,4.0,61,-10,-163,110,-255
2015-04-22,3.0,2014-04-23,3.0,62,-9,-162,111,-254
2015-04-23,4.0,2014-04-24,2.0,63,-8,-161,112,-253
2015-04-24,5.0,2014-04-25,1.0,64,-7,-160,113,-252
2015-04-25,-1.0,2014-04-26,-1.0,65,-6,-159,114,-251
2015-04-26,-1.0,2014-04-26,-1.0,66,-5,-158,115,-250
2015-04-27,1.0,2014-04-28,4.0,67,-4,-157,116,-249
2015-04-28,2.0,2014-04-29,3.0,68,-3,-156,117,-248
2015-04-29,3.0,2014-04-30,2.0,69,-2,-155,118,-247
2015-04-30,4.0,2014-04-30,1.0,70,-1,-154,119,-246
2015-05-01,-1.0,2014-05-01,-1.0,71,0,-153,120,-245
2015-05-02,-1.0,2014-05-02,-1.0,72,1,-152,121,-244
2015-05-03,-1.0,2014-05-03,-1.0,73,2,-151,122,-243
2015-05-04,1.0,2014-05-04,5.0,74,3,-150,123,-242
2015-05-05,2.0,2014-05-05,4.0,75,4,-149,124,-241
2015-05-06,3.0,2014-05-06,3.0,76,5,-148,125,-240
2015-05-07,4.0,2014-05-07,2.0,77,6,-147,126,-239
2015-05-08,5.0,2014-05-08,1.0,78,7,-146,127,-238
2015-05-09,-1.0,2014-05-10,-1.0,79,8,-145,128,-237
2015-05-10,-1.0,2014-05-10,-1.0,80,9,-144,129,-236
2015-05-11,1.0,2014-05-12,5.0,81,10,-143,130,-235
2015-05-12,2.0,2014-05-13,4.0,82,11,-142,131,-234
2015-05-13,3.0,2014-05-14,3.0,83,12,-141,132,-233
2015-05-14,4.0,2014-05-15,2.0,84,13,-140,133,-232
2015-05-15,5.0,2014-05-16,1.0,85,14,-139,134,-231
2015-05-16,-1.0,2014-05-17,-1.0,86,15,-138,135,-230
2015-05-17,-1.0,2014-05-17,-1.0,87,16,-137,136,-229
2015-05-18,1.0,2014-05-19,5.0,88,17,-136,137,-228
2015-05-19,2.0,2014-05-20,4.0,89,18,-135,138,-227
2015-05-20,3.0,2014-05-21,3.0,90,19,-134,139,-226
2015-05-21,4.0,2014-05-22,2.0,91,20,-133,140,-225
2015-05-22,5.0,2014-05-23,1.0,92,21,-132,141,-224
2015-05-23,-1.0,2014-05-24,-1.0,93,22,-131,142,-223
2015-05-24,-1.0,2014-05-24,-1.0,94,23,-130,143,-222
2015-05-25,1.0,2014-05-26,5.0,95,24,-129,144,-221
2015-05-26,2.0,2014-05-27,4.0,96,25,-128,145,-220
2015-05-27,3.0,2014-05-28,3.0,97,26,-127,146,-219
2015-05-28,4.0,2014-05-29,2.0,98,27,-126,147,-218
2015-05-29,5.0,2014-05-30,1.0,99,28,-125,148,-217
2015-05-30,-1.0,2014-05-31,-1.0,100,29,-124,149,-216
2015-05-31,-1.0,2014-05-31,-1.0,101,30,-123,150,-215
2015-06-01,1.0,2014-06-03,5.0,102,31,-122,151,-214
2015-06-02,2.0,2014-06-04,4.0,103,32,-121,152,-213
2015-06-03,3.0,2014-06-05,3.0,104,33,-120,153,-212
2015-06-04,4.0,2014-06-06,2.0,105,34,-119,154,-211
2015-06-05,5.0,2014-06-05,1.0,106,35,-118,155,-210
2015-06-06,-1.0,2014-06-07,-1.0,107,36,-117,156,-209
2015-06-07,-1.0,2014-06-07,-1.0,108,37,-116,157,-208
2015-06-08,1.0,2014-06-09,5.0,109,38,-115,158,-207
2015-06-09,2.0,2014-06-10,4.0,110,39,-114,159,-206
2015-06-10,3.0,2014-06-11,3.0,111,40,-113,160,-205
2015-06-11,4.0,2014-06-12,2.0,112,41,-112,161,-204
2015-06-12,5.0,2014-06-13,1.0,113,42,-111,162,-203
2015-06-13,-1.0,2014-06-14,-1.0,114,43,-110,163,-202
2015-06-14,-1.0,2014-06-14,-1.0,115,44,-109,164,-201
2015-06-15,1.0,2014-06-16,5.0,116,45,-108,165,-200
2015-06-16,2.0,2014-06-17,4.0,117,46,-107,166,-199
2015-06-17,3.0,2014-06-18,3.0,118,47,-106,167,-198
2015-06-18,4.0,2014-06-19,2.0,119,48,-105,168,-197
2015-06-19,5.0,2014-06-20,1.0,120,49,-104,169,-196
2015-06-20,-1.0,2014-06-21,-1.0,121,50,-103,170,-195
2015-06-21,-1.0,2014-06-21,-1.0,122,51,-102,171,-194
2015-06-22,-1.0,2014-06-22,-1.0,123,52,-101,172,-193
2015-06-23,1.0,2014-06-23,4.0,124,53,-100,173,-192
2015-06-24,2.0,2014-06-24,3.0,125,54,-99,174,-191
2015-06-25,3.0,2014-06-25,2.0,126,55,-98,175,-190
2015-06-26,4.0,2014-06-26,1.0,127,56,-97,176,-189
2015-06-27,-1.0,2014-06-28,-1.0,128,57,-96,177,-188
2015-06-28,-1.0,2014-06-28,-1.0,129,58,-95,178,-187
2015-06-29,1.0,2014-06-30,5.0,130,59,-94,179,-186
2015-06-30,2.0,2014-07-01,4.0,131,60,-93,180,-185
2015-07-01,3.0,2014-07-02,3.0,132,61,-92,181,-184
2015-07-02,4.0,2014-07-03,2.0,133,62,-91,182,-183
2015-07-03,5.0,2014-07-04,1.0,134,63,-90,183,-182
2015-07-04,-1.0,2014-07-05,-1.0,135,64,-89,184,-181
2015-07-05,-1.0,2014-07-05,-1.0,136,65,-88,185,-180
2015-07-06,1.0,2014-07-07,5.0,137,66,-87,186,-179
2015-07-07,2.0,2014-07-08,4.0,138,67,-86,187,-178
2015-07-08,3.0,2014-07-09,3.0,139,68,-85,188,-177
2015-07-09,4.0,2014-07-10,2.0,140,69,-84,189,-176
2015-07-10,5.0,2014-07-11,1.0,141,70,-83,190,-175
2015-07-11,-1.0,2014-07-12,-1.0,142,71,-82,191,-174
2015-07-12,-1.0,2014-07-12,-1.0,143,72,-81,192,-173
2015-07-13,1.0,2014-07-14,5.0,144,73,-80,193,-172
2015-07-14,2.0,2014-07-15,4.0,145,74,-79,194,-171
2015-07-15,3.0,2014-07-16,3.0,146,75,-78,195,-170
2015-07-16,4.0,2014-07-17,2.0,147,76,-77,196,-169
2015-07-17,5.0,2014-07-18,1.0,148,77,-76,197,-168
2015-07-18,-1.0,2014-07-19,-1.0,149,78,-75,198,-167
2015-07-19,-1.0,2014-07-19,-1.0,150,79,-74,199,-166
2015-07-20,1.0,2014-07-21,5.0,151,80,-73,200,-165
2015-07-21,2.0,2014-07-22,4.0,152,81,-72,201,-164
2015-07-22,3.0,2014-07-23,3.0,153,82,-71,202,-163
2015-07-23,4.0,2014-07-24,2.0,154,83,-70,203,-162
2015-07-24,5.0,2014-07-25,1.0,155,84,-69,204,-161
2015-07-25,-1.0,2014-07-26,-1.0,156,85,-68,205,-160
2015-07-26,-1.0,2014-07-26,-1.0,157,86,-67,206,-159
2015-07-27,1.0,2014-07-28,5.0,158,87,-66,207,-158
2015-07-28,2.0,2014-07-29,4.0,159,88,-65,208,-157
2015-07-29,3.0,2014-07-30,3.0,160,89,-64,209,-156
2015-07-30,4.0,2014-07-31,2.0,161,90,-63,210,-155
2015-07-31,5.0,2014-08-01,1.0,162,91,-62,211,-154
2015-08-01,-1.0,2014-08-02,-1.0,163,92,-61,212,-153
2015-08-02,-1.0,2014-08-02,-1.0,164,93,-60,213,-152
2015-08-03,1.0,2014-08-04,5.0,165,94,-59,214,-151
2015-08-04,2.0,2014-08-05,4.0,166,95,-58,215,-150
2015-08-05,3.0,2014-08-06,3.0,167,96,-57,216,-149
2015-08-06,4.0,2014-08-07,2.0,168,97,-56,217,-148
2015-08-07,5.0,2014-08-08,1.0,169,98,-55,218,-147
2015-08-08,-1.0,2014-08-09,-1.0,170,99,-54,219,-146
2015-08-09,-1.0,2014-08-09,-1.0,171,100,-53,220,-145
2015-08-10,1.0,2014-08-11,5.0,172,101,-52,221,-144
2015-08-11,2.0,2014-08-12,4.0,173,102,-51,222,-143
2015-08-12,3.0,2014-08-13,3.0,174,103,-50,223,-142
2015-08-13,4.0,2014-08-14,2.0,175,104,-49,224,-141
2015-08-14,5.0,2014-08-15,1.0,176,105,-48,225,-140
2015-08-15,-1.0,2014-08-16,-1.0,177,106,-47,226,-139
2015-08-16,-1.0,2014-08-16,-1.0,178,107,-46,227,-138
2015-08-17,1.0,2014-08-18,5.0,179,108,-45,228,-137
2015-08-18,2.0,2014-08-19,4.0,180,109,-44,229,-136
2015-08-19,3.0,2014-08-20,3.0,181,110,-43,230,-135
2015-08-20,4.0,2014-08-21,2.0,182,111,-42,231,-134
2015-08-21,5.0,2014-08-22,1.0,183,112,-41,232,-133
2015-08-22,-1.0,2014-08-23,-1.0,184,113,-40,233,-132
2015-08-23,-1.0,2014-08-23,-1.0,185,114,-39,234,-131
2015-08-24,1.0,2014-08-25,5.0,186,115,-38,235,-130
2015-08-25,2.0,2014-08-26,4.0,187,116,-37,236,-129
2015-08-26,3.0,2014-08-27,3.0,188,117,-36,237,-128
2015-08-27,4.0,2014-08-28,2.0,189,118,-35,238,-127
2015-08-28,5.0,2014-08-29,1.0,190,119,-34,239,-126
2015-08-29,-1.0,2014-08-30,-1.0,191,120,-33,240,-125
2015-08-30,-1.0,2014-08-30,-1.0,192,121,-32,241,-124
2015-08-31,1.0,2014-09-01,3.0,193,122,-31,242,-123
2015-09-01,2.0,2014-09-02,2.0,194,123,-30,243,-122
2015-09-02,3.0,2014-09-03,1.0,195,124,-29,244,-121
2015-09-03,-1.0,2014-09-06,-1.0,196,125,-28,245,-120
2015-09-04,-1.0,2014-09-06,-1.0,197,126,-27,246,-119
2015-09-05,-1.0,2014-09-06,-1.0,198,127,-26,247,-118
2015-09-06,1.0,2014-09-09,6.0,199,128,-25,248,-117
2015-09-07,2.0,2014-09-10,5.0,200,129,-24,249,-116
2015-09-08,3.0,2014-09-11,4.0,201,130,-23,250,-115
2015-09-09,4.0,2014-09-12,3.0,202,131,-22,251,-114
2015-09-10,5.0,2014-09-10,2.0,203,132,-21,252,-113
2015-09-11,6.0,2014-09-11,1.0,204,133,-20,253,-112
2015-09-12,-1.0,2014-09-13,-1.0,205,134,-19,254,-111
2015-09-13,-1.0,2014-09-13,-1.0,206,135,-18,255,-110
2015-09-14,1.0,2014-09-15,5.0,207,136,-17,256,-109
2015-09-15,2.0,2014-09-16,4.0,208,137,-16,257,-108
2015-09-16,3.0,2014-09-17,3.0,209,138,-15,258,-107
2015-09-17,4.0,2014-09-18,2.0,210,139,-14,259,-106
2015-09-18,5.0,2014-09-19,1.0,211,140,-13,260,-105
2015-09-19,-1.0,2014-09-20,-1.0,212,141,-12,261,-104
2015-09-20,-1.0,2014-09-20,-1.0,213,142,-11,262,-103
2015-09-21,1.0,2014-09-22,5.0,214,143,-10,263,-102
2015-09-22,2.0,2014-09-23,4.0,215,144,-9,264,-101
2015-09-23,3.0,2014-09-24,3.0,216,145,-8,265,-100
2015-09-24,4.0,2014-09-25,2.0,217,146,-7,266,-99
2015-09-25,5.0,2014-09-26,1.0,218,147,-6,267,-98
2015-09-26,-1.0,2014-09-27,-1.0,219,148,-5,268,-97
2015-09-27,-1.0,2014-09-27,-1.0,220,149,-4,269,-96
2015-09-28,1.0,2014-09-28,3.0,221,150,-3,270,-95
2015-09-29,2.0,2014-09-29,2.0,222,151,-2,271,-94
2015-09-30,3.0,2014-09-30,1.0,223,152,-1,272,-93
2015-10-01,-1.0,2014-10-01,-1.0,224,153,0,273,-92
2015-10-02,-1.0,2014-10-02,-1.0,225,154,1,274,-91
2015-10-03,-1.0,2014-10-03,-1.0,226,155,2,275,-90
2015-10-04,-1.0,2014-10-04,-1.0,227,156,3,276,-89
2015-10-05,-1.0,2014-10-05,-1.0,228,157,4,277,-88
2015-10-06,-1.0,2014-10-06,-1.0,229,158,5,278,-87
2015-10-07,-1.0,2014-10-07,-1.0,230,159,6,279,-86
2015-10-08,1.0,2014-10-08,3.0,231,160,7,280,-85
2015-10-09,2.0,2014-10-09,2.0,232,161,8,281,-84
2015-10-10,3.0,2014-10-10,1.0,233,162,9,282,-83
2015-10-11,-1.0,2014-10-12,-1.0,234,163,10,283,-82
2015-10-12,1.0,2014-10-13,5.0,235,164,11,284,-81
2015-10-13,2.0,2014-10-14,4.0,236,165,12,285,-80
2015-10-14,3.0,2014-10-15,3.0,237,166,13,286,-79
2015-10-15,4.0,2014-10-16,2.0,238,167,14,287,-78
2015-10-16,5.0,2014-10-17,1.0,239,168,15,288,-77
2015-10-17,-1.0,2014-10-18,-1.0,240,169,16,289,-76
2015-10-18,-1.0,2014-10-18,-1.0,241,170,17,290,-75
2015-10-19,1.0,2014-10-20,5.0,242,171,18,291,-74
2015-10-20,2.0,2014-10-21,4.0,243,172,19,292,-73
2015-10-21,3.0,2014-10-22,3.0,244,173,20,293,-72
2015-10-22,4.0,2014-10-23,2.0,245,174,21,294,-71
2015-10-23,5.0,2014-10-24,1.0,246,175,22,295,-70
2015-10-24,-1.0,2014-10-25,-1.0,247,176,23,296,-69
2015-10-25,-1.0,2014-10-25,-1.0,248,177,24,297,-68
2015-10-26,1.0,2014-10-27,5.0,249,178,25,298,-67
2015-10-27,2.0,2014-10-28,4.0,250,179,26,299,-66
2015-10-28,3.0,2014-10-29,3.0,251,180,27,300,-65
2015-10-29,4.0,2014-10-30,2.0,252,181,28,301,-64
2015-10-30,5.0,2014-10-31,1.0,253,182,29,302,-63
2015-10-31,-1.0,2014-11-01,-1.0,254,183,30,303,-62
2015-11-01,-1.0,2014-11-01,-1.0,255,184,31,304,-61
2015-11-02,1.0,2014-11-03,5.0,256,185,32,305,-60
2015-11-03,2.0,2014-11-04,4.0,257,186,33,306,-59
2015-11-04,3.0,2014-11-05,3.0,258,187,34,307,-58
2015-11-05,4.0,2014-11-06,2.0,259,188,35,308,-57
2015-11-06,5.0,2014-11-07,1.0,260,189,36,309,-56
2015-11-07,-1.0,2014-11-08,-1.0,261,190,37,310,-55
2015-11-08,-1.0,2014-11-08,-1.0,262,191,38,311,-54
2015-11-09,1.0,2014-11-10,5.0,263,192,39,312,-53
2015-11-10,2.0,2014-11-11,4.0,264,193,40,313,-52
2015-11-11,3.0,2014-11-12,3.0,265,194,41,314,-51
2015-11-12,4.0,2014-11-13,2.0,266,195,42,315,-50
2015-11-13,5.0,2014-11-14,1.0,267,196,43,316,-49
2015-11-14,-1.0,2014-11-15,-1.0,268,197,44,317,-48
2015-11-15,-1.0,2014-11-15,-1.0,269,198,45,318,-47
2015-11-16,1.0,2014-11-17,5.0,270,199,46,319,-46
2015-11-17,2.0,2014-11-18,4.0,271,200,47,320,-45
2015-11-18,3.0,2014-11-19,3.0,272,201,48,321,-44
2015-11-19,4.0,2014-11-20,2.0,273,202,49,322,-43
2015-11-20,5.0,2014-11-21,1.0,274,203,50,323,-42
2015-11-21,-1.0,2014-11-22,-1.0,275,204,51,324,-41
2015-11-22,-1.0,2014-11-22,-1.0,276,205,52,325,-40
2015-11-23,1.0,2014-11-24,5.0,277,206,53,326,-39
2015-11-24,2.0,2014-11-25,4.0,278,207,54,327,-38
2015-11-25,3.0,2014-11-26,3.0,279,208,55,328,-37
2015-11-26,4.0,2014-11-27,2.0,280,209,56,329,-36
2015-11-27,5.0,2014-11-28,1.0,281,210,57,330,-35
2015-11-28,-1.0,2014-11-29,-1.0,282,211,58,331,-34
2015-11-29,-1.0,2014-11-29,-1.0,283,212,59,332,-33
2015-11-30,1.0,2014-12-01,5.0,284,213,60,333,-32
2015-12-01,2.0,2014-12-02,4.0,285,214,61,334,-31
2015-12-02,3.0,2014-12-03,3.0,286,215,62,335,-30
2015-12-03,4.0,2014-12-04,2.0,287,216,63,336,-29
2015-12-04,5.0,2014-12-05,1.0,288,217,64,337,-28
2015-12-05,-1.0,2014-12-06,-1.0,289,218,65,338,-27
2015-12-06,-1.0,2014-12-06,-1.0,290,219,66,339,-26
2015-12-07,1.0,2014-12-08,5.0,291,220,67,340,-25
2015-12-08,2.0,2014-12-09,4.0,292,221,68,341,-24
2015-12-09,3.0,2014-12-10,3.0,293,222,69,342,-23
2015-12-10,4.0,2014-12-11,2.0,294,223,70,343,-22
2015-12-11,5.0,2014-12-12,1.0,295,224,71,344,-21
2015-12-12,-1.0,2014-12-13,-1.0,296,225,72,345,-20
2015-12-13,-1.0,2014-12-13,-1.0,297,226,73,346,-19
2015-12-14,1.0,2014-12-15,5.0,298,227,74,347,-18
2015-12-15,2.0,2014-12-16,4.0,299,228,75,348,-17
2015-12-16,3.0,2014-12-17,3.0,300,229,76,349,-16
2015-12-17,4.0,2014-12-18,2.0,301,230,77,350,-15
2015-12-18,5.0,2014-12-19,1.0,302,231,78,351,-14
2015-12-19,-1.0,2014-12-20,-1.0,303,232,79,352,-13
2015-12-20,-1.0,2014-12-20,-1.0,304,233,80,353,-12
2015-12-21,1.0,2014-12-22,5.0,305,234,81,354,-11
2015-12-22,2.0,2014-12-23,4.0,306,235,82,355,-10
2015-12-23,3.0,2014-12-24,3.0,307,236,83,356,-9
2015-12-24,4.0,2014-12-25,2.0,308,237,84,357,-8
2015-12-25,5.0,2014-12-26,1.0,309,238,85,358,-7
2015-12-26,-1.0,2014-12-27,-1.0,310,239,86,359,-6
2015-12-27,-1.0,2014-12-27,-1.0,311,240,87,360,-5
2015-12-28,1.0,2014-12-29,3.0,312,241,88,361,-4
2015-12-29,2.0,2014-12-30,2.0,313,242,89,362,-3
2015-12-30,3.0,2014-12-31,1.0,314,243,90,363,-2
2015-12-31,-1.0,2015-01-01,-1.0,315,244,91,364,-1
2016-01-01,-1.0,2015-01-01,-1.0,-38,-121,-274,0,-366
2016-01-02,-1.0,2015-01-02,-1.0,-37,-120,-273,1,-365
2016-01-03,-1.0,2015-01-03,-1.0,-36,-119,-272,2,-364
2016-01-04,1.0,2015-01-04,5.0,-35,-118,-271,3,-363
2016-01-05,2.0,2015-01-05,4.0,-34,-117,-270,4,-362
2016-01-06,3.0,2015-01-06,3.0,-33,-116,-269,5,-361
2016-01-07,4.0,2015-01-07,2.0,-32,-115,-268,6,-360
2016-01-08,5.0,2015-01-08,1.0,-31,-114,-267,7,-359
2016-01-09,-1.0,2015-01-10,-1.0,-30,-113,-266,8,-358
2016-01-10,-1.0,2015-01-10,-1.0,-29,-112,-265,9,-357
2016-01-11,1.0,2015-01-12,5.0,-28,-111,-264,10,-356
2016-01-12,2.0,2015-01-13,4.0,-27,-110,-263,11,-355
2016-01-13,3.0,2015-01-14,3.0,-26,-109,-262,12,-354
2016-01-14,4.0,2015-01-15,2.0,-25,-108,-261,13,-353
2016-01-15,5.0,2015-01-16,1.0,-24,-107,-260,14,-352
2016-01-16,-1.0,2015-01-17,-1.0,-23,-106,-259,15,-351
2016-01-17,-1.0,2015-01-17,-1.0,-22,-105,-258,16,-350
2016-01-18,1.0,2015-01-19,5.0,-21,-104,-257,17,-349
2016-01-19,2.0,2015-01-20,4.0,-20,-103,-256,18,-348
2016-01-20,3.0,2015-01-21,3.0,-19,-102,-255,19,-347
2016-01-21,4.0,2015-01-22,2.0,-18,-101,-254,20,-346
2016-01-22,5.0,2015-01-23,1.0,-17,-100,-253,21,-345
2016-01-23,-1.0,2015-01-24,-1.0,-16,-99,-252,22,-344
2016-01-24,-1.0,2015-01-24,-1.0,-15,-98,-251,23,-343
2016-01-25,1.0,2015-01-26,5.0,-14,-97,-250,24,-342
2016-01-26,2.0,2015-01-27,4.0,-13,-96,-249,25,-341
2016-01-27,3.0,2015-01-28,3.0,-12,-95,-248,26,-340
2016-01-28,4.0,2015-01-29,2.0,-11,-94,-247,27,-339
2016-01-29,5.0,2015-01-30,1.0,-10,-93,-246,28,-338
2016-01-30,-1.0,2015-01-31,-1.0,-9,-92,-245,29,-337
2016-01-31,-1.0,2015-01-31,-1.0,-8,-91,-244,30,-336
2016-02-01,1.0,2015-02-02,6.0,-7,-90,-243,31,-335
2016-02-02,2.0,2015-02-03,5.0,-6,-89,-242,32,-334
2016-02-03,3.0,2015-02-04,4.0,-5,-88,-241,33,-333
2016-02-04,4.0,2015-02-05,3.0,-4,-87,-240,34,-332
2016-02-05,5.0,2015-02-06,2.0,-3,-86,-239,35,-331
2016-02-06,6.0,2015-02-06,1.0,-2,-85,-238,36,-330
2016-02-07,-1.0,2015-02-07,-1.0,-1,-84,-237,37,-329
2016-02-08,-1.0,2015-02-08,-1.0,0,-83,-236,38,-328
2016-02-09,-1.0,2015-02-10,-1.0,1,-82,-235,39,-327
2016-02-10,-1.0,2015-02-12,-1.0,2,-81,-234,40,-326
2016-02-11,-1.0,2015-02-14,-1.0,3,-80,-233,41,-325
2016-02-12,-1.0,2015-02-14,-1.0,4,-79,-232,42,-324
2016-02-13,-1.0,2015-02-14,-1.0,5,-78,-231,43,-323
2016-02-14,1.0,2015-02-15,6.0,6,-77,-230,44,-322
2016-02-15,2.0,2015-02-16,5.0,7,-76,-229,45,-321
2016-02-16,3.0,2015-02-17,4.0,8,-75,-228,46,-320
2016-02-17,4.0,2015-02-17,3.0,9,-74,-227,47,-319
2016-02-18,5.0,2015-02-18,2.0,10,-73,-226,48,-318
2016-02-19,6.0,2015-02-19,1.0,11,-72,-225,49,-317
2016-02-20,-1.0,2015-02-20,-1.0,12,-71,-224,50,-316
2016-02-21,-1.0,2015-02-21,-1.0,13,-70,-223,51,-315
2016-02-22,1.0,2015-02-25,5.0,14,-69,-222,52,-314
2016-02-23,2.0,2015-02-26,4.0,15,-68,-221,53,-313
2016-02-24,3.0,2015-02-27,3.0,16,-67,-220,54,-312
2016-02-25,4.0,2015-02-28,2.0,17,-66,-219,55,-311
2016-02-26,5.0,2015-02-26,1.0,18,-65,-218,56,-310
2016-02-27,-1.0,2015-03-01,-1.0,19,-64,-217,57,-309
2016-02-28,-1.0,2015-03-01,-1.0,20,-63,-216,58,-308
2016-02-29,1.0,2015-03-02,5.0,21,-62,-215,59,-307
2016-03-01,2.0,2015-03-03,4.0,22,-61,-214,60,-306
2016-03-02,3.0,2015-03-04,3.0,23,-60,-213,61,-305
2016-03-03,4.0,2015-03-05,2.0,24,-59,-212,62,-304
2016-03-04,5.0,2015-03-06,1.0,25,-58,-211,63,-303
2016-03-05,-1.0,2015-03-07,-1.0,26,-57,-210,64,-302
2016-03-06,-1.0,2015-03-07,-1.0,27,-56,-209,65,-301
2016-03-07,1.0,2015-03-09,5.0,28,-55,-208,66,-300
2016-03-08,2.0,2015-03-10,4.0,29,-54,-207,67,-299
2016-03-09,3.0,2015-03-11,3.0,30,-53,-206,68,-298
2016-03-10,4.0,2015-03-12,2.0,31,-52,-205,69,-297
2016-03-11,5.0,2015-03-13,1.0,32,-51,-204,70,-296
2016-03-12,-1.0,2015-03-14,-1.0,33,-50,-203,71,-295
2016-03-13,-1.0,2015-03-14,-1.0,34,-49,-202,72,-294
2016-03-14,1.0,2015-03-16,5.0,35,-48,-201,73,-293
2016-03-15,2.0,2015-03-17,4.0,36,-47,-200,74,-292
2016-03-16,3.0,2015-03-18,3.0,37,-46,-199,75,-291
2016-03-17,4.0,2015-03-19,2.0,38,-45,-198,76,-290
2016-03-18,5.0,2015-03-20,1.0,39,-44,-197,77,-289
2016-03-19,-1.0,2015-03-21,-1.0,40,-43,-196,78,-288
2016-03-20,-1.0,2015-03-21,-1.0,41,-42,-195,79,-287
2016-03-21,1.0,2015-03-23,5.0,42,-41,-194,80,-286
2016-03-22,2.0,2015-03-24,4.0,43,-40,-193,81,-285
2016-03-23,3.0,2015-03-25,3.0,44,-39,-192,82,-284
2016-03-24,4.0,2015-03-26,2.0,45,-38,-191,83,-283
2016-03-25,5.0,2015-03-27,1.0,46,-37,-190,84,-282
2016-03-26,-1.0,2015-03-28,-1.0,47,-36,-189,85,-281
2016-03-27,-1.0,2015-03-28,-1.0,48,-35,-188,86,-280
2016-03-28,1.0,2015-03-30,5.0,49,-34,-187,87,-279
2016-03-29,2.0,2015-03-31,4.0,50,-33,-186,88,-278
2016-03-30,3.0,2015-04-01,3.0,51,-32,-185,89,-277
2016-03-31,4.0,2015-04-02,2.0,52,-31,-184,90,-276
2016-04-01,5.0,2015-04-03,1.0,53,-30,-183,91,-275
2016-04-02,-1.0,2015-04-04,-1.0,54,-29,-182,92,-274
2016-04-03,-1.0,2015-04-04,-1.0,55,-28,-181,93,-273
2016-04-04,-1.0,2015-04-04,-1.0,56,-27,-180,94,-272
2016-04-05,1.0,2015-04-07,4.0,57,-26,-179,95,-271
2016-04-06,2.0,2015-04-08,3.0,58,-25,-178,96,-270
2016-04-07,3.0,2015-04-09,2.0,59,-24,-177,97,-269
2016-04-08,4.0,2015-04-10,1.0,60,-23,-176,98,-268
2016-04-09,-1.0,2015-04-11,-1.0,61,-22,-175,99,-267
2016-04-10,-1.0,2015-04-11,-1.0,62,-21,-174,100,-266
2016-04-11,1.0,2015-04-13,5.0,63,-20,-173,101,-265
2016-04-12,2.0,2015-04-14,4.0,64,-19,-172,102,-264
2016-04-13,3.0,2015-04-15,3.0,65,-18,-171,103,-263
2016-04-14,4.0,2015-04-16,2.0,66,-17,-170,104,-262
2016-04-15,5.0,2015-04-17,1.0,67,-16,-169,105,-261
2016-04-16,-1.0,2015-04-18,-1.0,68,-15,-168,106,-260
2016-04-17,-1.0,2015-04-18,-1.0,69,-14,-167,107,-259
2016-04-18,1.0,2015-04-20,5.0,70,-13,-166,108,-258
2016-04-19,2.0,2015-04-21,4.0,71,-12,-165,109,-257
2016-04-20,3.0,2015-04-22,3.0,72,-11,-164,110,-256
2016-04-21,4.0,2015-04-23,2.0,73,-10,-163,111,-255
2016-04-22,5.0,2015-04-24,1.0,74,-9,-162,112,-254
2016-04-23,-1.0,2015-04-25,-1.0,75,-8,-161,113,-253
2016-04-24,-1.0,2015-04-25,-1.0,76,-7,-160,114,-252
2016-04-25,1.0,2015-04-27,5.0,77,-6,-159,115,-251
2016-04-26,2.0,2015-04-28,4.0,78,-5,-158,116,-250
2016-04-27,3.0,2015-04-29,3.0,79,-4,-157,117,-249
2016-04-28,4.0,2015-04-30,2.0,80,-3,-156,118,-248
2016-04-29,5.0,2015-04-29,1.0,81,-2,-155,119,-247
2016-04-30,-1.0,2015-05-01,-1.0,82,-1,-154,120,-246
2016-05-01,-1.0,2015-05-01,-1.0,83,0,-153,121,-245
2016-05-02,-1.0,2015-05-02,-1.0,84,1,-152,122,-244
2016-05-03,1.0,2015-05-04,4.0,85,2,-151,123,-243
2016-05-04,2.0,2015-05-05,3.0,86,3,-150,124,-242
2016-05-05,3.0,2015-05-06,2.0,87,4,-149,125,-241
2016-05-06,4.0,2015-05-07,1.0,88,5,-148,126,-240
2016-05-07,-1.0,2015-05-09,-1.0,89,6,-147,127,-239
2016-05-08,-1.0,2015-05-09,-1.0,90,7,-146,128,-238
2016-05-09,1.0,2015-05-11,5.0,91,8,-145,129,-237
2016-05-10,2.0,2015-05-12,4.0,92,9,-144,130,-236
2016-05-11,3.0,2015-05-13,3.0,93,10,-143,131,-235
2016-05-12,4.0,2015-05-14,2.0,94,11,-142,132,-234
2016-05-13,5.0,2015-05-15,1.0,95,12,-141,133,-233
2016-05-14,-1.0,2015-05-16,-1.0,96,13,-140,134,-232
2016-05-15,-1.0,2015-05-16,-1.0,97,14,-139,135,-231
2016-05-16,1.0,2015-05-18,5.0,98,15,-138,136,-230
2016-05-17,2.0,2015-05-19,4.0,99,16,-137,137,-229
2016-05-18,3.0,2015-05-20,3.0,100,17,-136,138,-228
2016-05-19,4.0,2015-05-21,2.0,101,18,-135,139,-227
2016-05-20,5.0,2015-05-22,1.0,102,19,-134,140,-226
2016-05-21,-1.0,2015-05-23,-1.0,103,20,-133,141,-225
2016-05-22,-1.0,2015-05-23,-1.0,104,21,-132,142,-224
2016-05-23,1.0,2015-05-25,5.0,105,22,-131,143,-223
2016-05-24,2.0,2015-05-26,4.0,106,23,-130,144,-222
2016-05-25,3.0,2015-05-27,3.0,107,24,-129,145,-221
2016-05-26,4.0,2015-05-28,2.0,108,25,-128,146,-220
2016-05-27,5.0,2015-05-29,1.0,109,26,-127,147,-219
2016-05-28,-1.0,2015-05-30,-1.0,110,27,-126,148,-218
2016-05-29,-1.0,2015-05-30,-1.0,111,28,-125,149,-217
2016-05-30,1.0,2015-06-01,5.0,112,29,-124,150,-216
2016-05-31,2.0,2015-06-02,4.0,113,30,-123,151,-215
2016-06-01,3.0,2015-06-03,3.0,114,31,-122,152,-214
2016-06-02,4.0,2015-06-04,2.0,115,32,-121,153,-213
2016-06-03,5.0,2015-06-05,1.0,116,33,-120,154,-212
2016-06-04,-1.0,2015-06-06,-1.0,117,34,-119,155,-211
2016-06-05,-1.0,2015-06-06,-1.0,118,35,-118,156,-210
2016-06-06,1.0,2015-06-08,3.0,119,36,-117,157,-209
2016-06-07,2.0,2015-06-09,2.0,120,37,-116,158,-208
2016-06-08,3.0,2015-06-10,1.0,121,38,-115,159,-207
2016-06-09,-1.0,2015-06-11,-1.0,122,39,-114,160,-206
2016-06-10,-1.0,2015-06-13,-1.0,123,40,-113,161,-205
2016-06-11,-1.0,2015-06-13,-1.0,124,41,-112,162,-204
2016-06-12,1.0,2015-06-15,6.0,125,42,-111,163,-203
2016-06-13,2.0,2015-06-16,5.0,126,43,-110,164,-202
2016-06-14,3.0,2015-06-17,4.0,127,44,-109,165,-201
2016-06-15,4.0,2015-06-18,3.0,128,45,-108,166,-200
2016-06-16,5.0,2015-06-19,2.0,129,46,-107,167,-199
2016-06-17,6.0,2015-06-17,1.0,130,47,-106,168,-198
2016-06-18,-1.0,2015-06-20,-1.0,131,48,-105,169,-197
2016-06-19,-1.0,2015-06-20,-1.0,132,49,-104,170,-196
2016-06-20,1.0,2015-06-23,5.0,133,50,-103,171,-195
2016-06-21,2.0,2015-06-24,4.0,134,51,-102,172,-194
2016-06-22,3.0,2015-06-25,3.0,135,52,-101,173,-193
2016-06-23,4.0,2015-06-26,2.0,136,53,-100,174,-192
2016-06-24,5.0,2015-06-24,1.0,137,54,-99,175,-191
2016-06-25,-1.0,2015-06-27,-1.0,138,55,-98,176,-190
2016-06-26,-1.0,2015-06-27,-1.0,139,56,-97,177,-189
2016-06-27,1.0,2015-06-29,5.0,140,57,-96,178,-188
2016-06-28,2.0,2015-06-30,4.0,141,58,-95,179,-187
2016-06-29,3.0,2015-07-01,3.0,142,59,-94,180,-186
2016-06-30,4.0,2015-07-02,2.0,143,60,-93,181,-185
2016-07-01,5.0,2015-07-03,1.0,144,61,-92,182,-184
2016-07-02,-1.0,2015-07-04,-1.0,145,62,-91,183,-183
2016-07-03,-1.0,2015-07-04,-1.0,146,63,-90,184,-182
2016-07-04,1.0,2015-07-06,5.0,147,64,-89,185,-181
2016-07-05,2.0,2015-07-07,4.0,148,65,-88,186,-180
2016-07-06,3.0,2015-07-08,3.0,149,66,-87,187,-179
2016-07-07,4.0,2015-07-09,2.0,150,67,-86,188,-178
2016-07-08,5.0,2015-07-10,1.0,151,68,-85,189,-177
2016-07-09,-1.0,2015-07-11,-1.0,152,69,-84,190,-176
2016-07-10,-1.0,2015-07-11,-1.0,153,70,-83,191,-175
2016-07-11,1.0,2015-07-13,5.0,154,71,-82,192,-174
2016-07-12,2.0,2015-07-14,4.0,155,72,-81,193,-173
2016-07-13,3.0,2015-07-15,3.0,156,73,-80,194,-172
2016-07-14,4.0,2015-07-16,2.0,157,74,-79,195,-171
2016-07-15,5.0,2015-07-17,1.0,158,75,-78,196,-170
2016-07-16,-1.0,2015-07-18,-1.0,159,76,-77,197,-169
2016-07-17,-1.0,2015-07-18,-1.0,160,77,-76,198,-168
2016-07-18,1.0,2015-07-20,5.0,161,78,-75,199,-167
2016-07-19,2.0,2015-07-21,4.0,162,79,-74,200,-166
2016-07-20,3.0,2015-07-22,3.0,163,80,-73,201,-165
2016-07-21,4.0,2015-07-23,2.0,164,81,-72,202,-164
2016-07-22,5.0,2015-07-24,1.0,165,82,-71,203,-163
2016-07-23,-1.0,2015-07-25,-1.0,166,83,-70,204,-162
2016-07-24,-1.0,2015-07-25,-1.0,167,84,-69,205,-161
2016-07-25,1.0,2015-07-27,5.0,168,85,-68,206,-160
2016-07-26,2.0,2015-07-28,4.0,169,86,-67,207,-159
2016-07-27,3.0,2015-07-29,3.0,170,87,-66,208,-158
2016-07-28,4.0,2015-07-30,2.0,171,88,-65,209,-157
2016-07-29,5.0,2015-07-31,1.0,172,89,-64,210,-156
2016-07-30,-1.0,2015-08-01,-1.0,173,90,-63,211,-155
2016-07-31,-1.0,2015-08-01,-1.0,174,91,-62,212,-154
2016-08-01,1.0,2015-08-03,5.0,175,92,-61,213,-153
2016-08-02,2.0,2015-08-04,4.0,176,93,-60,214,-152
2016-08-03,3.0,2015-08-05,3.0,177,94,-59,215,-151
2016-08-04,4.0,2015-08-06,2.0,178,95,-58,216,-150
2016-08-05,5.0,2015-08-07,1.0,179,96,-57,217,-149
2016-08-06,-1.0,2015-08-08,-1.0,180,97,-56,218,-148
2016-08-07,-1.0,2015-08-08,-1.0,181,98,-55,219,-147
2016-08-08,1.0,2015-08-10,5.0,182,99,-54,220,-146
2016-08-09,2.0,2015-08-11,4.0,183,100,-53,221,-145
2016-08-10,3.0,2015-08-12,3.0,184,101,-52,222,-144
2016-08-11,4.0,2015-08-13,2.0,185,102,-51,223,-143
2016-08-12,5.0,2015-08-14,1.0,186,103,-50,224,-142
2016-08-13,-1.0,2015-08-15,-1.0,187,104,-49,225,-141
2016-08-14,-1.0,2015-08-15,-1.0,188,105,-48,226,-140
2016-08-15,1.0,2015-08-17,5.0,189,106,-47,227,-139
2016-08-16,2.0,2015-08-18,4.0,190,107,-46,228,-138
2016-08-17,3.0,2015-08-19,3.0,191,108,-45,229,-137
2016-08-18,4.0,2015-08-20,2.0,192,109,-44,230,-136
2016-08-19,5.0,2015-08-21,1.0,193,110,-43,231,-135
2016-08-20,-1.0,2015-08-22,-1.0,194,111,-42,232,-134
2016-08-21,-1.0,2015-08-22,-1.0,195,112,-41,233,-133
2016-08-22,1.0,2015-08-24,5.0,196,113,-40,234,-132
2016-08-23,2.0,2015-08-25,4.0,197,114,-39,235,-131
2016-08-24,3.0,2015-08-26,3.0,198,115,-38,236,-130
2016-08-25,4.0,2015-08-27,2.0,199,116,-37,237,-129
2016-08-26,5.0,2015-08-28,1.0,200,117,-36,238,-128
2016-08-27,-1.0,2015-08-29,-1.0,201,118,-35,239,-127
2016-08-28,-1.0,2015-08-29,-1.0,202,119,-34,240,-126
2016-08-29,1.0,2015-08-31,5.0,203,120,-33,241,-125
2016-08-30,2.0,2015-09-01,4.0,204,121,-32,242,-124
2016-08-31,3.0,2015-09-02,3.0,205,122,-31,243,-123
2016-09-01,4.0,2015-09-01,2.0,206,123,-30,244,-122
2016-09-02,5.0,2015-09-02,1.0,207,124,-29,245,-121
2016-09-03,-1.0,2015-09-03,-1.0,208,125,-28,246,-120
2016-09-04,-1.0,2015-09-04,-1.0,209,126,-27,247,-119
2016-09-05,1.0,2015-09-06,5.0,210,127,-26,248,-118
2016-09-06,2.0,2015-09-07,4.0,211,128,-25,249,-117
2016-09-07,3.0,2015-09-08,3.0,212,129,-24,250,-116
2016-09-08,4.0,2015-09-09,2.0,213,130,-23,251,-115
2016-09-09,5.0,2015-09-10,1.0,214,131,-22,252,-114
2016-09-10,-1.0,2015-09-12,-1.0,215,132,-21,253,-113
2016-09-11,-1.0,2015-09-12,-1.0,216,133,-20,254,-112
2016-09-12,1.0,2015-09-14,3.0,217,134,-19,255,-111
2016-09-13,2.0,2015-09-15,2.0,218,135,-18,256,-110
2016-09-14,3.0,2015-09-16,1.0,219,136,-17,257,-109
2016-09-15,-1.0,2015-09-17,-1.0,220,137,-16,258,-108
2016-09-16,-1.0,2015-09-19,-1.0,221,138,-15,259,-107
2016-09-17,-1.0,2015-09-19,-1.0,222,139,-14,260,-106
2016-09-18,1.0,2015-09-21,6.0,223,140,-13,261,-105
2016-09-19,2.0,2015-09-22,5.0,224,141,-12,262,-104
2016-09-20,3.0,2015-09-23,4.0,225,142,-11,263,-103
2016-09-21,4.0,2015-09-24,3.0,226,143,-10,264,-102
2016-09-22,5.0,2015-09-25,2.0,227,144,-9,265,-101
2016-09-23,6.0,2015-09-23,1.0,228,145,-8,266,-100
2016-09-24,-1.0,2015-09-26,-1.0,229,146,-7,267,-99
2016-09-25,-1.0,2015-09-26,-1.0,230,147,-6,268,-98
2016-09-26,1.0,2015-09-28,5.0,231,148,-5,269,-97
2016-09-27,2.0,2015-09-29,4.0,232,149,-4,270,-96
2016-09-28,3.0,2015-09-30,3.0,233,150,-3,271,-95
2016-09-29,4.0,2015-09-29,2.0,234,151,-2,272,-94
2016-09-30,5.0,2015-09-30,1.0,235,152,-1,273,-93
2016-10-01,-1.0,2015-10-01,-1.0,236,153,0,274,-92
2016-10-02,-1.0,2015-10-02,-1.0,237,154,1,275,-91
2016-10-03,-1.0,2015-10-03,-1.0,238,155,2,276,-90
2016-10-04,-1.0,2015-10-04,-1.0,239,156,3,277,-89
2016-10-05,-1.0,2015-10-05,-1.0,240,157,4,278,-88
2016-10-06,-1.0,2015-10-06,-1.0,241,158,5,279,-87
2016-10-07,-1.0,2015-10-07,-1.0,242,159,6,280,-86
2016-10-08,1.0,2015-10-08,7.0,243,160,7,281,-85
2016-10-09,2.0,2015-10-09,6.0,244,161,8,282,-84
2016-10-10,3.0,2015-10-10,5.0,245,162,9,283,-83
2016-10-11,4.0,2015-10-15,4.0,246,163,10,284,-82
2016-10-12,5.0,2014-10-12,3.0,247,164,11,285,-81
2016-10-13,6.0,2014-10-13,2.0,248,165,12,286,-80
2016-10-14,7.0,2014-10-14,1.0,249,166,13,287,-79
2016-10-15,-1.0,2014-10-18,-1.0,250,167,14,288,-78
2016-10-16,-1.0,2014-10-18,-1.0,251,168,15,289,-77
2016-10-17,1.0,2014-10-20,5.0,252,169,16,290,-76
2016-10-18,2.0,2014-10-21,4.0,253,170,17,291,-75
2016-10-19,3.0,2014-10-22,3.0,254,171,18,292,-74
2016-10-20,4.0,2014-10-23,2.0,255,172,19,293,-73
2016-10-21,5.0,2014-10-24,1.0,256,173,20,294,-72
2016-10-22,-1.0,2014-10-25,-1.0,257,174,21,295,-71
2016-10-23,-1.0,2014-10-25,-1.0,258,175,22,296,-70
2016-10-24,1.0,2014-10-27,5.0,259,176,23,297,-69
2016-10-25,2.0,2014-10-28,4.0,260,177,24,298,-68
2016-10-26,3.0,2014-10-29,3.0,261,178,25,299,-67
2016-10-27,4.0,2014-10-30,2.0,262,179,26,300,-66
2016-10-28,5.0,2014-10-31,1.0,263,180,27,301,-65
2016-10-29,-1.0,2014-11-01,-1.0,264,181,28,302,-64
2016-10-30,-1.0,2014-11-01,-1.0,265,182,29,303,-63
2016-10-31,1.0,2014-11-03,5.0,266,183,30,304,-62
2016-11-01,2.0,2014-11-04,4.0,267,184,31,305,-61
2016-11-02,3.0,2014-11-05,3.0,268,185,32,306,-60
2016-11-03,4.0,2014-11-06,2.0,269,186,33,307,-59
2016-11-04,5.0,2014-11-07,1.0,270,187,34,308,-58
2016-11-05,-1.0,2014-11-08,-1.0,271,188,35,309,-57
2016-11-06,-1.0,2014-11-08,-1.0,272,189,36,310,-56
2016-11-07,1.0,2014-11-10,5.0,273,190,37,311,-55
2016-11-08,2.0,2014-11-11,4.0,274,191,38,312,-54
2016-11-09,3.0,2014-11-12,3.0,275,192,39,313,-53
2016-11-10,4.0,2014-11-13,2.0,276,193,40,314,-52
2016-11-11,5.0,2014-11-14,1.0,277,194,41,315,-51
2016-11-12,-1.0,2014-11-15,-1.0,278,195,42,316,-50
2016-11-13,-1.0,2014-11-15,-1.0,279,196,43,317,-49
2016-11-14,1.0,2014-11-17,5.0,280,197,44,318,-48
2016-11-15,2.0,2014-11-18,4.0,281,198,45,319,-47
2016-11-16,3.0,2014-11-19,3.0,282,199,46,320,-46
2016-11-17,4.0,2014-11-20,2.0,283,200,47,321,-45
2016-11-18,5.0,2014-11-21,1.0,284,201,48,322,-44
2016-11-19,-1.0,2014-11-22,-1.0,285,202,49,323,-43
2016-11-20,-1.0,2014-11-22,-1.0,286,203,50,324,-42
2016-11-21,1.0,2014-11-24,5.0,287,204,51,325,-41
2016-11-22,2.0,2014-11-25,4.0,288,205,52,326,-40
2016-11-23,3.0,2014-11-26,3.0,289,206,53,327,-39
2016-11-24,4.0,2014-11-27,2.0,290,207,54,328,-38
2016-11-25,5.0,2014-11-28,1.0,291,208,55,329,-37
2016-11-26,-1.0,2014-11-29,-1.0,292,209,56,330,-36
2016-11-27,-1.0,2014-11-29,-1.0,293,210,57,331,-35
2016-11-28,1.0,2014-12-01,5.0,294,211,58,332,-34
2016-11-29,2.0,2014-12-02,4.0,295,212,59,333,-33
2016-11-30,3.0,2014-12-03,3.0,296,213,60,334,-32
2016-12-01,4.0,2014-12-04,2.0,297,214,61,335,-31
2016-12-02,5.0,2014-12-05,1.0,298,215,62,336,-30
2016-12-03,-1.0,2014-12-06,-1.0,299,216,63,337,-29
2016-12-04,-1.0,2014-12-06,-1.0,300,217,64,338,-28
2016-12-05,1.0,2014-12-08,5.0,301,218,65,339,-27
2016-12-06,2.0,2014-12-09,4.0,302,219,66,340,-26
2016-12-07,3.0,2014-12-10,3.0,303,220,67,341,-25
2016-12-08,4.0,2014-12-11,2.0,304,221,68,342,-24
2016-12-09,5.0,2014-12-12,1.0,305,222,69,343,-23
2016-12-10,-1.0,2014-12-13,-1.0,306,223,70,344,-22
2016-12-11,-1.0,2014-12-13,-1.0,307,224,71,345,-21
2016-12-12,1.0,2014-12-15,5.0,308,225,72,346,-20
2016-12-13,2.0,2014-12-16,4.0,309,226,73,347,-19
2016-12-14,3.0,2014-12-17,3.0,310,227,74,348,-18
2016-12-15,4.0,2014-12-18,2.0,311,228,75,349,-17
2016-12-16,5.0,2014-12-19,1.0,312,229,76,350,-16
2016-12-17,-1.0,2014-12-20,-1.0,313,230,77,351,-15
2016-12-18,-1.0,2014-12-20,-1.0,314,231,78,352,-14
2016-12-19,1.0,2014-12-22,5.0,315,232,79,353,-13
2016-12-20,2.0,2014-12-23,4.0,316,233,80,354,-12
2016-12-21,3.0,2014-12-24,3.0,317,234,81,355,-11
2016-12-22,4.0,2014-12-25,2.0,318,235,82,356,-10
2016-12-23,5.0,2014-12-26,1.0,319,236,83,357,-9
2016-12-24,-1.0,2014-12-27,-1.0,320,237,84,358,-8
2016-12-25,-1.0,2014-12-27,-1.0,321,238,85,359,-7
2016-12-26,1.0,2014-12-29,5.0,322,239,86,360,-6
2016-12-27,2.0,2014-12-30,4.0,323,240,87,361,-5
2016-12-28,3.0,2014-12-31,3.0,324,241,88,362,-4
2016-12-29,4.0,2015-01-02,2.0,325,242,89,363,-3
2016-12-30,5.0,2015-01-03,1.0,326,243,90,364,-2
2016-12-31,-1.0,2015-01-01,-1.0,327,244,91,365,-1
2017-01-01,-1.0,2015-01-01,-1.0,-27,-120,-273,0,-365
2017-01-02,-1.0,2015-01-02,-1.0,-26,-119,-272,1,-364
2017-01-03,1.0,2015-01-04,4.0,-25,-118,-271,2,-363
2017-01-04,2.0,2015-01-05,3.0,-24,-117,-270,3,-362
2017-01-05,3.0,2015-01-06,2.0,-23,-116,-269,4,-361
2017-01-06,4.0,2015-01-07,1.0,-22,-115,-268,5,-360
2017-01-07,-1.0,2015-01-10,-1.0,-21,-114,-267,6,-359
2017-01-08,-1.0,2015-01-10,-1.0,-20,-113,-266,7,-358
2017-01-09,1.0,2015-01-12,5.0,-19,-112,-265,8,-357
2017-01-10,2.0,2015-01-13,4.0,-18,-111,-264,9,-356
2017-01-11,3.0,2015-01-14,3.0,-17,-110,-263,10,-355
2017-01-12,4.0,2015-01-15,2.0,-16,-109,-262,11,-354
2017-01-13,5.0,2015-01-16,1.0,-15,-108,-261,12,-353
2017-01-14,-1.0,2015-01-17,-1.0,-14,-107,-260,13,-352
2017-01-15,-1.0,2015-01-17,-1.0,-13,-106,-259,14,-351
2017-01-16,1.0,2015-01-19,5.0,-12,-105,-258,15,-350
2017-01-17,2.0,2015-01-20,4.0,-11,-104,-257,16,-349
2017-01-18,3.0,2015-01-21,3.0,-10,-103,-256,17,-348
2017-01-19,4.0,2015-01-22,2.0,-9,-102,-255,18,-347
2017-01-20,5.0,2015-01-23,1.0,-8,-101,-254,19,-346
2017-01-21,-1.0,2015-01-24,-1.0,-7,-100,-253,20,-345
2017-01-22,1.0,2015-01-25,5.0,-6,-99,-252,21,-344
2017-01-23,2.0,2015-01-26,4.0,-5,-98,-251,22,-343
2017-01-24,3.0,2015-01-27,3.0,-4,-97,-250,23,-342
2017-01-25,4.0,2015-01-28,2.0,-3,-96,-249,24,-341
2017-01-26,5.0,2015-01-29,1.0,-2,-95,-248,25,-340
2017-01-27,-1.0,2015-01-29,-1.0,-1,-94,-247,26,-339
2017-01-28,-1.0,2015-01-31,-1.0,0,-93,-246,27,-338
2017-01-29,-1.0,2015-01-31,-1.0,1,-92,-245,28,-337
2017-01-30,-1.0,2015-01-31,-1.0,2,-91,-244,29,-336
2017-01-31,-1.0,2015-01-31,-1.0,3,-90,-243,30,-335
2017-02-01,-1.0,2015-02-01,-1.0,4,-89,-242,31,-334
2017-02-02,-1.0,2015-02-03,-1.0,5,-88,-241,32,-333
2017-02-03,1.0,2015-02-04,2.0,6,-87,-240,33,-332
2017-02-04,2.0,2015-02-05,1.0,7,-86,-239,34,-331
2017-02-05,-1.0,2015-02-07,-1.0,8,-85,-238,35,-330
2017-02-06,1.0,2015-02-09,5.0,9,-84,-237,36,-329
2017-02-07,2.0,2015-02-10,4.0,10,-83,-236,37,-328
2017-02-08,3.0,2015-02-11,3.0,11,-82,-235,38,-327
2017-02-09,4.0,2015-02-12,2.0,12,-81,-234,39,-326
2017-02-10,5.0,2015-02-13,1.0,13,-80,-233,40,-325
2017-02-11,-1.0,2015-02-14,-1.0,14,-79,-232,41,-324
2017-02-12,-1.0,2015-02-14,-1.0,15,-78,-231,42,-323
2017-02-13,1.0,2015-02-15,5.0,16,-77,-230,43,-322
2017-02-14,2.0,2015-02-16,4.0,17,-76,-229,44,-321
2017-02-15,3.0,2015-02-17,3.0,18,-75,-228,45,-320
2017-02-16,4.0,2015-02-20,2.0,19,-74,-227,46,-319
2017-02-17,5.0,2015-02-21,1.0,20,-73,-226,47,-318
2017-02-18,-1.0,2015-02-18,-1.0,21,-72,-225,48,-317
2017-02-19,-1.0,2015-02-19,-1.0,22,-71,-224,49,-316
2017-02-20,1.0,2015-02-20,5.0,23,-70,-223,50,-315
2017-02-21,2.0,2015-02-21,4.0,24,-69,-222,51,-314
2017-02-22,3.0,2015-02-22,3.0,25,-68,-221,52,-313
2017-02-23,4.0,2015-02-23,2.0,26,-67,-220,53,-312
2017-02-24,5.0,2015-02-24,1.0,27,-66,-219,54,-311
2017-02-25,-1.0,2015-02-26,-1.0,28,-65,-218,55,-310
2017-02-26,-1.0,2015-02-28,-1.0,29,-64,-217,56,-309
2017-02-27,1.0,2015-03-01,5.0,30,-63,-216,57,-308
2017-02-28,2.0,2015-03-02,4.0,31,-62,-215,58,-307
2017-03-01,3.0,2015-03-03,3.0,32,-61,-214,59,-306
2017-03-02,4.0,2015-03-04,2.0,33,-60,-213,60,-305
2017-03-03,5.0,2015-03-06,1.0,34,-59,-212,61,-304
2017-03-04,-1.0,2015-03-07,-1.0,35,-58,-211,62,-303
2017-03-05,-1.0,2015-03-07,-1.0,36,-57,-210,63,-302
2017-03-06,1.0,2015-03-09,5.0,37,-56,-209,64,-301
2017-03-07,2.0,2015-03-10,4.0,38,-55,-208,65,-300
2017-03-08,3.0,2015-03-11,3.0,39,-54,-207,66,-299
2017-03-09,4.0,2015-03-12,2.0,40,-53,-206,67,-298
2017-03-10,5.0,2015-03-13,1.0,41,-52,-205,68,-297
2017-03-11,-1.0,2015-03-14,-1.0,42,-51,-204,69,-296
2017-03-12,-1.0,2015-03-14,-1.0,43,-50,-203,70,-295
2017-03-13,1.0,2015-03-16,5.0,44,-49,-202,71,-294
2017-03-14,2.0,2015-03-17,4.0,45,-48,-201,72,-293
2017-03-15,3.0,2015-03-18,3.0,46,-47,-200,73,-292
2017-03-16,4.0,2015-03-19,2.0,47,-46,-199,74,-291
2017-03-17,5.0,2015-03-20,1.0,48,-45,-198,75,-290
2017-03-18,-1.0,2015-03-21,-1.0,49,-44,-197,76,-289
2017-03-19,-1.0,2015-03-21,-1.0,50,-43,-196,77,-288
2017-03-20,1.0,2015-03-23,5.0,51,-42,-195,78,-287
2017-03-21,2.0,2015-03-24,4.0,52,-41,-194,79,-286
2017-03-22,3.0,2015-03-25,3.0,53,-40,-193,80,-285
2017-03-23,4.0,2015-03-26,2.0,54,-39,-192,81,-284
2017-03-24,5.0,2015-03-27,1.0,55,-38,-191,82,-283
2017-03-25,-1.0,2015-03-28,-1.0,56,-37,-190,83,-282
2017-03-26,-1.0,2015-03-28,-1.0,57,-36,-189,84,-281
2017-03-27,1.0,2015-03-30,6.0,58,-35,-188,85,-280
2017-03-28,2.0,2015-03-31,5.0,59,-34,-187,86,-279
2017-03-29,3.0,2015-04-01,4.0,60,-33,-186,87,-278
2017-03-30,4.0,2015-04-02,3.0,61,-32,-185,88,-277
2017-03-31,5.0,2015-04-03,2.0,62,-31,-184,89,-276
2017-04-01,6.0,2015-04-01,1.0,63,-30,-183,90,-275
2017-04-02,-1.0,2015-04-04,-1.0,64,-29,-182,91,-274
2017-04-03,-1.0,2015-04-04,-1.0,65,-28,-181,92,-273
2017-04-04,-1.0,2015-04-04,-1.0,66,-27,-180,93,-272
2017-04-05,1.0,2015-04-07,3.0,67,-26,-179,94,-271
2017-04-06,2.0,2015-04-08,2.0,68,-25,-178,95,-270
2017-04-07,3.0,2015-04-09,1.0,69,-24,-177,96,-269
2017-04-08,-1.0,2015-04-10,-1.0,70,-23,-176,97,-268
2017-04-09,-1.0,2015-04-11,-1.0,71,-22,-175,98,-267
2017-04-10,1.0,2015-04-13,5.0,72,-21,-174,99,-266
2017-04-11,2.0,2015-04-14,4.0,73,-20,-173,100,-265
2017-04-12,3.0,2015-04-15,3.0,74,-19,-172,101,-264
2017-04-13,4.0,2015-04-16,2.0,75,-18,-171,102,-263
2017-04-14,5.0,2015-04-17,1.0,76,-17,-170,103,-262
2017-04-15,-1.0,2015-04-18,-1.0,77,-16,-169,104,-261
2017-04-16,-1.0,2015-04-18,-1.0,78,-15,-168,105,-260
2017-04-17,1.0,2015-04-20,5.0,79,-14,-167,106,-259
2017-04-18,2.0,2015-04-21,4.0,80,-13,-166,107,-258
2017-04-19,3.0,2015-04-22,3.0,81,-12,-165,108,-257
2017-04-20,4.0,2015-04-23,2.0,82,-11,-164,109,-256
2017-04-21,5.0,2015-04-24,1.0,83,-10,-163,110,-255
2017-04-22,-1.0,2015-04-25,-1.0,84,-9,-162,111,-254
2017-04-23,-1.0,2015-04-25,-1.0,85,-8,-161,112,-253
2017-04-24,1.0,2015-04-27,5.0,86,-7,-160,113,-252
2017-04-25,2.0,2015-04-28,4.0,87,-6,-159,114,-251
2017-04-26,3.0,2015-04-29,3.0,88,-5,-158,115,-250
2017-04-27,4.0,2015-04-30,2.0,89,-4,-157,116,-249
2017-04-28,5.0,2015-05-02,1.0,90,-3,-156,117,-248
2017-04-29,-1.0,2015-05-01,-1.0,91,-2,-155,118,-247
2017-04-30,-1.0,2015-05-01,-1.0,92,-1,-154,119,-246
2017-05-01,-1.0,2015-05-01,-1.0,93,0,-153,120,-245
2017-05-02,1.0,2015-05-04,4.0,94,1,-152,121,-244
2017-05-03,2.0,2015-05-05,3.0,95,2,-151,122,-243
2017-05-04,3.0,2015-05-06,2.0,96,3,-150,123,-242
2017-05-05,4.0,2015-05-07,1.0,97,4,-149,124,-241
2017-05-06,-1.0,2015-05-09,-1.0,98,5,-148,125,-240
2017-05-07,-1.0,2015-05-09,-1.0,99,6,-147,126,-239
2017-05-08,1.0,2015-05-11,5.0,100,7,-146,127,-238
2017-05-09,2.0,2015-05-12,4.0,101,8,-145,128,-237
2017-05-10,3.0,2015-05-13,3.0,102,9,-144,129,-236
2017-05-11,4.0,2015-05-14,2.0,103,10,-143,130,-235
2017-05-12,5.0,2015-05-15,1.0,104,11,-142,131,-234
2017-05-13,-1.0,2015-05-16,-1.0,105,12,-141,132,-233
2017-05-14,-1.0,2015-05-16,-1.0,106,13,-140,133,-232
2017-05-15,1.0,2015-05-18,5.0,107,14,-139,134,-231
2017-05-16,2.0,2015-05-19,4.0,108,15,-138,135,-230
2017-05-17,3.0,2015-05-20,3.0,109,16,-137,136,-229
2017-05-18,4.0,2015-05-21,2.0,110,17,-136,137,-228
2017-05-19,5.0,2015-05-22,1.0,111,18,-135,138,-227
2017-05-20,-1.0,2015-05-23,-1.0,112,19,-134,139,-226
2017-05-21,-1.0,2015-05-23,-1.0,113,20,-133,140,-225
2017-05-22,1.0,2015-05-25,6.0,114,21,-132,141,-224
2017-05-23,2.0,2015-05-26,5.0,115,22,-131,142,-223
2017-05-24,3.0,2015-05-27,4.0,116,23,-130,143,-222
2017-05-25,4.0,2015-05-28,3.0,117,24,-129,144,-221
2017-05-26,5.0,2015-05-29,2.0,118,25,-128,145,-220
2017-05-27,6.0,2015-05-27,1.0,119,26,-127,146,-219
2017-05-28,-1.0,2015-05-30,-1.0,120,27,-126,147,-218
2017-05-29,-1.0,2015-05-30,-1.0,121,28,-125,148,-217
2017-05-30,-1.0,2015-05-30,-1.0,122,29,-124,149,-216
2017-05-31,1.0,2015-06-01,3.0,123,30,-123,150,-215
2017-06-01,2.0,2015-06-02,2.0,124,31,-122,151,-214
2017-06-02,3.0,2015-06-03,1.0,125,32,-121,152,-213
2017-06-03,-1.0,2015-06-06,-1.0,126,33,-120,153,-212
2017-06-04,-1.0,2015-06-06,-1.0,127,34,-119,154,-211
2017-06-05,1.0,2015-06-08,5.0,128,35,-118,155,-210
2017-06-06,2.0,2015-06-09,4.0,129,36,-117,156,-209
2017-06-07,3.0,2015-06-10,3.0,130,37,-116,157,-208
2017-06-08,4.0,2015-06-11,2.0,131,38,-115,158,-207
2017-06-09,5.0,2015-06-12,1.0,132,39,-114,159,-206
2017-06-10,-1.0,2015-06-13,-1.0,133,40,-113,160,-205
2017-06-11,-1.0,2015-06-13,-1.0,134,41,-112,161,-204
2017-06-12,1.0,2015-06-15,5.0,135,42,-111,162,-203
2017-06-13,2.0,2015-06-16,4.0,136,43,-110,163,-202
2017-06-14,3.0,2015-06-17,3.0,137,44,-109,164,-201
2017-06-15,4.0,2015-06-18,2.0,138,45,-108,165,-200
2017-06-16,5.0,2015-06-19,1.0,139,46,-107,166,-199
2017-06-17,-1.0,2015-06-20,-1.0,140,47,-106,167,-198
2017-06-18,-1.0,2015-06-20,-1.0,141,48,-105,168,-197
2017-06-19,1.0,2015-06-23,5.0,142,49,-104,169,-196
2017-06-20,2.0,2015-06-24,4.0,143,50,-103,170,-195
2017-06-21,3.0,2015-06-25,3.0,144,51,-102,171,-194
2017-06-22,4.0,2015-06-26,2.0,145,52,-101,172,-193
2017-06-23,5.0,2015-06-27,1.0,146,53,-100,173,-192
2017-06-24,-1.0,2015-06-26,-1.0,147,54,-99,174,-191
2017-06-25,-1.0,2015-06-27,-1.0,148,55,-98,175,-190
2017-06-26,1.0,2015-06-29,5.0,149,56,-97,176,-189
2017-06-27,2.0,2015-06-30,4.0,150,57,-96,177,-188
2017-06-28,3.0,2015-07-01,3.0,151,58,-95,178,-187
2017-06-29,4.0,2015-07-02,2.0,152,59,-94,179,-186
2017-06-30,5.0,2015-07-03,1.0,153,60,-93,180,-185
2017-07-01,-1.0,2015-07-04,-1.0,154,61,-92,181,-184
2017-07-02,-1.0,2015-07-04,-1.0,155,62,-91,182,-183
2017-07-03,1.0,2015-07-06,5.0,156,63,-90,183,-182
2017-07-04,2.0,2015-07-07,4.0,157,64,-89,184,-181
2017-07-05,3.0,2015-07-08,3.0,158,65,-88,185,-180
2017-07-06,4.0,2015-07-09,2.0,159,66,-87,186,-179
2017-07-07,5.0,2015-07-10,1.0,160,67,-86,187,-178
2017-07-08,-1.0,2015-07-11,-1.0,161,68,-85,188,-177
2017-07-09,-1.0,2015-07-11,-1.0,162,69,-84,189,-176
2017-07-10,1.0,2015-07-13,5.0,163,70,-83,190,-175
2017-07-11,2.0,2015-07-14,4.0,164,71,-82,191,-174
2017-07-12,3.0,2015-07-15,3.0,165,72,-81,192,-173
2017-07-13,4.0,2015-07-16,2.0,166,73,-80,193,-172
2017-07-14,5.0,2015-07-17,1.0,167,74,-79,194,-171
2017-07-15,-1.0,2015-07-18,-1.0,168,75,-78,195,-170
2017-07-16,-1.0,2015-07-18,-1.0,169,76,-77,196,-169
2017-07-17,1.0,2015-07-20,5.0,170,77,-76,197,-168
2017-07-18,2.0,2015-07-21,4.0,171,78,-75,198,-167
2017-07-19,3.0,2015-07-22,3.0,172,79,-74,199,-166
2017-07-20,4.0,2015-07-23,2.0,173,80,-73,200,-165
2017-07-21,5.0,2015-07-24,1.0,174,81,-72,201,-164
2017-07-22,-1.0,2015-07-25,-1.0,175,82,-71,202,-163
2017-07-23,-1.0,2015-07-25,-1.0,176,83,-70,203,-162
2017-07-24,1.0,2015-07-27,5.0,177,84,-69,204,-161
2017-07-25,2.0,2015-07-28,4.0,178,85,-68,205,-160
2017-07-26,3.0,2015-07-29,3.0,179,86,-67,206,-159
2017-07-27,4.0,2015-07-30,2.0,180,87,-66,207,-158
2017-07-28,5.0,2015-07-31,1.0,181,88,-65,208,-157
2017-07-29,-1.0,2015-08-01,-1.0,182,89,-64,209,-156
2017-07-30,-1.0,2015-08-01,-1.0,183,90,-63,210,-155
2017-07-31,1.0,2015-08-03,5.0,184,91,-62,211,-154
2017-08-01,2.0,2015-08-04,4.0,185,92,-61,212,-153
2017-08-02,3.0,2015-08-05,3.0,186,93,-60,213,-152
2017-08-03,4.0,2015-08-06,2.0,187,94,-59,214,-151
2017-08-04,5.0,2015-08-07,1.0,188,95,-58,215,-150
2017-08-05,-1.0,2015-08-08,-1.0,189,96,-57,216,-149
2017-08-06,-1.0,2015-08-08,-1.0,190,97,-56,217,-148
2017-08-07,1.0,2015-08-10,5.0,191,98,-55,218,-147
2017-08-08,2.0,2015-08-11,4.0,192,99,-54,219,-146
2017-08-09,3.0,2015-08-12,3.0,193,100,-53,220,-145
2017-08-10,4.0,2015-08-13,2.0,194,101,-52,221,-144
2017-08-11,5.0,2015-08-14,1.0,195,102,-51,222,-143
2017-08-12,-1.0,2015-08-15,-1.0,196,103,-50,223,-142
2017-08-13,-1.0,2015-08-15,-1.0,197,104,-49,224,-141
2017-08-14,1.0,2015-08-17,5.0,198,105,-48,225,-140
2017-08-15,2.0,2015-08-18,4.0,199,106,-47,226,-139
2017-08-16,3.0,2015-08-19,3.0,200,107,-46,227,-138
2017-08-17,4.0,2015-08-20,2.0,201,108,-45,228,-137
2017-08-18,5.0,2015-08-21,1.0,202,109,-44,229,-136
2017-08-19,-1.0,2015-08-22,-1.0,203,110,-43,230,-135
2017-08-20,-1.0,2015-08-22,-1.0,204,111,-42,231,-134
2017-08-21,1.0,2015-08-24,5.0,205,112,-41,232,-133
2017-08-22,2.0,2015-08-25,4.0,206,113,-40,233,-132
2017-08-23,3.0,2015-08-26,3.0,207,114,-39,234,-131
2017-08-24,4.0,2015-08-27,2.0,208,115,-38,235,-130
2017-08-25,5.0,2015-08-28,1.0,209,116,-37,236,-129
2017-08-26,-1.0,2015-08-29,-1.0,210,117,-36,237,-128
2017-08-27,-1.0,2015-08-29,-1.0,211,118,-35,238,-127
2017-08-28,1.0,2015-08-31,5.0,212,119,-34,239,-126
2017-08-29,2.0,2015-09-01,4.0,213,120,-33,240,-125
2017-08-30,3.0,2015-09-02,3.0,214,121,-32,241,-124
2017-08-31,4.0,2015-09-04,2.0,215,122,-31,242,-123
2017-09-01,5.0,2015-09-05,1.0,216,123,-30,243,-122
2017-09-02,-1.0,2015-09-03,-1.0,217,124,-29,244,-121
2017-09-03,-1.0,2015-09-03,-1.0,218,125,-28,245,-120
2017-09-04,1.0,2015-09-06,5.0,219,126,-27,246,-119
2017-09-05,2.0,2015-09-07,4.0,220,127,-26,247,-118
2017-09-06,3.0,2015-09-08,3.0,221,128,-25,248,-117
2017-09-07,4.0,2015-09-09,2.0,222,129,-24,249,-116
2017-09-08,5.0,2015-09-10,1.0,223,130,-23,250,-115
2017-09-09,-1.0,2015-09-12,-1.0,224,131,-22,251,-114
2017-09-10,-1.0,2015-09-12,-1.0,225,132,-21,252,-113
2017-09-11,1.0,2015-09-14,5.0,226,133,-20,253,-112
2017-09-12,2.0,2015-09-15,4.0,227,134,-19,254,-111
2017-09-13,3.0,2015-09-16,3.0,228,135,-18,255,-110
2017-09-14,4.0,2015-09-17,2.0,229,136,-17,256,-109
2017-09-15,5.0,2015-09-18,1.0,230,137,-16,257,-108
2017-09-16,-1.0,2015-09-19,-1.0,231,138,-15,258,-107
2017-09-17,-1.0,2015-09-19,-1.0,232,139,-14,259,-106
2017-09-18,1.0,2015-09-21,5.0,233,140,-13,260,-105
2017-09-19,2.0,2015-09-22,4.0,234,141,-12,261,-104
2017-09-20,3.0,2015-09-23,3.0,235,142,-11,262,-103
2017-09-21,4.0,2015-09-24,2.0,236,143,-10,263,-102
2017-09-22,5.0,2015-09-25,1.0,237,144,-9,264,-101
2017-09-23,-1.0,2015-09-26,-1.0,238,145,-8,265,-100
2017-09-24,-1.0,2015-09-26,-1.0,239,146,-7,266,-99
2017-09-25,1.0,2015-09-28,6.0,240,147,-6,267,-98
2017-09-26,2.0,2015-09-29,5.0,241,148,-5,268,-97
2017-09-27,3.0,2015-09-30,4.0,242,149,-4,269,-96
2017-09-28,4.0,2015-10-02,3.0,243,150,-3,270,-95
2017-09-29,5.0,2015-10-03,2.0,244,151,-2,271,-94
2017-09-30,6.0,2015-09-30,1.0,245,152,-1,272,-93
2017-10-01,-1.0,2015-10-01,-1.0,246,153,0,273,-92
2017-10-02,-1.0,2015-10-02,-1.0,247,154,1,274,-91
2017-10-03,-1.0,2015-10-03,-1.0,248,155,2,275,-90
2017-10-04,-1.0,2015-10-04,-1.0,249,156,3,276,-89
2017-10-05,-1.0,2015-10-05,-1.0,250,157,4,277,-88
2017-10-06,-1.0,2015-10-06,-1.0,251,158,5,278,-87
2017-10-07,-1.0,2015-10-07,-1.0,252,159,6,279,-86
2017-10-08,-1.0,2015-10-09,-1.0,253,160,7,280,-85
2017-10-09,1.0,2015-10-10,5.0,254,161,8,281,-84
2017-10-10,2.0,2015-10-11,4.0,255,162,9,282,-83
2017-10-11,3.0,2015-10-12,3.0,256,163,10,283,-82
2017-10-12,4.0,2015-10-15,2.0,257,164,11,284,-81
2017-10-13,5.0,2015-10-16,1.0,258,165,12,285,-80
2017-10-14,-1.0,2015-10-17,-1.0,259,166,13,286,-79
2017-10-15,-1.0,2015-10-17,-1.0,260,167,14,287,-78
2017-10-16,1.0,2015-10-19,5.0,261,168,15,288,-77
2017-10-17,2.0,2015-10-20,4.0,262,169,16,289,-76
2017-10-18,3.0,2015-10-21,3.0,263,170,17,290,-75
2017-10-19,4.0,2015-10-22,2.0,264,171,18,291,-74
2017-10-20,5.0,2015-10-23,1.0,265,172,19,292,-73
2017-10-21,-1.0,2015-10-24,-1.0,266,173,20,293,-72
2017-10-22,-1.0,2015-10-24,-1.0,267,174,21,294,-71
2017-10-23,1.0,2015-10-26,5.0,268,175,22,295,-70
2017-10-24,2.0,2015-10-27,4.0,269,176,23,296,-69
2017-10-25,3.0,2015-10-28,3.0,270,177,24,297,-68
2017-10-26,4.0,2015-10-29,2.0,271,178,25,298,-67
2017-10-27,5.0,2015-10-30,1.0,272,179,26,299,-66
2017-10-28,-1.0,2015-10-31,-1.0,273,180,27,300,-65
2017-10-29,-1.0,2015-10-31,-1.0,274,181,28,301,-64
2017-10-30,1.0,2015-11-02,5.0,275,182,29,302,-63
2017-10-31,2.0,2015-11-03,4.0,276,183,30,303,-62
2017-11-01,3.0,2015-11-04,3.0,277,184,31,304,-61
2017-11-02,4.0,2015-11-05,2.0,278,185,32,305,-60
2017-11-03,5.0,2015-11-06,1.0,279,186,33,306,-59
2017-11-04,-1.0,2015-11-07,-1.0,280,187,34,307,-58
2017-11-05,-1.0,2015-11-07,-1.0,281,188,35,308,-57
2017-11-06,1.0,2015-11-09,5.0,282,189,36,309,-56
2017-11-07,2.0,2015-11-10,4.0,283,190,37,310,-55
2017-11-08,3.0,2015-11-11,3.0,284,191,38,311,-54
2017-11-09,4.0,2015-11-12,2.0,285,192,39,312,-53
2017-11-10,5.0,2015-11-13,1.0,286,193,40,313,-52
2017-11-11,-1.0,2015-11-14,-1.0,287,194,41,314,-51
2017-11-12,-1.0,2015-11-14,-1.0,288,195,42,315,-50
2017-11-13,1.0,2015-11-16,5.0,289,196,43,316,-49
2017-11-14,2.0,2015-11-17,4.0,290,197,44,317,-48
2017-11-15,3.0,2015-11-18,3.0,291,198,45,318,-47
2017-11-16,4.0,2015-11-19,2.0,292,199,46,319,-46
2017-11-17,5.0,2015-11-20,1.0,293,200,47,320,-45
2017-11-18,-1.0,2015-11-21,-1.0,294,201,48,321,-44
2017-11-19,-1.0,2015-11-21,-1.0,295,202,49,322,-43
2017-11-20,1.0,2015-11-23,5.0,296,203,50,323,-42
2017-11-21,2.0,2015-11-24,4.0,297,204,51,324,-41
2017-11-22,3.0,2015-11-25,3.0,298,205,52,325,-40
2017-11-23,4.0,2015-11-26,2.0,299,206,53,326,-39
2017-11-24,5.0,2015-11-27,1.0,300,207,54,327,-38
2017-11-25,-1.0,2015-11-28,-1.0,301,208,55,328,-37
2017-11-26,-1.0,2015-11-28,-1.0,302,209,56,329,-36
2017-11-27,1.0,2015-11-30,5.0,303,210,57,330,-35
2017-11-28,2.0,2015-12-01,4.0,304,211,58,331,-34
2017-11-29,3.0,2015-12-02,3.0,305,212,59,332,-33
2017-11-30,4.0,2015-12-03,2.0,306,213,60,333,-32
2017-12-01,5.0,2015-12-04,1.0,307,214,61,334,-31
2017-12-02,-1.0,2015-12-05,-1.0,308,215,62,335,-30
2017-12-03,-1.0,2015-12-05,-1.0,309,216,63,336,-29
2017-12-04,1.0,2015-12-07,5.0,310,217,64,337,-28
2017-12-05,2.0,2015-12-08,4.0,311,218,65,338,-27
2017-12-06,3.0,2015-12-09,3.0,312,219,66,339,-26
2017-12-07,4.0,2015-12-10,2.0,313,220,67,340,-25
2017-12-08,5.0,2015-12-11,1.0,314,221,68,341,-24
2017-12-09,-1.0,2015-12-12,-1.0,315,222,69,342,-23
2017-12-10,-1.0,2015-12-12,-1.0,316,223,70,343,-22
2017-12-11,1.0,2015-12-14,5.0,317,224,71,344,-21
2017-12-12,2.0,2015-12-15,4.0,318,225,72,345,-20
2017-12-13,3.0,2015-12-16,3.0,319,226,73,346,-19
2017-12-14,4.0,2015-12-17,2.0,320,227,74,347,-18
2017-12-15,5.0,2015-12-18,1.0,321,228,75,348,-17
2017-12-16,-1.0,2015-12-19,-1.0,322,229,76,349,-16
2017-12-17,-1.0,2015-12-19,-1.0,323,230,77,350,-15
2017-12-18,1.0,2015-12-21,5.0,324,231,78,351,-14
2017-12-19,2.0,2015-12-22,4.0,325,232,79,352,-13
2017-12-20,3.0,2015-12-23,3.0,326,233,80,353,-12
2017-12-21,4.0,2015-12-24,2.0,327,234,81,354,-11
2017-12-22,5.0,2015-12-25,1.0,328,235,82,355,-10
2017-12-23,-1.0,2015-12-26,-1.0,329,236,83,356,-9
2017-12-24,-1.0,2015-12-26,-1.0,330,237,84,357,-8
2017-12-25,1.0,2015-12-28,5.0,331,238,85,358,-7
2017-12-26,2.0,2015-12-29,4.0,332,239,86,359,-6
2017-12-27,3.0,2015-12-30,3.0,333,240,87,360,-5
2017-12-28,4.0,2016-01-01,2.0,334,241,88,361,-4
2017-12-29,5.0,2016-01-02,1.0,335,242,89,362,-3
2017-12-30,-1.0,2015-12-31,-1.0,336,243,90,363,-2
2017-12-31,-1.0,2015-12-31,-1.0,337,244,91,364,-1
