r_date,date,brand,day_of_week,month,year,day,cnt
2016-04-16,1107.0,7,4.0,4,2016,16,232
2016-04-16,1107.0,8,4.0,4,2016,16,583
2016-04-16,1107.0,9,4.0,4,2016,16,466
2016-04-16,1107.0,10,4.0,4,2016,16,288
2016-04-17,1108.0,1,5.0,4,2016,17,490
2016-04-17,1108.0,2,5.0,4,2016,17,318
2016-04-17,1108.0,3,5.0,4,2016,17,285
2016-04-17,1108.0,4,5.0,4,2016,17,380
2016-04-17,1108.0,5,5.0,4,2016,17,470
2016-04-17,1108.0,6,5.0,4,2016,17,378
2016-04-17,1108.0,7,5.0,4,2016,17,421
2016-04-17,1108.0,8,5.0,4,2016,17,581
2016-04-17,1108.0,9,5.0,4,2016,17,804
2016-04-17,1108.0,10,5.0,4,2016,17,337
2016-04-18,1109.0,1,6.0,4,2016,18,170
2016-04-18,1109.0,2,6.0,4,2016,18,289
2016-04-18,1109.0,3,6.0,4,2016,18,249
2016-04-18,1109.0,4,6.0,4,2016,18,119
2016-04-18,1109.0,5,6.0,4,2016,18,147
2016-04-18,1109.0,6,6.0,4,2016,18,84
2016-04-18,1109.0,7,6.0,4,2016,18,105
2016-04-18,1109.0,8,6.0,4,2016,18,173
2016-04-18,1109.0,9,6.0,4,2016,18,184
2016-04-18,1109.0,10,6.0,4,2016,18,56
2016-04-19,1110.0,9,7.0,4,2016,19,15
2016-04-20,1111.0,1,1.0,4,2016,20,626
2016-04-20,1111.0,2,1.0,4,2016,20,232
2016-04-20,1111.0,3,1.0,4,2016,20,228
2016-04-20,1111.0,4,1.0,4,2016,20,494
2016-04-20,1111.0,5,1.0,4,2016,20,382
2016-04-20,1111.0,6,1.0,4,2016,20,441
2016-04-20,1111.0,7,1.0,4,2016,20,421
2016-04-20,1111.0,8,1.0,4,2016,20,746
2016-04-20,1111.0,9,1.0,4,2016,20,710
2016-04-20,1111.0,10,1.0,4,2016,20,337
2016-04-21,1112.0,1,2.0,4,2016,21,374
2016-04-21,1112.0,2,2.0,4,2016,21,507
2016-04-21,1112.0,3,2.0,4,2016,21,285
2016-04-21,1112.0,4,2.0,4,2016,21,618
2016-04-21,1112.0,5,2.0,4,2016,21,330
2016-04-21,1112.0,6,2.0,4,2016,21,343
2016-04-21,1112.0,7,2.0,4,2016,21,211
2016-04-21,1112.0,8,2.0,4,2016,21,518
2016-04-21,1112.0,9,2.0,4,2016,21,586
2016-04-21,1112.0,10,2.0,4,2016,21,421
2016-04-22,1113.0,1,3.0,4,2016,22,286
2016-04-22,1113.0,2,3.0,4,2016,22,203
2016-04-22,1113.0,3,3.0,4,2016,22,499
2016-04-22,1113.0,4,3.0,4,2016,22,466
2016-04-22,1113.0,5,3.0,4,2016,22,377
2016-04-22,1113.0,6,3.0,4,2016,22,242
2016-04-22,1113.0,7,3.0,4,2016,22,426
2016-04-22,1113.0,8,3.0,4,2016,22,419
2016-04-22,1113.0,9,3.0,4,2016,22,672
2016-04-22,1113.0,10,3.0,4,2016,22,341
2016-04-23,1114.0,1,4.0,4,2016,23,449
2016-04-23,1114.0,2,4.0,4,2016,23,478
2016-04-23,1114.0,3,4.0,4,2016,23,235
2016-04-23,1114.0,4,4.0,4,2016,23,296
2016-04-23,1114.0,5,4.0,4,2016,23,242
2016-04-23,1114.0,6,4.0,4,2016,23,280
2016-04-23,1114.0,7,4.0,4,2016,23,438
2016-04-23,1114.0,8,4.0,4,2016,23,355
2016-04-23,1114.0,9,4.0,4,2016,23,614
2016-04-23,1114.0,10,4.0,4,2016,23,391
2016-04-24,1115.0,1,5.0,4,2016,24,327
2016-04-24,1115.0,2,5.0,4,2016,24,145
2016-04-24,1115.0,3,5.0,4,2016,24,285
2016-04-24,1115.0,4,5.0,4,2016,24,266
2016-04-24,1115.0,5,5.0,4,2016,24,206
2016-04-24,1115.0,6,5.0,4,2016,24,228
2016-04-24,1115.0,7,5.0,4,2016,24,168
2016-04-24,1115.0,8,5.0,4,2016,24,304
2016-04-24,1115.0,9,5.0,4,2016,24,549
2016-04-24,1115.0,10,5.0,4,2016,24,202
2016-04-25,1116.0,1,6.0,4,2016,25,102
2016-04-25,1116.0,2,6.0,4,2016,25,72
2016-04-25,1116.0,3,6.0,4,2016,25,143
2016-04-25,1116.0,4,6.0,4,2016,25,95
2016-04-25,1116.0,5,6.0,4,2016,25,257
2016-04-25,1116.0,6,6.0,4,2016,25,58
2016-04-25,1116.0,7,6.0,4,2016,25,70
2016-04-25,1116.0,8,6.0,4,2016,25,35
2016-04-25,1116.0,9,6.0,4,2016,25,184
2016-04-25,1116.0,10,6.0,4,2016,25,56
2016-04-27,1117.0,1,1.0,4,2016,27,245
2016-04-27,1117.0,2,1.0,4,2016,27,289
2016-04-27,1117.0,3,1.0,4,2016,27,314
2016-04-27,1117.0,4,1.0,4,2016,27,437
2016-04-27,1117.0,5,1.0,4,2016,27,529
2016-04-27,1117.0,6,1.0,4,2016,27,347
2016-04-27,1117.0,7,1.0,4,2016,27,337
2016-04-27,1117.0,8,1.0,4,2016,27,553
2016-04-27,1117.0,9,1.0,4,2016,27,603
2016-04-27,1117.0,10,1.0,4,2016,27,337
2016-04-28,1118.0,1,2.0,4,2016,28,442
2016-04-28,1118.0,2,2.0,4,2016,28,181
2016-04-28,1118.0,3,2.0,4,2016,28,285
2016-04-28,1118.0,4,2.0,4,2016,28,475
2016-04-28,1118.0,5,2.0,4,2016,28,514
2016-04-28,1118.0,6,2.0,4,2016,28,259
2016-04-28,1118.0,7,2.0,4,2016,28,246
2016-04-28,1118.0,8,2.0,4,2016,28,242
2016-04-28,1118.0,9,2.0,4,2016,28,753
2016-04-28,1118.0,10,2.0,4,2016,28,140
2016-04-29,1119.0,1,3.0,4,2016,29,381
2016-04-29,1119.0,2,3.0,4,2016,29,439
2016-04-29,1119.0,3,3.0,4,2016,29,200
2016-04-29,1119.0,4,3.0,4,2016,29,621
2016-04-29,1119.0,5,3.0,4,2016,29,343
2016-04-29,1119.0,6,3.0,4,2016,29,254
2016-04-29,1119.0,7,3.0,4,2016,29,328
2016-04-29,1119.0,8,3.0,4,2016,29,387
2016-04-29,1119.0,9,3.0,4,2016,29,656
2016-04-29,1119.0,10,3.0,4,2016,29,367
2016-04-30,1120.0,1,4.0,4,2016,30,374
2016-04-30,1120.0,2,4.0,4,2016,30,186
2016-04-30,1120.0,3,4.0,4,2016,30,261
2016-04-30,1120.0,4,4.0,4,2016,30,244
2016-04-30,1120.0,5,4.0,4,2016,30,242
2016-04-30,1120.0,6,4.0,4,2016,30,166
2016-04-30,1120.0,7,4.0,4,2016,30,206
2016-04-30,1120.0,8,4.0,4,2016,30,253
2016-04-30,1120.0,9,4.0,4,2016,30,319
2016-04-30,1120.0,10,4.0,4,2016,30,144
2016-05-01,1121.0,1,5.0,5,2016,1,272
2016-05-01,1121.0,2,5.0,5,2016,1,87
2016-05-01,1121.0,3,5.0,5,2016,1,143
2016-05-01,1121.0,4,5.0,5,2016,1,171
2016-05-01,1121.0,5,5.0,5,2016,1,294
2016-05-01,1121.0,6,5.0,5,2016,1,233
2016-05-01,1121.0,7,5.0,5,2016,1,337
2016-05-01,1121.0,8,5.0,5,2016,1,166
2016-05-01,1121.0,9,5.0,5,2016,1,402
2016-05-01,1121.0,10,5.0,5,2016,1,157
2016-05-02,1122.0,1,6.0,5,2016,2,136
2016-05-02,1122.0,2,6.0,5,2016,2,72
2016-05-02,1122.0,3,6.0,5,2016,2,143
2016-05-02,1122.0,4,6.0,5,2016,2,143
2016-05-02,1122.0,5,6.0,5,2016,2,110
2016-05-02,1122.0,6,6.0,5,2016,2,65
2016-05-02,1122.0,7,6.0,5,2016,2,70
2016-05-02,1122.0,8,6.0,5,2016,2,69
2016-05-02,1122.0,9,6.0,5,2016,2,117
2016-05-02,1122.0,10,6.0,5,2016,2,56
2016-05-04,1123.0,1,1.0,5,2016,4,327
2016-05-04,1123.0,2,1.0,5,2016,4,116
2016-05-04,1123.0,3,1.0,5,2016,4,200
2016-05-04,1123.0,4,1.0,5,2016,4,437
2016-05-04,1123.0,5,1.0,5,2016,4,235
2016-05-04,1123.0,6,1.0,5,2016,4,285
2016-05-04,1123.0,7,1.0,5,2016,4,365
2016-05-04,1123.0,8,1.0,5,2016,4,387
2016-05-04,1123.0,9,1.0,5,2016,4,496
2016-05-04,1123.0,10,1.0,5,2016,4,494
2016-05-05,1124.0,1,2.0,5,2016,5,340
2016-05-05,1124.0,2,2.0,5,2016,5,253
2016-05-05,1124.0,3,2.0,5,2016,5,249
2016-05-05,1124.0,4,2.0,5,2016,5,618
2016-05-05,1124.0,5,2.0,5,2016,5,441
2016-05-05,1124.0,6,2.0,5,2016,5,305
2016-05-05,1124.0,7,2.0,5,2016,5,597
2016-05-05,1124.0,8,2.0,5,2016,5,518
2016-05-05,1124.0,9,2.0,5,2016,5,820
2016-05-05,1124.0,10,2.0,5,2016,5,309
2016-05-06,1125.0,1,3.0,5,2016,6,349
2016-05-06,1125.0,2,3.0,5,2016,6,135
2016-05-06,1125.0,3,3.0,5,2016,6,233
2016-05-06,1125.0,4,3.0,5,2016,6,333
2016-05-06,1125.0,5,3.0,5,2016,6,446
2016-05-06,1125.0,6,3.0,5,2016,6,357
2016-05-06,1125.0,7,3.0,5,2016,6,557
2016-05-06,1125.0,8,3.0,5,2016,6,452
2016-05-06,1125.0,9,3.0,5,2016,6,828
2016-05-06,1125.0,10,3.0,5,2016,6,262
2016-05-07,1126.0,1,4.0,5,2016,7,274
2016-05-07,1126.0,2,4.0,5,2016,7,186
2016-05-07,1126.0,3,4.0,5,2016,7,235
2016-05-07,1126.0,4,4.0,5,2016,7,296
2016-05-07,1126.0,5,4.0,5,2016,7,162
2016-05-07,1126.0,6,4.0,5,2016,7,209
2016-05-07,1126.0,7,4.0,5,2016,7,206
2016-05-07,1126.0,8,4.0,5,2016,7,177
2016-05-07,1126.0,9,4.0,5,2016,7,577
2016-05-07,1126.0,10,4.0,5,2016,7,185
2016-05-08,1127.0,1,5.0,5,2016,8,218
2016-05-08,1127.0,2,5.0,5,2016,8,203
2016-05-08,1127.0,3,5.0,5,2016,8,285
2016-05-08,1127.0,4,5.0,5,2016,8,285
2016-05-08,1127.0,5,5.0,5,2016,8,235
2016-05-08,1127.0,6,5.0,5,2016,8,207
2016-05-08,1127.0,7,5.0,5,2016,8,309
2016-05-08,1127.0,8,5.0,5,2016,8,332
2016-05-08,1127.0,9,5.0,5,2016,8,723
2016-05-08,1127.0,10,5.0,5,2016,8,270
2016-05-09,1128.0,1,6.0,5,2016,9,34
2016-05-09,1128.0,2,6.0,5,2016,9,36
2016-05-09,1128.0,3,6.0,5,2016,9,285
2016-05-09,1128.0,4,6.0,5,2016,9,119
2016-05-09,1128.0,5,6.0,5,2016,9,37
2016-05-09,1128.0,6,6.0,5,2016,9,65
2016-05-09,1128.0,7,6.0,5,2016,9,105
2016-05-09,1128.0,8,6.0,5,2016,9,207
2016-05-09,1128.0,9,6.0,5,2016,9,268
2016-05-11,1129.0,1,1.0,5,2016,11,408
2016-05-11,1129.0,2,1.0,5,2016,11,232
2016-05-11,1129.0,3,1.0,5,2016,11,342
2016-05-11,1129.0,4,1.0,5,2016,11,494
2016-05-11,1129.0,5,1.0,5,2016,11,588
2016-05-11,1129.0,6,1.0,5,2016,11,290
2016-05-11,1129.0,7,1.0,5,2016,11,365
2016-05-11,1129.0,8,1.0,5,2016,11,525
2016-05-11,1129.0,9,1.0,5,2016,11,589
2016-05-11,1129.0,10,1.0,5,2016,11,314
2016-05-12,1130.0,1,2.0,5,2016,12,306
2016-05-12,1130.0,2,2.0,5,2016,12,217
2016-05-12,1130.0,3,2.0,5,2016,12,392
2016-05-12,1130.0,4,2.0,5,2016,12,356
2016-05-12,1130.0,5,2.0,5,2016,12,514
2016-05-12,1130.0,6,2.0,5,2016,12,168
2016-05-12,1130.0,7,2.0,5,2016,12,421
2016-05-12,1130.0,8,2.0,5,2016,12,622
2016-05-12,1130.0,9,2.0,5,2016,12,787
2016-05-12,1130.0,10,2.0,5,2016,12,281
2016-05-13,1131.0,1,3.0,5,2016,13,413
2016-05-13,1131.0,2,3.0,5,2016,13,203
2016-05-13,1131.0,3,3.0,5,2016,13,100
2016-05-13,1131.0,4,3.0,5,2016,13,466
2016-05-13,1131.0,5,3.0,5,2016,13,514
2016-05-13,1131.0,6,3.0,5,2016,13,339
2016-05-13,1131.0,7,3.0,5,2016,13,197
2016-05-13,1131.0,8,3.0,5,2016,13,516
2016-05-13,1131.0,9,3.0,5,2016,13,625
2016-05-13,1131.0,10,3.0,5,2016,13,262
2016-05-14,1132.0,1,4.0,5,2016,14,299
2016-05-14,1132.0,2,4.0,5,2016,14,186
2016-05-14,1132.0,3,4.0,5,2016,14,209
2016-05-14,1132.0,4,4.0,5,2016,14,418
2016-05-14,1132.0,5,4.0,5,2016,14,323
2016-05-14,1132.0,6,4.0,5,2016,14,247
2016-05-14,1132.0,7,4.0,5,2016,14,257
2016-05-14,1132.0,8,4.0,5,2016,14,355
2016-05-14,1132.0,9,4.0,5,2016,14,319
2016-05-14,1132.0,10,4.0,5,2016,14,185
2016-05-15,1133.0,1,5.0,5,2016,15,163
2016-05-15,1133.0,2,5.0,5,2016,15,260
2016-05-15,1133.0,3,5.0,5,2016,15,200
2016-05-15,1133.0,4,5.0,5,2016,15,266
2016-05-15,1133.0,5,5.0,5,2016,15,206
2016-05-15,1133.0,6,5.0,5,2016,15,244
2016-05-15,1133.0,7,5.0,5,2016,15,253
2016-05-15,1133.0,8,5.0,5,2016,15,442
2016-05-15,1133.0,9,5.0,5,2016,15,696
2016-05-15,1133.0,10,5.0,5,2016,15,292
2016-05-16,1134.0,1,6.0,5,2016,16,34
2016-05-16,1134.0,2,6.0,5,2016,16,72
2016-05-16,1134.0,3,6.0,5,2016,16,214
2016-05-16,1134.0,4,6.0,5,2016,16,166
2016-05-16,1134.0,5,6.0,5,2016,16,147
2016-05-16,1134.0,6,6.0,5,2016,16,58
2016-05-16,1134.0,7,6.0,5,2016,16,105
2016-05-16,1134.0,8,6.0,5,2016,16,35
2016-05-16,1134.0,9,6.0,5,2016,16,151
2016-05-16,1134.0,10,6.0,5,2016,16,28
2016-05-18,1135.0,1,1.0,5,2016,18,354
2016-05-18,1135.0,2,1.0,5,2016,18,405
2016-05-18,1135.0,3,1.0,5,2016,18,285
2016-05-18,1135.0,4,1.0,5,2016,18,418
2016-05-18,1135.0,5,1.0,5,2016,18,617
2016-05-18,1135.0,6,1.0,5,2016,18,378
2016-05-18,1135.0,7,1.0,5,2016,18,253
2016-05-18,1135.0,8,1.0,5,2016,18,442
2016-05-18,1135.0,9,1.0,5,2016,18,790
2016-05-18,1135.0,10,1.0,5,2016,18,337
2016-05-19,1136.0,1,2.0,5,2016,19,374
2016-05-19,1136.0,2,2.0,5,2016,19,326
2016-05-19,1136.0,3,2.0,5,2016,19,249
2016-05-19,1136.0,4,2.0,5,2016,19,451
2016-05-19,1136.0,5,2.0,5,2016,19,661
2016-05-19,1136.0,6,2.0,5,2016,19,292
2016-05-19,1136.0,7,2.0,5,2016,19,246
2016-05-19,1136.0,8,2.0,5,2016,19,484
2016-05-19,1136.0,9,2.0,5,2016,19,519
2016-05-19,1136.0,10,2.0,5,2016,19,337
2016-05-20,1137.0,1,3.0,5,2016,20,286
2016-05-20,1137.0,2,3.0,5,2016,20,236
2016-05-20,1137.0,3,3.0,5,2016,20,200
2016-05-20,1137.0,4,3.0,5,2016,20,488
2016-05-20,1137.0,5,3.0,5,2016,20,377
2016-05-20,1137.0,6,3.0,5,2016,20,417
2016-05-20,1137.0,7,3.0,5,2016,20,426
2016-05-20,1137.0,8,3.0,5,2016,20,290
2016-05-20,1137.0,9,3.0,5,2016,20,984
2016-05-20,1137.0,10,3.0,5,2016,20,314
2016-05-21,1138.0,3,4.0,5,2016,21,26
2016-05-21,1138.0,4,4.0,5,2016,21,35
2016-05-21,1138.0,9,4.0,5,2016,21,49
2016-05-22,1139.0,9,5.0,5,2016,22,13
2016-05-23,1140.0,1,7.0,5,2016,23,118
2016-05-23,1140.0,2,7.0,5,2016,23,376
2016-05-23,1140.0,3,7.0,5,2016,23,402
2016-05-23,1140.0,4,7.0,5,2016,23,597
2016-05-23,1140.0,5,7.0,5,2016,23,382
2016-05-23,1140.0,6,7.0,5,2016,23,354
2016-05-23,1140.0,7,7.0,5,2016,23,395
2016-05-23,1140.0,8,7.0,5,2016,23,509
2016-05-23,1140.0,9,7.0,5,2016,23,769
2016-05-23,1140.0,10,7.0,5,2016,23,292
2016-05-24,1141.0,1,1.0,5,2016,24,191
2016-05-24,1141.0,2,1.0,5,2016,24,260
2016-05-24,1141.0,3,1.0,5,2016,24,143
2016-05-24,1141.0,4,1.0,5,2016,24,494
2016-05-24,1141.0,5,1.0,5,2016,24,558
2016-05-24,1141.0,6,1.0,5,2016,24,187
2016-05-24,1141.0,7,1.0,5,2016,24,253
2016-05-24,1141.0,8,1.0,5,2016,24,359
2016-05-24,1141.0,9,1.0,5,2016,24,790
2016-05-24,1141.0,10,1.0,5,2016,24,247
2016-05-25,1142.0,1,2.0,5,2016,25,306
2016-05-25,1142.0,2,2.0,5,2016,25,109
2016-05-25,1142.0,3,2.0,5,2016,25,285
2016-05-25,1142.0,4,2.0,5,2016,25,380
2016-05-25,1142.0,5,2.0,5,2016,25,257
2016-05-25,1142.0,6,2.0,5,2016,25,343
2016-05-25,1142.0,7,2.0,5,2016,25,281
2016-05-25,1142.0,8,2.0,5,2016,25,346
2016-05-25,1142.0,9,2.0,5,2016,25,703
2016-05-25,1142.0,10,2.0,5,2016,25,309
2016-05-26,1143.0,1,3.0,5,2016,26,318
2016-05-26,1143.0,2,3.0,5,2016,26,236
2016-05-26,1143.0,3,3.0,5,2016,26,133
2016-05-26,1143.0,4,3.0,5,2016,26,421
2016-05-26,1143.0,5,3.0,5,2016,26,103
2016-05-26,1143.0,6,3.0,5,2016,26,333
2016-05-26,1143.0,7,3.0,5,2016,26,590
2016-05-26,1143.0,8,3.0,5,2016,26,452
2016-05-26,1143.0,9,3.0,5,2016,26,781
2016-05-26,1143.0,10,3.0,5,2016,26,157
2016-05-27,1144.0,1,4.0,5,2016,27,449
2016-05-27,1144.0,2,4.0,5,2016,27,239
2016-05-27,1144.0,3,4.0,5,2016,27,157
2016-05-27,1144.0,4,4.0,5,2016,27,227
2016-05-27,1144.0,5,4.0,5,2016,27,512
2016-05-27,1144.0,6,4.0,5,2016,27,238
2016-05-27,1144.0,7,4.0,5,2016,27,206
2016-05-27,1144.0,8,4.0,5,2016,27,228
2016-05-27,1144.0,9,4.0,5,2016,27,528
2016-05-27,1144.0,10,4.0,5,2016,27,124
2016-05-28,1145.0,1,5.0,5,2016,28,272
2016-05-28,1145.0,2,5.0,5,2016,28,232
2016-05-28,1145.0,3,5.0,5,2016,28,285
2016-05-28,1145.0,4,5.0,5,2016,28,342
2016-05-28,1145.0,5,5.0,5,2016,28,264
2016-05-28,1145.0,6,5.0,5,2016,28,171
2016-05-28,1145.0,7,5.0,5,2016,28,197
2016-05-28,1145.0,8,5.0,5,2016,28,166
2016-05-28,1145.0,9,5.0,5,2016,28,603
2016-05-28,1145.0,10,5.0,5,2016,28,247
2016-05-29,1146.0,1,6.0,5,2016,29,34
2016-05-29,1146.0,2,6.0,5,2016,29,72
2016-05-29,1146.0,3,6.0,5,2016,29,178
2016-05-29,1146.0,4,6.0,5,2016,29,71
2016-05-29,1146.0,5,6.0,5,2016,29,73
2016-05-29,1146.0,6,6.0,5,2016,29,65
2016-05-29,1146.0,7,6.0,5,2016,29,105
2016-05-29,1146.0,8,6.0,5,2016,29,138
2016-05-29,1146.0,9,6.0,5,2016,29,184
2016-05-30,1147.0,9,7.0,5,2016,30,15
2016-05-31,1148.0,1,1.0,5,2016,31,517
2016-05-31,1148.0,2,1.0,5,2016,31,318
2016-05-31,1148.0,3,1.0,5,2016,31,285
2016-05-31,1148.0,4,1.0,5,2016,31,380
2016-05-31,1148.0,5,1.0,5,2016,31,470
2016-05-31,1148.0,6,1.0,5,2016,31,197
2016-05-31,1148.0,7,1.0,5,2016,31,393
2016-05-31,1148.0,8,1.0,5,2016,31,249
2016-05-31,1148.0,9,1.0,5,2016,31,911
2016-05-31,1148.0,10,1.0,5,2016,31,314
2016-06-01,1149.0,1,2.0,6,2016,1,374
2016-06-01,1149.0,2,2.0,6,2016,1,289
2016-06-01,1149.0,3,2.0,6,2016,1,285
2016-06-01,1149.0,4,2.0,6,2016,1,475
2016-06-01,1149.0,5,2.0,6,2016,1,294
2016-06-01,1149.0,6,2.0,6,2016,1,168
2016-06-01,1149.0,7,2.0,6,2016,1,211
2016-06-01,1149.0,8,2.0,6,2016,1,276
2016-06-01,1149.0,9,2.0,6,2016,1,1038
2016-06-01,1149.0,10,2.0,6,2016,1,168
2016-06-02,1150.0,1,3.0,6,2016,2,349
2016-06-02,1150.0,2,3.0,6,2016,2,270
2016-06-02,1150.0,3,3.0,6,2016,2,299
2016-06-02,1150.0,4,3.0,6,2016,2,466
2016-06-02,1150.0,5,3.0,6,2016,2,206
2016-06-02,1150.0,6,3.0,6,2016,2,429
2016-06-02,1150.0,7,3.0,6,2016,2,328
2016-06-02,1150.0,8,3.0,6,2016,2,419
2016-06-02,1150.0,9,3.0,6,2016,2,906
2016-06-02,1150.0,10,3.0,6,2016,2,157
2016-06-03,1151.0,1,4.0,6,2016,3,200
2016-06-03,1151.0,2,4.0,6,2016,3,106
2016-06-03,1151.0,3,4.0,6,2016,3,26
2016-06-03,1151.0,4,4.0,6,2016,3,261
2016-06-03,1151.0,5,4.0,6,2016,3,188
2016-06-03,1151.0,6,4.0,6,2016,3,176
2016-06-03,1151.0,7,4.0,6,2016,3,232
2016-06-03,1151.0,8,4.0,6,2016,3,253
2016-06-03,1151.0,9,4.0,6,2016,3,626
2016-06-03,1151.0,10,4.0,6,2016,3,144
2016-06-04,1152.0,1,5.0,6,2016,4,82
2016-06-04,1152.0,2,5.0,6,2016,4,174
2016-06-04,1152.0,3,5.0,6,2016,4,143
2016-06-04,1152.0,4,5.0,6,2016,4,228
2016-06-04,1152.0,5,5.0,6,2016,4,176
2016-06-04,1152.0,6,5.0,6,2016,4,213
2016-06-04,1152.0,7,5.0,6,2016,4,421
2016-06-04,1152.0,8,5.0,6,2016,4,304
2016-06-04,1152.0,9,5.0,6,2016,4,911
2016-06-04,1152.0,10,5.0,6,2016,4,494
2016-06-05,1153.0,1,6.0,6,2016,5,102
2016-06-05,1153.0,2,6.0,6,2016,5,72
2016-06-05,1153.0,3,6.0,6,2016,5,107
2016-06-05,1153.0,4,6.0,6,2016,5,119
2016-06-05,1153.0,5,6.0,6,2016,5,37
2016-06-05,1153.0,6,6.0,6,2016,5,58
2016-06-05,1153.0,7,6.0,6,2016,5,105
2016-06-05,1153.0,8,6.0,6,2016,5,138
2016-06-05,1153.0,9,6.0,6,2016,5,234
2016-06-05,1153.0,10,6.0,6,2016,5,28
2016-06-06,1154.0,3,7.0,6,2016,6,31
2016-06-06,1154.0,7,7.0,6,2016,6,30
2016-06-06,1154.0,9,7.0,6,2016,6,15
2016-06-07,1155.0,1,1.0,6,2016,7,463
2016-06-07,1155.0,2,1.0,6,2016,7,174
2016-06-07,1155.0,3,1.0,6,2016,7,342
2016-06-07,1155.0,4,1.0,6,2016,7,532
2016-06-07,1155.0,5,1.0,6,2016,7,499
2016-06-07,1155.0,6,1.0,6,2016,7,347
2016-06-07,1155.0,7,1.0,6,2016,7,225
2016-06-07,1155.0,8,1.0,6,2016,7,359
2016-06-07,1155.0,9,1.0,6,2016,7,1366
2016-06-07,1155.0,10,1.0,6,2016,7,270
2016-06-08,1156.0,1,2.0,6,2016,8,408
2016-06-08,1156.0,2,2.0,6,2016,8,289
2016-06-08,1156.0,3,2.0,6,2016,8,356
2016-06-08,1156.0,4,2.0,6,2016,8,356
2016-06-08,1156.0,5,2.0,6,2016,8,441
2016-06-08,1156.0,6,2.0,6,2016,8,285
2016-06-08,1156.0,7,2.0,6,2016,8,316
2016-06-08,1156.0,8,2.0,6,2016,8,449
2016-06-08,1156.0,9,2.0,6,2016,8,1624
2016-06-08,1156.0,10,2.0,6,2016,8,337
2016-06-09,1157.0,1,3.0,6,2016,9,254
2016-06-09,1157.0,2,3.0,6,2016,9,203
2016-06-09,1157.0,3,3.0,6,2016,9,200
2016-06-09,1157.0,4,3.0,6,2016,9,421
2016-06-09,1157.0,5,3.0,6,2016,9,548
2016-06-09,1157.0,6,3.0,6,2016,9,321
2016-06-09,1157.0,7,3.0,6,2016,9,360
2016-06-09,1157.0,8,3.0,6,2016,9,419
2016-06-09,1157.0,9,3.0,6,2016,9,1734
2016-06-09,1157.0,10,3.0,6,2016,9,288
2016-06-10,1158.0,1,4.0,6,2016,10,200
2016-06-10,1158.0,2,4.0,6,2016,10,212
2016-06-10,1158.0,3,4.0,6,2016,10,314
2016-06-10,1158.0,4,4.0,6,2016,10,314
2016-06-10,1158.0,5,4.0,6,2016,10,269
2016-06-10,1158.0,6,4.0,6,2016,10,228
2016-06-10,1158.0,7,4.0,6,2016,10,154
2016-06-10,1158.0,8,4.0,6,2016,10,811
2016-06-10,1158.0,9,4.0,6,2016,10,1129
2016-06-10,1158.0,10,4.0,6,2016,10,165
2016-06-11,1159.0,1,5.0,6,2016,11,191
2016-06-11,1159.0,2,5.0,6,2016,11,174
2016-06-11,1159.0,3,5.0,6,2016,11,171
2016-06-11,1159.0,4,5.0,6,2016,11,190
2016-06-11,1159.0,5,5.0,6,2016,11,147
2016-06-11,1159.0,6,5.0,6,2016,11,161
2016-06-11,1159.0,7,5.0,6,2016,11,225
2016-06-11,1159.0,8,5.0,6,2016,11,332
2016-06-11,1159.0,9,5.0,6,2016,11,482
2016-06-11,1159.0,10,5.0,6,2016,11,225
2016-06-12,1160.0,1,6.0,6,2016,12,136
2016-06-12,1160.0,2,6.0,6,2016,12,36
2016-06-12,1160.0,3,6.0,6,2016,12,178
2016-06-12,1160.0,4,6.0,6,2016,12,71
2016-06-12,1160.0,5,6.0,6,2016,12,220
2016-06-12,1160.0,6,6.0,6,2016,12,26
2016-06-12,1160.0,7,6.0,6,2016,12,105
2016-06-12,1160.0,8,6.0,6,2016,12,242
2016-06-12,1160.0,9,6.0,6,2016,12,218
2016-06-12,1160.0,10,6.0,6,2016,12,112
2016-06-13,1161.0,9,7.0,6,2016,13,44
2016-06-14,1162.0,1,1.0,6,2016,14,136
2016-06-14,1162.0,2,1.0,6,2016,14,116
2016-06-14,1162.0,3,1.0,6,2016,14,228
2016-06-14,1162.0,4,1.0,6,2016,14,266
2016-06-14,1162.0,5,1.0,6,2016,14,470
2016-06-14,1162.0,6,1.0,6,2016,14,301
2016-06-14,1162.0,7,1.0,6,2016,14,281
2016-06-14,1162.0,8,1.0,6,2016,14,359
2016-06-14,1162.0,9,1.0,6,2016,14,482
2016-06-14,1162.0,10,1.0,6,2016,14,180
2016-06-15,1163.0,1,2.0,6,2016,15,204
2016-06-15,1163.0,2,2.0,6,2016,15,36
2016-06-15,1163.0,3,2.0,6,2016,15,392
2016-06-15,1163.0,4,2.0,6,2016,15,380
2016-06-15,1163.0,5,2.0,6,2016,15,404
2016-06-15,1163.0,6,2.0,6,2016,15,292
2016-06-15,1163.0,7,2.0,6,2016,15,246
2016-06-15,1163.0,8,2.0,6,2016,15,207
2016-06-15,1163.0,9,2.0,6,2016,15,770
2016-06-15,1163.0,10,2.0,6,2016,15,309
2016-06-16,1164.0,1,3.0,6,2016,16,286
2016-06-16,1164.0,2,3.0,6,2016,16,203
2016-06-16,1164.0,3,3.0,6,2016,16,233
2016-06-16,1164.0,4,3.0,6,2016,16,466
2016-06-16,1164.0,5,3.0,6,2016,16,480
2016-06-16,1164.0,6,3.0,6,2016,16,194
2016-06-16,1164.0,7,3.0,6,2016,16,164
2016-06-16,1164.0,8,3.0,6,2016,16,387
2016-06-16,1164.0,9,3.0,6,2016,16,562
2016-06-16,1164.0,10,3.0,6,2016,16,131
2016-06-17,1165.0,1,4.0,6,2016,17,175
2016-06-17,1165.0,2,4.0,6,2016,17,159
2016-06-17,1165.0,3,4.0,6,2016,17,235
2016-06-17,1165.0,4,4.0,6,2016,17,174
2016-06-17,1165.0,5,4.0,6,2016,17,188
2016-06-17,1165.0,6,4.0,6,2016,17,105
2016-06-17,1165.0,7,4.0,6,2016,17,412
2016-06-17,1165.0,8,4.0,6,2016,17,380
2016-06-17,1165.0,9,4.0,6,2016,17,307
2016-06-17,1165.0,10,4.0,6,2016,17,165
2016-06-18,1166.0,1,5.0,6,2016,18,435
2016-06-18,1166.0,2,5.0,6,2016,18,145
2016-06-18,1166.0,3,5.0,6,2016,18,342
2016-06-18,1166.0,4,5.0,6,2016,18,323
2016-06-18,1166.0,5,5.0,6,2016,18,588
2016-06-18,1166.0,6,5.0,6,2016,18,290
2016-06-18,1166.0,7,5.0,6,2016,18,505
2016-06-18,1166.0,8,5.0,6,2016,18,387
2016-06-18,1166.0,9,5.0,6,2016,18,455
2016-06-18,1166.0,10,5.0,6,2016,18,270
2016-06-19,1167.0,1,6.0,6,2016,19,136
2016-06-19,1167.0,3,6.0,6,2016,19,178
2016-06-19,1167.0,4,6.0,6,2016,19,95
2016-06-19,1167.0,5,6.0,6,2016,19,184
2016-06-19,1167.0,6,6.0,6,2016,19,32
2016-06-19,1167.0,7,6.0,6,2016,19,70
2016-06-19,1167.0,8,6.0,6,2016,19,69
2016-06-19,1167.0,9,6.0,6,2016,19,151
2016-06-19,1167.0,10,6.0,6,2016,19,28
2016-06-21,1168.0,1,1.0,6,2016,21,435
2016-06-21,1168.0,2,1.0,6,2016,21,116
2016-06-21,1168.0,3,1.0,6,2016,21,314
2016-06-21,1168.0,4,1.0,6,2016,21,608
2016-06-21,1168.0,5,1.0,6,2016,21,529
2016-06-21,1168.0,6,1.0,6,2016,21,316
2016-06-21,1168.0,7,1.0,6,2016,21,421
2016-06-21,1168.0,8,1.0,6,2016,21,442
2016-06-21,1168.0,9,1.0,6,2016,21,402
2016-06-21,1168.0,10,1.0,6,2016,21,337
2016-06-22,1169.0,1,2.0,6,2016,22,714
2016-06-22,1169.0,2,2.0,6,2016,22,289
2016-06-22,1169.0,3,2.0,6,2016,22,392
2016-06-22,1169.0,4,2.0,6,2016,22,404
2016-06-22,1169.0,5,2.0,6,2016,22,624
2016-06-22,1169.0,6,2.0,6,2016,22,337
2016-06-22,1169.0,7,2.0,6,2016,22,421
2016-06-22,1169.0,8,2.0,6,2016,22,588
2016-06-22,1169.0,9,2.0,6,2016,22,552
2016-06-22,1169.0,10,2.0,6,2016,22,253
2016-06-23,1170.0,1,3.0,6,2016,23,95
2016-06-23,1170.0,2,3.0,6,2016,23,236
2016-06-23,1170.0,3,3.0,6,2016,23,200
2016-06-23,1170.0,4,3.0,6,2016,23,488
2016-06-23,1170.0,5,3.0,6,2016,23,274
2016-06-23,1170.0,6,3.0,6,2016,23,230
2016-06-23,1170.0,7,3.0,6,2016,23,262
2016-06-23,1170.0,8,3.0,6,2016,23,387
2016-06-23,1170.0,9,3.0,6,2016,23,516
2016-06-23,1170.0,10,3.0,6,2016,23,288
2016-06-24,1171.0,1,4.0,6,2016,24,200
2016-06-24,1171.0,2,4.0,6,2016,24,186
2016-06-24,1171.0,3,4.0,6,2016,24,78
2016-06-24,1171.0,4,4.0,6,2016,24,192
2016-06-24,1171.0,5,4.0,6,2016,24,188
2016-06-24,1171.0,6,4.0,6,2016,24,138
2016-06-24,1171.0,7,4.0,6,2016,24,180
2016-06-24,1171.0,8,4.0,6,2016,24,355
2016-06-24,1171.0,9,4.0,6,2016,24,209
2016-06-24,1171.0,10,4.0,6,2016,24,247
2016-06-25,1172.0,1,5.0,6,2016,25,272
2016-06-25,1172.0,2,5.0,6,2016,25,174
2016-06-25,1172.0,3,5.0,6,2016,25,314
2016-06-25,1172.0,4,5.0,6,2016,25,399
2016-06-25,1172.0,5,5.0,6,2016,25,235
2016-06-25,1172.0,6,5.0,6,2016,25,264
2016-06-25,1172.0,7,5.0,6,2016,25,309
2016-06-25,1172.0,8,5.0,6,2016,25,387
2016-06-25,1172.0,9,5.0,6,2016,25,388
2016-06-25,1172.0,10,5.0,6,2016,25,382
2016-06-26,1173.0,1,6.0,6,2016,26,204
2016-06-26,1173.0,2,6.0,6,2016,26,109
2016-06-26,1173.0,3,6.0,6,2016,26,143
2016-06-26,1173.0,4,6.0,6,2016,26,143
2016-06-26,1173.0,5,6.0,6,2016,26,257
2016-06-26,1173.0,6,6.0,6,2016,26,13
2016-06-26,1173.0,7,6.0,6,2016,26,105
2016-06-26,1173.0,8,6.0,6,2016,26,35
2016-06-26,1173.0,9,6.0,6,2016,26,167
2016-06-28,1174.0,1,1.0,6,2016,28,272
2016-06-28,1174.0,2,1.0,6,2016,28,203
2016-06-28,1174.0,3,1.0,6,2016,28,228
2016-06-28,1174.0,4,1.0,6,2016,28,342
2016-06-28,1174.0,5,1.0,6,2016,28,676
2016-06-28,1174.0,6,1.0,6,2016,28,249
2016-06-28,1174.0,7,1.0,6,2016,28,281
2016-06-28,1174.0,8,1.0,6,2016,28,581
2016-06-28,1174.0,9,1.0,6,2016,28,321
2016-06-28,1174.0,10,1.0,6,2016,28,247
2016-06-29,1175.0,1,2.0,6,2016,29,306
2016-06-29,1175.0,2,2.0,6,2016,29,326
2016-06-29,1175.0,3,2.0,6,2016,29,392
2016-06-29,1175.0,4,2.0,6,2016,29,665
2016-06-29,1175.0,5,2.0,6,2016,29,661
2016-06-29,1175.0,6,2.0,6,2016,29,447
2016-06-29,1175.0,7,2.0,6,2016,29,597
2016-06-29,1175.0,8,2.0,6,2016,29,622
2016-06-29,1175.0,9,2.0,6,2016,29,419
2016-06-29,1175.0,10,2.0,6,2016,29,365
2016-06-30,1176.0,1,3.0,6,2016,30,191
2016-06-30,1176.0,2,3.0,6,2016,30,304
2016-06-30,1176.0,3,3.0,6,2016,30,299
2016-06-30,1176.0,4,3.0,6,2016,30,266
2016-06-30,1176.0,5,3.0,6,2016,30,480
2016-06-30,1176.0,6,3.0,6,2016,30,339
2016-06-30,1176.0,7,3.0,6,2016,30,295
2016-06-30,1176.0,8,3.0,6,2016,30,516
2016-06-30,1176.0,9,3.0,6,2016,30,578
2016-06-30,1176.0,10,3.0,6,2016,30,262
2016-07-01,1177.0,1,4.0,7,2016,1,299
2016-07-01,1177.0,2,4.0,7,2016,1,159
2016-07-01,1177.0,3,4.0,7,2016,1,287
2016-07-01,1177.0,4,4.0,7,2016,1,348
2016-07-01,1177.0,5,4.0,7,2016,1,512
2016-07-01,1177.0,6,4.0,7,2016,1,290
2016-07-01,1177.0,7,4.0,7,2016,1,206
2016-07-01,1177.0,8,4.0,7,2016,1,406
2016-07-01,1177.0,9,4.0,7,2016,1,442
2016-07-01,1177.0,10,4.0,7,2016,1,206
2016-07-02,1178.0,1,5.0,7,2016,2,272
2016-07-02,1178.0,2,5.0,7,2016,2,232
2016-07-02,1178.0,3,5.0,7,2016,2,314
2016-07-02,1178.0,4,5.0,7,2016,2,152
2016-07-02,1178.0,5,5.0,7,2016,2,235
2016-07-02,1178.0,6,5.0,7,2016,2,280
2016-07-02,1178.0,7,5.0,7,2016,2,337
2016-07-02,1178.0,8,5.0,7,2016,2,415
2016-07-02,1178.0,9,5.0,7,2016,2,429
2016-07-02,1178.0,10,5.0,7,2016,2,292
2016-07-03,1179.0,1,6.0,7,2016,3,136
2016-07-03,1179.0,3,6.0,7,2016,3,178
2016-07-03,1179.0,4,6.0,7,2016,3,119
2016-07-03,1179.0,5,6.0,7,2016,3,184
2016-07-03,1179.0,6,6.0,7,2016,3,45
2016-07-03,1179.0,7,6.0,7,2016,3,140
2016-07-03,1179.0,8,6.0,7,2016,3,242
2016-07-03,1179.0,9,6.0,7,2016,3,67
2016-07-03,1179.0,10,6.0,7,2016,3,84
2016-07-05,1180.0,1,1.0,7,2016,5,327
2016-07-05,1180.0,2,1.0,7,2016,5,174
2016-07-05,1180.0,3,1.0,7,2016,5,200
2016-07-05,1180.0,4,1.0,7,2016,5,608
2016-07-05,1180.0,5,1.0,7,2016,5,646
2016-07-05,1180.0,6,1.0,7,2016,5,218
2016-07-05,1180.0,7,1.0,7,2016,5,365
2016-07-05,1180.0,8,1.0,7,2016,5,525
2016-07-05,1180.0,9,1.0,7,2016,5,576
2016-07-05,1180.0,10,1.0,7,2016,5,427
2016-07-06,1181.0,1,2.0,7,2016,6,306
2016-07-06,1181.0,2,2.0,7,2016,6,434
2016-07-06,1181.0,3,2.0,7,2016,6,214
2016-07-06,1181.0,4,2.0,7,2016,6,380
2016-07-06,1181.0,5,2.0,7,2016,6,367
2016-07-06,1181.0,6,2.0,7,2016,6,408
2016-07-06,1181.0,7,2.0,7,2016,6,316
2016-07-06,1181.0,8,2.0,7,2016,6,484
2016-07-06,1181.0,9,2.0,7,2016,6,603
2016-07-06,1181.0,10,2.0,7,2016,6,505
2016-07-07,1182.0,1,3.0,7,2016,7,159
2016-07-07,1182.0,2,3.0,7,2016,7,101
2016-07-07,1182.0,3,3.0,7,2016,7,133
2016-07-07,1182.0,4,3.0,7,2016,7,333
2016-07-07,1182.0,5,3.0,7,2016,7,343
2016-07-07,1182.0,6,3.0,7,2016,7,284
2016-07-07,1182.0,7,3.0,7,2016,7,360
2016-07-07,1182.0,8,3.0,7,2016,7,419
2016-07-07,1182.0,9,3.0,7,2016,7,547
2016-07-07,1182.0,10,3.0,7,2016,7,262
2016-07-08,1183.0,1,4.0,7,2016,8,175
2016-07-08,1183.0,2,4.0,7,2016,8,186
2016-07-08,1183.0,3,4.0,7,2016,8,157
2016-07-08,1183.0,4,4.0,7,2016,8,366
2016-07-08,1183.0,5,4.0,7,2016,8,404
2016-07-08,1183.0,6,4.0,7,2016,8,204
2016-07-08,1183.0,7,4.0,7,2016,8,360
2016-07-08,1183.0,8,4.0,7,2016,8,380
2016-07-08,1183.0,9,4.0,7,2016,8,344
2016-07-08,1183.0,10,4.0,7,2016,8,185
2016-07-09,1184.0,1,5.0,7,2016,9,299
2016-07-09,1184.0,2,5.0,7,2016,9,232
2016-07-09,1184.0,3,5.0,7,2016,9,257
2016-07-09,1184.0,4,5.0,7,2016,9,494
2016-07-09,1184.0,5,5.0,7,2016,9,558
2016-07-09,1184.0,6,5.0,7,2016,9,202
2016-07-09,1184.0,7,5.0,7,2016,9,365
2016-07-09,1184.0,8,5.0,7,2016,9,608
2016-07-09,1184.0,9,5.0,7,2016,9,603
2016-07-09,1184.0,10,5.0,7,2016,9,314
2016-07-10,1185.0,2,6.0,7,2016,10,109
2016-07-10,1185.0,3,6.0,7,2016,10,214
2016-07-10,1185.0,4,6.0,7,2016,10,95
2016-07-10,1185.0,5,6.0,7,2016,10,257
2016-07-10,1185.0,6,6.0,7,2016,10,65
2016-07-10,1185.0,7,6.0,7,2016,10,35
2016-07-10,1185.0,8,6.0,7,2016,10,138
2016-07-10,1185.0,9,6.0,7,2016,10,84
2016-07-10,1185.0,10,6.0,7,2016,10,56
2016-07-12,1186.0,1,1.0,7,2016,12,354
2016-07-12,1186.0,2,1.0,7,2016,12,116
2016-07-12,1186.0,3,1.0,7,2016,12,314
2016-07-12,1186.0,4,1.0,7,2016,12,608
2016-07-12,1186.0,5,1.0,7,2016,12,470
2016-07-12,1186.0,6,1.0,7,2016,12,415
2016-07-12,1186.0,7,1.0,7,2016,12,309
2016-07-12,1186.0,8,1.0,7,2016,12,470
2016-07-12,1186.0,9,1.0,7,2016,12,536
2016-07-12,1186.0,10,1.0,7,2016,12,427
2016-07-13,1187.0,1,2.0,7,2016,13,442
2016-07-13,1187.0,2,2.0,7,2016,13,470
2016-07-13,1187.0,3,2.0,7,2016,13,249
2016-07-13,1187.0,4,2.0,7,2016,13,261
2016-07-13,1187.0,5,2.0,7,2016,13,588
2016-07-13,1187.0,6,2.0,7,2016,13,305
2016-07-13,1187.0,7,2.0,7,2016,13,281
2016-07-13,1187.0,8,2.0,7,2016,13,795
2016-07-13,1187.0,9,2.0,7,2016,13,686
2016-07-13,1187.0,10,2.0,7,2016,13,140
2016-07-14,1188.0,1,3.0,7,2016,14,603
2016-07-14,1188.0,2,3.0,7,2016,14,236
2016-07-14,1188.0,3,3.0,7,2016,14,266
2016-07-14,1188.0,4,3.0,7,2016,14,266
2016-07-14,1188.0,5,3.0,7,2016,14,206
2016-07-14,1188.0,6,3.0,7,2016,14,308
2016-07-14,1188.0,7,3.0,7,2016,14,262
2016-07-14,1188.0,8,3.0,7,2016,14,258
2016-07-14,1188.0,9,3.0,7,2016,14,359
2016-07-14,1188.0,10,3.0,7,2016,14,341
2016-07-15,1189.0,1,4.0,7,2016,15,324
2016-07-15,1189.0,2,4.0,7,2016,15,265
2016-07-15,1189.0,3,4.0,7,2016,15,157
2016-07-15,1189.0,4,4.0,7,2016,15,209
2016-07-15,1189.0,5,4.0,7,2016,15,431
2016-07-15,1189.0,6,4.0,7,2016,15,209
2016-07-15,1189.0,7,4.0,7,2016,15,283
2016-07-15,1189.0,8,4.0,7,2016,15,228
2016-07-15,1189.0,9,4.0,7,2016,15,430
2016-07-15,1189.0,10,4.0,7,2016,15,350
2016-07-16,1190.0,1,5.0,7,2016,16,299
2016-07-16,1190.0,2,5.0,7,2016,16,260
2016-07-16,1190.0,3,5.0,7,2016,16,200
2016-07-16,1190.0,4,5.0,7,2016,16,361
2016-07-16,1190.0,5,5.0,7,2016,16,529
2016-07-16,1190.0,6,5.0,7,2016,16,270
2016-07-16,1190.0,7,5.0,7,2016,16,253
2016-07-16,1190.0,8,5.0,7,2016,16,332
2016-07-16,1190.0,9,5.0,7,2016,16,509
2016-07-16,1190.0,10,5.0,7,2016,16,337
2016-07-17,1191.0,1,6.0,7,2016,17,34
2016-07-17,1191.0,3,6.0,7,2016,17,107
2016-07-17,1191.0,4,6.0,7,2016,17,71
2016-07-17,1191.0,5,6.0,7,2016,17,257
2016-07-17,1191.0,6,6.0,7,2016,17,91
2016-07-17,1191.0,7,6.0,7,2016,17,105
2016-07-17,1191.0,8,6.0,7,2016,17,69
2016-07-17,1191.0,9,6.0,7,2016,17,67
2016-07-17,1191.0,10,6.0,7,2016,17,28
2016-07-19,1192.0,1,1.0,7,2016,19,381
2016-07-19,1192.0,2,1.0,7,2016,19,203
2016-07-19,1192.0,3,1.0,7,2016,19,342
2016-07-19,1192.0,4,1.0,7,2016,19,551
2016-07-19,1192.0,5,1.0,7,2016,19,646
2016-07-19,1192.0,6,1.0,7,2016,19,482
2016-07-19,1192.0,7,1.0,7,2016,19,646
2016-07-19,1192.0,8,1.0,7,2016,19,608
2016-07-19,1192.0,9,1.0,7,2016,19,308
2016-07-19,1192.0,10,1.0,7,2016,19,562
2016-07-20,1193.0,1,2.0,7,2016,20,238
2016-07-20,1193.0,2,2.0,7,2016,20,507
2016-07-20,1193.0,3,2.0,7,2016,20,249
2016-07-20,1193.0,4,2.0,7,2016,20,190
2016-07-20,1193.0,5,2.0,7,2016,20,477
2016-07-20,1193.0,6,2.0,7,2016,20,356
2016-07-20,1193.0,7,2.0,7,2016,20,105
2016-07-20,1193.0,8,2.0,7,2016,20,346
2016-07-20,1193.0,9,2.0,7,2016,20,385
2016-07-20,1193.0,10,2.0,7,2016,20,309
2016-07-21,1194.0,1,3.0,7,2016,21,318
2016-07-21,1194.0,2,3.0,7,2016,21,203
2016-07-21,1194.0,3,3.0,7,2016,21,166
2016-07-21,1194.0,4,3.0,7,2016,21,333
2016-07-21,1194.0,5,3.0,7,2016,21,583
2016-07-21,1194.0,6,3.0,7,2016,21,393
2016-07-21,1194.0,7,3.0,7,2016,21,262
2016-07-21,1194.0,8,3.0,7,2016,21,419
2016-07-21,1194.0,9,3.0,7,2016,21,391
2016-07-21,1194.0,10,3.0,7,2016,21,341
2016-07-22,1195.0,1,4.0,7,2016,22,225
2016-07-22,1195.0,2,4.0,7,2016,22,371
2016-07-22,1195.0,3,4.0,7,2016,22,183
2016-07-22,1195.0,4,4.0,7,2016,22,314
2016-07-22,1195.0,5,4.0,7,2016,22,215
2016-07-22,1195.0,6,4.0,7,2016,22,261
2016-07-22,1195.0,7,4.0,7,2016,22,360
2016-07-22,1195.0,8,4.0,7,2016,22,279
2016-07-22,1195.0,9,4.0,7,2016,22,331
2016-07-22,1195.0,10,4.0,7,2016,22,227
2016-07-23,1196.0,1,5.0,7,2016,23,218
2016-07-23,1196.0,2,5.0,7,2016,23,289
2016-07-23,1196.0,3,5.0,7,2016,23,228
2016-07-23,1196.0,4,5.0,7,2016,23,399
2016-07-23,1196.0,5,5.0,7,2016,23,529
2016-07-23,1196.0,6,5.0,7,2016,23,415
2016-07-23,1196.0,7,5.0,7,2016,23,562
2016-07-23,1196.0,8,5.0,7,2016,23,415
2016-07-23,1196.0,9,5.0,7,2016,23,402
2016-07-23,1196.0,10,5.0,7,2016,23,359
2016-07-24,1197.0,1,6.0,7,2016,24,136
2016-07-24,1197.0,2,6.0,7,2016,24,36
2016-07-24,1197.0,3,6.0,7,2016,24,285
2016-07-24,1197.0,4,6.0,7,2016,24,24
2016-07-24,1197.0,5,6.0,7,2016,24,184
2016-07-24,1197.0,6,6.0,7,2016,24,97
2016-07-24,1197.0,7,6.0,7,2016,24,105
2016-07-24,1197.0,8,6.0,7,2016,24,173
2016-07-24,1197.0,9,6.0,7,2016,24,50
2016-07-24,1197.0,10,6.0,7,2016,24,56
2016-07-26,1198.0,1,1.0,7,2016,26,463
2016-07-26,1198.0,2,1.0,7,2016,26,405
2016-07-26,1198.0,3,1.0,7,2016,26,599
2016-07-26,1198.0,4,1.0,7,2016,26,532
2016-07-26,1198.0,5,1.0,7,2016,26,499
2016-07-26,1198.0,6,1.0,7,2016,26,384
2016-07-26,1198.0,7,1.0,7,2016,26,393
2016-07-26,1198.0,8,1.0,7,2016,26,608
2016-07-26,1198.0,9,1.0,7,2016,26,723
2016-07-26,1198.0,10,1.0,7,2016,26,449
2016-07-27,1199.0,1,2.0,7,2016,27,306
2016-07-27,1199.0,2,2.0,7,2016,27,362
2016-07-27,1199.0,3,2.0,7,2016,27,178
2016-07-27,1199.0,4,2.0,7,2016,27,475
2016-07-27,1199.0,5,2.0,7,2016,27,551
2016-07-27,1199.0,6,2.0,7,2016,27,292
2016-07-27,1199.0,7,2.0,7,2016,27,351
2016-07-27,1199.0,8,2.0,7,2016,27,104
2016-07-27,1199.0,9,2.0,7,2016,27,402
2016-07-27,1199.0,10,2.0,7,2016,27,197
2016-07-28,1200.0,1,3.0,7,2016,28,95
2016-07-28,1200.0,2,3.0,7,2016,28,169
2016-07-28,1200.0,3,3.0,7,2016,28,200
2016-07-28,1200.0,4,3.0,7,2016,28,266
2016-07-28,1200.0,5,3.0,7,2016,28,240
2016-07-28,1200.0,6,3.0,7,2016,28,103
2016-07-28,1200.0,7,3.0,7,2016,28,164
2016-07-28,1200.0,8,3.0,7,2016,28,226
2016-07-28,1200.0,9,3.0,7,2016,28,219
2016-07-28,1200.0,10,3.0,7,2016,28,183
2016-07-29,1201.0,1,4.0,7,2016,29,424
2016-07-29,1201.0,2,4.0,7,2016,29,292
2016-07-29,1201.0,3,4.0,7,2016,29,523
2016-07-29,1201.0,4,4.0,7,2016,29,470
2016-07-29,1201.0,5,4.0,7,2016,29,619
2016-07-29,1201.0,6,4.0,7,2016,29,428
2016-07-29,1201.0,7,4.0,7,2016,29,360
2016-07-29,1201.0,8,4.0,7,2016,29,583
2016-07-29,1201.0,9,4.0,7,2016,29,552
2016-07-29,1201.0,10,4.0,7,2016,29,391
2016-07-30,1202.0,1,5.0,7,2016,30,354
2016-07-30,1202.0,2,5.0,7,2016,30,58
2016-07-30,1202.0,3,5.0,7,2016,30,228
2016-07-30,1202.0,4,5.0,7,2016,30,190
2016-07-30,1202.0,5,5.0,7,2016,30,323
2016-07-30,1202.0,6,5.0,7,2016,30,342
2016-07-30,1202.0,7,5.0,7,2016,30,393
2016-07-30,1202.0,8,5.0,7,2016,30,304
2016-07-30,1202.0,9,5.0,7,2016,30,536
2016-07-30,1202.0,10,5.0,7,2016,30,247
2016-07-31,1203.0,1,6.0,7,2016,31,102
2016-07-31,1203.0,3,6.0,7,2016,31,107
2016-07-31,1203.0,4,6.0,7,2016,31,48
2016-07-31,1203.0,5,6.0,7,2016,31,220
2016-07-31,1203.0,6,6.0,7,2016,31,97
2016-07-31,1203.0,8,6.0,7,2016,31,173
2016-07-31,1203.0,9,6.0,7,2016,31,117
2016-07-31,1203.0,10,6.0,7,2016,31,28
2016-08-01,1204.0,10,7.0,8,2016,1,24
2016-08-02,1205.0,1,1.0,8,2016,2,653
2016-08-02,1205.0,2,1.0,8,2016,2,405
2016-08-02,1205.0,3,1.0,8,2016,2,342
2016-08-02,1205.0,4,1.0,8,2016,2,380
2016-08-02,1205.0,5,1.0,8,2016,2,558
2016-08-02,1205.0,6,1.0,8,2016,2,295
2016-08-02,1205.0,7,1.0,8,2016,2,337
2016-08-02,1205.0,8,1.0,8,2016,2,664
2016-08-02,1205.0,9,1.0,8,2016,2,536
2016-08-02,1205.0,10,1.0,8,2016,2,651
2016-08-03,1206.0,1,2.0,8,2016,3,170
2016-08-03,1206.0,2,2.0,8,2016,3,253
2016-08-03,1206.0,3,2.0,8,2016,3,285
2016-08-03,1206.0,4,2.0,8,2016,3,594
2016-08-03,1206.0,5,2.0,8,2016,3,734
2016-08-03,1206.0,6,2.0,8,2016,3,311
2016-08-03,1206.0,7,2.0,8,2016,3,491
2016-08-03,1206.0,8,2.0,8,2016,3,484
2016-08-03,1206.0,9,2.0,8,2016,3,519
2016-08-03,1206.0,10,2.0,8,2016,3,281
2016-08-04,1207.0,1,3.0,8,2016,4,254
2016-08-04,1207.0,2,3.0,8,2016,4,135
2016-08-04,1207.0,3,3.0,8,2016,4,299
2016-08-04,1207.0,4,3.0,8,2016,4,288
2016-08-04,1207.0,5,3.0,8,2016,4,754
2016-08-04,1207.0,6,3.0,8,2016,4,181
2016-08-04,1207.0,7,3.0,8,2016,4,164
2016-08-04,1207.0,8,3.0,8,2016,4,452
2016-08-04,1207.0,9,3.0,8,2016,4,531
2016-08-04,1207.0,10,3.0,8,2016,4,341
2016-08-05,1208.0,1,4.0,8,2016,5,200
2016-08-05,1208.0,2,4.0,8,2016,5,80
2016-08-05,1208.0,3,4.0,8,2016,5,78
2016-08-05,1208.0,4,4.0,8,2016,5,296
2016-08-05,1208.0,5,4.0,8,2016,5,269
2016-08-05,1208.0,6,4.0,8,2016,5,185
2016-08-05,1208.0,7,4.0,8,2016,5,335
2016-08-05,1208.0,8,4.0,8,2016,5,228
2016-08-05,1208.0,9,4.0,8,2016,5,295
2016-08-05,1208.0,10,4.0,8,2016,5,288
2016-08-06,1209.0,1,5.0,8,2016,6,381
2016-08-06,1209.0,2,5.0,8,2016,6,347
2016-08-06,1209.0,3,5.0,8,2016,6,342
2016-08-06,1209.0,4,5.0,8,2016,6,323
2016-08-06,1209.0,5,5.0,8,2016,6,411
2016-08-06,1209.0,6,5.0,8,2016,6,311
2016-08-06,1209.0,7,5.0,8,2016,6,393
2016-08-06,1209.0,8,5.0,8,2016,6,470
2016-08-06,1209.0,9,5.0,8,2016,6,549
2016-08-06,1209.0,10,5.0,8,2016,6,539
2016-08-07,1210.0,1,6.0,8,2016,7,238
2016-08-07,1210.0,2,6.0,8,2016,7,36
2016-08-07,1210.0,3,6.0,8,2016,7,178
2016-08-07,1210.0,4,6.0,8,2016,7,143
2016-08-07,1210.0,5,6.0,8,2016,7,184
2016-08-07,1210.0,6,6.0,8,2016,7,84
2016-08-07,1210.0,7,6.0,8,2016,7,105
2016-08-07,1210.0,8,6.0,8,2016,7,207
2016-08-07,1210.0,9,6.0,8,2016,7,167
2016-08-07,1210.0,10,6.0,8,2016,7,56
2016-08-08,1211.0,6,7.0,8,2016,8,6
2016-08-09,1212.0,1,1.0,8,2016,9,435
2016-08-09,1212.0,2,1.0,8,2016,9,203
2016-08-09,1212.0,3,1.0,8,2016,9,456
2016-08-09,1212.0,4,1.0,8,2016,9,475
2016-08-09,1212.0,5,1.0,8,2016,9,676
2016-08-09,1212.0,6,1.0,8,2016,9,301
2016-08-09,1212.0,7,1.0,8,2016,9,309
2016-08-09,1212.0,8,1.0,8,2016,9,636
2016-08-09,1212.0,9,1.0,8,2016,9,616
2016-08-09,1212.0,10,1.0,8,2016,9,382
2016-08-10,1213.0,1,2.0,8,2016,10,442
2016-08-10,1213.0,2,2.0,8,2016,10,434
2016-08-10,1213.0,3,2.0,8,2016,10,428
2016-08-10,1213.0,4,2.0,8,2016,10,475
2016-08-10,1213.0,5,2.0,8,2016,10,734
2016-08-10,1213.0,6,2.0,8,2016,10,305
2016-08-10,1213.0,7,2.0,8,2016,10,386
2016-08-10,1213.0,8,2.0,8,2016,10,760
2016-08-10,1213.0,9,2.0,8,2016,10,519
2016-08-10,1213.0,10,2.0,8,2016,10,393
2016-08-11,1214.0,1,3.0,8,2016,11,95
2016-08-11,1214.0,2,3.0,8,2016,11,236
2016-08-11,1214.0,3,3.0,8,2016,11,266
2016-08-11,1214.0,4,3.0,8,2016,11,222
2016-08-11,1214.0,5,3.0,8,2016,11,480
2016-08-11,1214.0,6,3.0,8,2016,11,163
2016-08-11,1214.0,7,3.0,8,2016,11,229
2016-08-11,1214.0,8,3.0,8,2016,11,516
2016-08-11,1214.0,9,3.0,8,2016,11,625
2016-08-11,1214.0,10,3.0,8,2016,11,157
2016-08-12,1215.0,1,4.0,8,2016,12,150
2016-08-12,1215.0,3,4.0,8,2016,12,235
2016-08-12,1215.0,4,4.0,8,2016,12,314
2016-08-12,1215.0,5,4.0,8,2016,12,431
2016-08-12,1215.0,6,4.0,8,2016,12,295
2016-08-12,1215.0,7,4.0,8,2016,12,103
2016-08-12,1215.0,8,4.0,8,2016,12,482
2016-08-12,1215.0,9,4.0,8,2016,12,381
2016-08-12,1215.0,10,4.0,8,2016,12,391
2016-08-13,1216.0,1,5.0,8,2016,13,245
2016-08-13,1216.0,2,5.0,8,2016,13,174
2016-08-13,1216.0,3,5.0,8,2016,13,200
2016-08-13,1216.0,4,5.0,8,2016,13,342
2016-08-13,1216.0,5,5.0,8,2016,13,264
2016-08-13,1216.0,6,5.0,8,2016,13,316
2016-08-13,1216.0,7,5.0,8,2016,13,337
2016-08-13,1216.0,8,5.0,8,2016,13,332
2016-08-13,1216.0,9,5.0,8,2016,13,549
2016-08-13,1216.0,10,5.0,8,2016,13,225
2016-08-14,1217.0,1,6.0,8,2016,14,170
2016-08-14,1217.0,2,6.0,8,2016,14,109
2016-08-14,1217.0,3,6.0,8,2016,14,178
2016-08-14,1217.0,4,6.0,8,2016,14,95
2016-08-14,1217.0,5,6.0,8,2016,14,257
2016-08-14,1217.0,6,6.0,8,2016,14,104
2016-08-14,1217.0,7,6.0,8,2016,14,246
2016-08-14,1217.0,8,6.0,8,2016,14,35
2016-08-14,1217.0,9,6.0,8,2016,14,184
2016-08-14,1217.0,10,6.0,8,2016,14,56
2016-08-15,1218.0,7,7.0,8,2016,15,30
2016-08-16,1219.0,1,1.0,8,2016,16,245
2016-08-16,1219.0,2,1.0,8,2016,16,232
2016-08-16,1219.0,3,1.0,8,2016,16,342
2016-08-16,1219.0,4,1.0,8,2016,16,399
2016-08-16,1219.0,5,1.0,8,2016,16,382
2016-08-16,1219.0,6,1.0,8,2016,16,425
2016-08-16,1219.0,7,1.0,8,2016,16,477
2016-08-16,1219.0,8,1.0,8,2016,16,387
2016-08-16,1219.0,9,1.0,8,2016,16,549
2016-08-16,1219.0,10,1.0,8,2016,16,472
2016-08-17,1220.0,1,2.0,8,2016,17,442
2016-08-17,1220.0,2,2.0,8,2016,17,326
2016-08-17,1220.0,3,2.0,8,2016,17,570
2016-08-17,1220.0,4,2.0,8,2016,17,380
2016-08-17,1220.0,5,2.0,8,2016,17,661
2016-08-17,1220.0,6,2.0,8,2016,17,577
2016-08-17,1220.0,7,2.0,8,2016,17,562
2016-08-17,1220.0,8,2.0,8,2016,17,553
2016-08-17,1220.0,9,2.0,8,2016,17,569
2016-08-17,1220.0,10,2.0,8,2016,17,477
2016-08-18,1221.0,1,3.0,8,2016,18,476
2016-08-18,1221.0,2,3.0,8,2016,18,101
2016-08-18,1221.0,3,3.0,8,2016,18,266
2016-08-18,1221.0,4,3.0,8,2016,18,377
2016-08-18,1221.0,5,3.0,8,2016,18,377
2016-08-18,1221.0,6,3.0,8,2016,18,206
2016-08-18,1221.0,7,3.0,8,2016,18,229
2016-08-18,1221.0,8,3.0,8,2016,18,355
2016-08-18,1221.0,9,3.0,8,2016,18,422
2016-08-18,1221.0,10,3.0,8,2016,18,472
2016-08-19,1222.0,1,4.0,8,2016,19,424
2016-08-19,1222.0,2,4.0,8,2016,19,265
2016-08-19,1222.0,3,4.0,8,2016,19,183
2016-08-19,1222.0,4,4.0,8,2016,19,209
2016-08-19,1222.0,5,4.0,8,2016,19,485
2016-08-19,1222.0,6,4.0,8,2016,19,428
2016-08-19,1222.0,7,4.0,8,2016,19,360
2016-08-19,1222.0,8,4.0,8,2016,19,355
2016-08-19,1222.0,9,4.0,8,2016,19,491
2016-08-19,1222.0,10,4.0,8,2016,19,227
2016-08-20,1223.0,1,5.0,8,2016,20,272
2016-08-20,1223.0,2,5.0,8,2016,20,145
2016-08-20,1223.0,3,5.0,8,2016,20,114
2016-08-20,1223.0,4,5.0,8,2016,20,247
2016-08-20,1223.0,5,5.0,8,2016,20,441
2016-08-20,1223.0,6,5.0,8,2016,20,295
2016-08-20,1223.0,7,5.0,8,2016,20,225
2016-08-20,1223.0,8,5.0,8,2016,20,276
2016-08-20,1223.0,9,5.0,8,2016,20,562
2016-08-20,1223.0,10,5.0,8,2016,20,202
2016-08-21,1224.0,1,6.0,8,2016,21,34
2016-08-21,1224.0,2,6.0,8,2016,21,109
2016-08-21,1224.0,3,6.0,8,2016,21,107
2016-08-21,1224.0,4,6.0,8,2016,21,95
2016-08-21,1224.0,5,6.0,8,2016,21,220
2016-08-21,1224.0,6,6.0,8,2016,21,97
2016-08-21,1224.0,7,6.0,8,2016,21,246
2016-08-21,1224.0,8,6.0,8,2016,21,242
2016-08-21,1224.0,9,6.0,8,2016,21,134
2016-08-21,1224.0,10,6.0,8,2016,21,112
2016-08-23,1225.0,1,1.0,8,2016,23,381
2016-08-23,1225.0,2,1.0,8,2016,23,203
2016-08-23,1225.0,3,1.0,8,2016,23,371
2016-08-23,1225.0,4,1.0,8,2016,23,437
2016-08-23,1225.0,5,1.0,8,2016,23,676
2016-08-23,1225.0,6,1.0,8,2016,23,368
2016-08-23,1225.0,7,1.0,8,2016,23,505
2016-08-23,1225.0,8,1.0,8,2016,23,636
2016-08-23,1225.0,9,1.0,8,2016,23,603
2016-08-23,1225.0,10,1.0,8,2016,23,517
2016-08-24,1226.0,1,2.0,8,2016,24,340
2016-08-24,1226.0,2,2.0,8,2016,24,470
2016-08-24,1226.0,3,2.0,8,2016,24,392
2016-08-24,1226.0,4,2.0,8,2016,24,594
2016-08-24,1226.0,5,2.0,8,2016,24,808
2016-08-24,1226.0,6,2.0,8,2016,24,531
2016-08-24,1226.0,7,2.0,8,2016,24,562
2016-08-24,1226.0,8,2.0,8,2016,24,864
2016-08-24,1226.0,9,2.0,8,2016,24,603
2016-08-24,1226.0,10,2.0,8,2016,24,534
2016-08-25,1227.0,1,3.0,8,2016,25,286
2016-08-25,1227.0,2,3.0,8,2016,25,236
2016-08-25,1227.0,3,3.0,8,2016,25,333
2016-08-25,1227.0,4,3.0,8,2016,25,421
2016-08-25,1227.0,5,3.0,8,2016,25,685
2016-08-25,1227.0,6,3.0,8,2016,25,333
2016-08-25,1227.0,7,3.0,8,2016,25,491
2016-08-25,1227.0,8,3.0,8,2016,25,677
2016-08-25,1227.0,9,3.0,8,2016,25,641
2016-08-25,1227.0,10,3.0,8,2016,25,419
2016-08-26,1228.0,5,4.0,8,2016,26,27
2016-08-26,1228.0,9,4.0,8,2016,26,12
2016-08-26,1228.0,10,4.0,8,2016,26,21
2016-08-27,1229.0,6,6.0,8,2016,27,6
2016-08-27,1229.0,10,6.0,8,2016,27,28
2016-08-28,1230.0,1,7.0,8,2016,28,413
2016-08-28,1230.0,2,7.0,8,2016,28,439
2016-08-28,1230.0,3,7.0,8,2016,28,247
2016-08-28,1230.0,4,7.0,8,2016,28,680
2016-08-28,1230.0,5,7.0,8,2016,28,636
2016-08-28,1230.0,6,7.0,8,2016,28,331
2016-08-28,1230.0,7,7.0,8,2016,28,365
2016-08-28,1230.0,8,7.0,8,2016,28,1288
2016-08-28,1230.0,9,7.0,8,2016,28,1117
2016-08-28,1230.0,10,7.0,8,2016,28,681
2016-08-29,1231.0,1,1.0,8,2016,29,517
2016-08-29,1231.0,2,1.0,8,2016,29,521
2016-08-29,1231.0,3,1.0,8,2016,29,570
2016-08-29,1231.0,4,1.0,8,2016,29,418
2016-08-29,1231.0,5,1.0,8,2016,29,529
2016-08-29,1231.0,6,1.0,8,2016,29,415
2016-08-29,1231.0,7,1.0,8,2016,29,253
2016-08-29,1231.0,8,1.0,8,2016,29,1051
2016-08-29,1231.0,9,1.0,8,2016,29,884
2016-08-29,1231.0,10,1.0,8,2016,29,314
2016-08-30,1232.0,1,2.0,8,2016,30,680
2016-08-30,1232.0,2,2.0,8,2016,30,760
2016-08-30,1232.0,3,2.0,8,2016,30,677
2016-08-30,1232.0,4,2.0,8,2016,30,737
2016-08-30,1232.0,5,2.0,8,2016,30,808
2016-08-30,1232.0,6,2.0,8,2016,30,765
2016-08-30,1232.0,7,2.0,8,2016,30,702
2016-08-30,1232.0,8,2.0,8,2016,30,1279
2016-08-30,1232.0,9,2.0,8,2016,30,1707
2016-08-30,1232.0,10,2.0,8,2016,30,786
2016-08-31,1233.0,1,3.0,8,2016,31,540
2016-08-31,1233.0,2,3.0,8,2016,31,507
2016-08-31,1233.0,3,3.0,8,2016,31,333
2016-08-31,1233.0,4,3.0,8,2016,31,621
2016-08-31,1233.0,5,3.0,8,2016,31,1474
2016-08-31,1233.0,6,3.0,8,2016,31,520
2016-08-31,1233.0,7,3.0,8,2016,31,655
2016-08-31,1233.0,8,3.0,8,2016,31,1064
2016-08-31,1233.0,9,3.0,8,2016,31,1141
2016-08-31,1233.0,10,3.0,8,2016,31,865
2016-09-01,1234.0,1,4.0,9,2016,1,299
2016-09-01,1234.0,2,4.0,9,2016,1,159
2016-09-01,1234.0,3,4.0,9,2016,1,157
2016-09-01,1234.0,4,4.0,9,2016,1,139
2016-09-01,1234.0,5,4.0,9,2016,1,458
2016-09-01,1234.0,6,4.0,9,2016,1,190
2016-09-01,1234.0,7,4.0,9,2016,1,309
2016-09-01,1234.0,8,4.0,9,2016,1,532
2016-09-01,1234.0,9,4.0,9,2016,1,442
2016-09-01,1234.0,10,4.0,9,2016,1,103
2016-09-02,1235.0,1,5.0,9,2016,2,82
2016-09-02,1235.0,2,5.0,9,2016,2,289
2016-09-02,1235.0,4,5.0,9,2016,2,190
2016-09-02,1235.0,5,5.0,9,2016,2,147
2016-09-02,1235.0,6,5.0,9,2016,2,83
2016-09-02,1235.0,7,5.0,9,2016,2,140
2016-09-02,1235.0,8,5.0,9,2016,2,276
2016-09-02,1235.0,9,5.0,9,2016,2,134
2016-09-02,1235.0,10,5.0,9,2016,2,180
2016-09-03,1236.0,1,6.0,9,2016,3,34
2016-09-03,1236.0,2,6.0,9,2016,3,72
2016-09-03,1236.0,4,6.0,9,2016,3,24
2016-09-03,1236.0,5,6.0,9,2016,3,37
2016-09-03,1236.0,6,6.0,9,2016,3,39
2016-09-03,1236.0,9,6.0,9,2016,3,67
2016-09-05,1237.0,1,1.0,9,2016,5,82
2016-09-05,1237.0,2,1.0,9,2016,5,87
2016-09-05,1237.0,3,1.0,9,2016,5,86
2016-09-05,1237.0,4,1.0,9,2016,5,95
2016-09-05,1237.0,5,1.0,9,2016,5,88
2016-09-05,1237.0,6,1.0,9,2016,5,47
2016-09-05,1237.0,7,1.0,9,2016,5,84
2016-09-05,1237.0,8,1.0,9,2016,5,83
2016-09-05,1237.0,9,1.0,9,2016,5,121
2016-09-05,1237.0,10,1.0,9,2016,5,112
2016-09-06,1238.0,2,2.0,9,2016,6,109
2016-09-06,1238.0,3,2.0,9,2016,6,107
2016-09-06,1238.0,4,2.0,9,2016,6,95
2016-09-06,1238.0,5,2.0,9,2016,6,184
2016-09-06,1238.0,6,2.0,9,2016,6,65
2016-09-06,1238.0,7,2.0,9,2016,6,105
2016-09-06,1238.0,9,2.0,9,2016,6,117
2016-09-06,1238.0,10,2.0,9,2016,6,28
2016-09-07,1239.0,1,3.0,9,2016,7,32
2016-09-07,1239.0,2,3.0,9,2016,7,101
2016-09-07,1239.0,3,3.0,9,2016,7,67
2016-09-07,1239.0,4,3.0,9,2016,7,44
2016-09-07,1239.0,6,3.0,9,2016,7,54
2016-09-07,1239.0,7,3.0,9,2016,7,66
2016-09-07,1239.0,8,3.0,9,2016,7,65
2016-09-07,1239.0,9,3.0,9,2016,7,109
2016-09-07,1239.0,10,3.0,9,2016,7,52
2016-09-08,1240.0,1,4.0,9,2016,8,25
2016-09-08,1240.0,2,4.0,9,2016,8,53
2016-09-08,1240.0,3,4.0,9,2016,8,26
2016-09-08,1240.0,4,4.0,9,2016,8,17
2016-09-08,1240.0,6,4.0,9,2016,8,29
2016-09-08,1240.0,7,4.0,9,2016,8,103
2016-09-08,1240.0,8,4.0,9,2016,8,51
2016-09-08,1240.0,9,4.0,9,2016,8,37
2016-09-08,1240.0,10,4.0,9,2016,8,21
2016-09-09,1241.0,1,5.0,9,2016,9,54
2016-09-09,1241.0,2,5.0,9,2016,9,116
2016-09-09,1241.0,3,5.0,9,2016,9,86
2016-09-09,1241.0,4,5.0,9,2016,9,19
2016-09-09,1241.0,6,5.0,9,2016,9,21
2016-09-09,1241.0,9,5.0,9,2016,9,80
2016-09-13,1242.0,1,2.0,9,2016,13,34
2016-09-13,1242.0,5,2.0,9,2016,13,37
2016-09-13,1242.0,6,2.0,9,2016,13,13
2016-09-13,1242.0,9,2.0,9,2016,13,17
2016-09-14,1243.0,6,3.0,9,2016,14,12
2016-09-14,1243.0,8,3.0,9,2016,14,32
2016-09-14,1243.0,9,3.0,9,2016,14,47
2016-09-14,1243.0,10,3.0,9,2016,14,26
2016-09-15,1244.0,2,4.0,9,2016,15,27
2016-09-15,1244.0,3,4.0,9,2016,15,78
2016-09-15,1244.0,4,4.0,9,2016,15,70
2016-09-15,1244.0,6,4.0,9,2016,15,19
2016-09-15,1244.0,8,4.0,9,2016,15,25
2016-09-15,1244.0,10,4.0,9,2016,15,41
2016-09-16,1245.0,2,5.0,9,2016,16,29
2016-09-16,1245.0,4,5.0,9,2016,16,95
2016-09-16,1245.0,6,5.0,9,2016,16,26
2016-09-16,1245.0,8,5.0,9,2016,16,83
2016-09-16,1245.0,9,5.0,9,2016,16,13
2016-09-16,1245.0,10,5.0,9,2016,16,90
2016-09-17,1246.0,1,6.0,9,2016,17,1021
2016-09-17,1246.0,2,6.0,9,2016,17,760
2016-09-17,1246.0,3,6.0,9,2016,17,748
2016-09-17,1246.0,4,6.0,9,2016,17,998
2016-09-17,1246.0,5,6.0,9,2016,17,1689
2016-09-17,1246.0,6,6.0,9,2016,17,706
2016-09-17,1246.0,7,6.0,9,2016,17,456
2016-09-17,1246.0,8,6.0,9,2016,17,1659
2016-09-17,1246.0,9,6.0,9,2016,17,1071
2016-09-17,1246.0,10,6.0,9,2016,17,1123
2016-09-18,1247.0,1,7.0,9,2016,18,649
2016-09-18,1247.0,2,7.0,9,2016,18,251
2016-09-18,1247.0,3,7.0,9,2016,18,432
2016-09-18,1247.0,4,7.0,9,2016,18,659
2016-09-18,1247.0,5,7.0,9,2016,18,955
2016-09-18,1247.0,6,7.0,9,2016,18,314
2016-09-18,1247.0,7,7.0,9,2016,18,426
2016-09-18,1247.0,8,7.0,9,2016,18,779
2016-09-18,1247.0,9,7.0,9,2016,18,798
2016-09-18,1247.0,10,7.0,9,2016,18,389
2016-09-19,1248.0,1,1.0,9,2016,19,708
2016-09-19,1248.0,2,1.0,9,2016,19,637
2016-09-19,1248.0,3,1.0,9,2016,19,342
2016-09-19,1248.0,4,1.0,9,2016,19,684
2016-09-19,1248.0,5,1.0,9,2016,19,1087
2016-09-19,1248.0,6,1.0,9,2016,19,399
2016-09-19,1248.0,7,1.0,9,2016,19,590
2016-09-19,1248.0,8,1.0,9,2016,19,1023
2016-09-19,1248.0,9,1.0,9,2016,19,937
2016-09-19,1248.0,10,1.0,9,2016,19,539
2016-09-20,1249.0,1,2.0,9,2016,20,680
2016-09-20,1249.0,2,2.0,9,2016,20,832
2016-09-20,1249.0,3,2.0,9,2016,20,570
2016-09-20,1249.0,4,2.0,9,2016,20,618
2016-09-20,1249.0,5,2.0,9,2016,20,698
2016-09-20,1249.0,6,2.0,9,2016,20,544
2016-09-20,1249.0,7,2.0,9,2016,20,562
2016-09-20,1249.0,8,2.0,9,2016,20,1140
2016-09-20,1249.0,9,2.0,9,2016,20,1004
2016-09-20,1249.0,10,2.0,9,2016,20,618
