r_date,date,brand,day_of_week
2016-04-16,1107.0,1,
2016-04-16,1107.0,2,
2016-04-16,1107.0,3,
2016-04-16,1107.0,4,
2016-04-16,1107.0,5,
2016-04-16,1107.0,6,
2016-04-16,1107.0,7,4.0
2016-04-16,1107.0,8,4.0
2016-04-16,1107.0,9,4.0
2016-04-16,1107.0,10,4.0
2016-04-17,1108.0,1,5.0
2016-04-17,1108.0,2,5.0
2016-04-17,1108.0,3,5.0
2016-04-17,1108.0,4,5.0
2016-04-17,1108.0,5,5.0
2016-04-17,1108.0,6,5.0
2016-04-17,1108.0,7,5.0
2016-04-17,1108.0,8,5.0
2016-04-17,1108.0,9,5.0
2016-04-17,1108.0,10,5.0
2016-04-18,1109.0,1,6.0
2016-04-18,1109.0,2,6.0
2016-04-18,1109.0,3,6.0
2016-04-18,1109.0,4,6.0
2016-04-18,1109.0,5,6.0
2016-04-18,1109.0,6,6.0
2016-04-18,1109.0,7,6.0
2016-04-18,1109.0,8,6.0
2016-04-18,1109.0,9,6.0
2016-04-18,1109.0,10,6.0
2016-04-19,1110.0,1,
2016-04-19,1110.0,2,
2016-04-19,1110.0,3,
2016-04-19,1110.0,4,
2016-04-19,1110.0,5,
2016-04-19,1110.0,6,
2016-04-19,1110.0,7,
2016-04-19,1110.0,8,
2016-04-19,1110.0,9,7.0
2016-04-19,1110.0,10,
2016-04-20,1111.0,1,1.0
2016-04-20,1111.0,2,1.0
2016-04-20,1111.0,3,1.0
2016-04-20,1111.0,4,1.0
2016-04-20,1111.0,5,1.0
2016-04-20,1111.0,6,1.0
2016-04-20,1111.0,7,1.0
2016-04-20,1111.0,8,1.0
2016-04-20,1111.0,9,1.0
2016-04-20,1111.0,10,1.0
2016-04-21,1112.0,1,2.0
2016-04-21,1112.0,2,2.0
2016-04-21,1112.0,3,2.0
2016-04-21,1112.0,4,2.0
2016-04-21,1112.0,5,2.0
2016-04-21,1112.0,6,2.0
2016-04-21,1112.0,7,2.0
2016-04-21,1112.0,8,2.0
2016-04-21,1112.0,9,2.0
2016-04-21,1112.0,10,2.0
2016-04-22,1113.0,1,3.0
2016-04-22,1113.0,2,3.0
2016-04-22,1113.0,3,3.0
2016-04-22,1113.0,4,3.0
2016-04-22,1113.0,5,3.0
2016-04-22,1113.0,6,3.0
2016-04-22,1113.0,7,3.0
2016-04-22,1113.0,8,3.0
2016-04-22,1113.0,9,3.0
2016-04-22,1113.0,10,3.0
2016-04-23,1114.0,1,4.0
2016-04-23,1114.0,2,4.0
2016-04-23,1114.0,3,4.0
2016-04-23,1114.0,4,4.0
2016-04-23,1114.0,5,4.0
2016-04-23,1114.0,6,4.0
2016-04-23,1114.0,7,4.0
2016-04-23,1114.0,8,4.0
2016-04-23,1114.0,9,4.0
2016-04-23,1114.0,10,4.0
2016-04-24,1115.0,1,5.0
2016-04-24,1115.0,2,5.0
2016-04-24,1115.0,3,5.0
2016-04-24,1115.0,4,5.0
2016-04-24,1115.0,5,5.0
2016-04-24,1115.0,6,5.0
2016-04-24,1115.0,7,5.0
2016-04-24,1115.0,8,5.0
2016-04-24,1115.0,9,5.0
2016-04-24,1115.0,10,5.0
2016-04-25,1116.0,1,6.0
2016-04-25,1116.0,2,6.0
2016-04-25,1116.0,3,6.0
2016-04-25,1116.0,4,6.0
2016-04-25,1116.0,5,6.0
2016-04-25,1116.0,6,6.0
2016-04-25,1116.0,7,6.0
2016-04-25,1116.0,8,6.0
2016-04-25,1116.0,9,6.0
2016-04-25,1116.0,10,6.0
2016-04-26,,1,
2016-04-26,,2,
2016-04-26,,3,
2016-04-26,,4,
2016-04-26,,5,
2016-04-26,,6,
2016-04-26,,7,
2016-04-26,,8,
2016-04-26,,9,
2016-04-26,,10,
2016-04-27,1117.0,1,1.0
2016-04-27,1117.0,2,1.0
2016-04-27,1117.0,3,1.0
2016-04-27,1117.0,4,1.0
2016-04-27,1117.0,5,1.0
2016-04-27,1117.0,6,1.0
2016-04-27,1117.0,7,1.0
2016-04-27,1117.0,8,1.0
2016-04-27,1117.0,9,1.0
2016-04-27,1117.0,10,1.0
2016-04-28,1118.0,1,2.0
2016-04-28,1118.0,2,2.0
2016-04-28,1118.0,3,2.0
2016-04-28,1118.0,4,2.0
2016-04-28,1118.0,5,2.0
2016-04-28,1118.0,6,2.0
2016-04-28,1118.0,7,2.0
2016-04-28,1118.0,8,2.0
2016-04-28,1118.0,9,2.0
2016-04-28,1118.0,10,2.0
2016-04-29,1119.0,1,3.0
2016-04-29,1119.0,2,3.0
2016-04-29,1119.0,3,3.0
2016-04-29,1119.0,4,3.0
2016-04-29,1119.0,5,3.0
2016-04-29,1119.0,6,3.0
2016-04-29,1119.0,7,3.0
2016-04-29,1119.0,8,3.0
2016-04-29,1119.0,9,3.0
2016-04-29,1119.0,10,3.0
2016-04-30,1120.0,1,4.0
2016-04-30,1120.0,2,4.0
2016-04-30,1120.0,3,4.0
2016-04-30,1120.0,4,4.0
2016-04-30,1120.0,5,4.0
2016-04-30,1120.0,6,4.0
2016-04-30,1120.0,7,4.0
2016-04-30,1120.0,8,4.0
2016-04-30,1120.0,9,4.0
2016-04-30,1120.0,10,4.0
2016-05-01,1121.0,1,5.0
2016-05-01,1121.0,2,5.0
2016-05-01,1121.0,3,5.0
2016-05-01,1121.0,4,5.0
2016-05-01,1121.0,5,5.0
2016-05-01,1121.0,6,5.0
2016-05-01,1121.0,7,5.0
2016-05-01,1121.0,8,5.0
2016-05-01,1121.0,9,5.0
2016-05-01,1121.0,10,5.0
2016-05-02,1122.0,1,6.0
2016-05-02,1122.0,2,6.0
2016-05-02,1122.0,3,6.0
2016-05-02,1122.0,4,6.0
2016-05-02,1122.0,5,6.0
2016-05-02,1122.0,6,6.0
2016-05-02,1122.0,7,6.0
2016-05-02,1122.0,8,6.0
2016-05-02,1122.0,9,6.0
2016-05-02,1122.0,10,6.0
2016-05-03,,1,
2016-05-03,,2,
2016-05-03,,3,
2016-05-03,,4,
2016-05-03,,5,
2016-05-03,,6,
2016-05-03,,7,
2016-05-03,,8,
2016-05-03,,9,
2016-05-03,,10,
2016-05-04,1123.0,1,1.0
2016-05-04,1123.0,2,1.0
2016-05-04,1123.0,3,1.0
2016-05-04,1123.0,4,1.0
2016-05-04,1123.0,5,1.0
2016-05-04,1123.0,6,1.0
2016-05-04,1123.0,7,1.0
2016-05-04,1123.0,8,1.0
2016-05-04,1123.0,9,1.0
2016-05-04,1123.0,10,1.0
2016-05-05,1124.0,1,2.0
2016-05-05,1124.0,2,2.0
2016-05-05,1124.0,3,2.0
2016-05-05,1124.0,4,2.0
2016-05-05,1124.0,5,2.0
2016-05-05,1124.0,6,2.0
2016-05-05,1124.0,7,2.0
2016-05-05,1124.0,8,2.0
2016-05-05,1124.0,9,2.0
2016-05-05,1124.0,10,2.0
2016-05-06,1125.0,1,3.0
2016-05-06,1125.0,2,3.0
2016-05-06,1125.0,3,3.0
2016-05-06,1125.0,4,3.0
2016-05-06,1125.0,5,3.0
2016-05-06,1125.0,6,3.0
2016-05-06,1125.0,7,3.0
2016-05-06,1125.0,8,3.0
2016-05-06,1125.0,9,3.0
2016-05-06,1125.0,10,3.0
2016-05-07,1126.0,1,4.0
2016-05-07,1126.0,2,4.0
2016-05-07,1126.0,3,4.0
2016-05-07,1126.0,4,4.0
2016-05-07,1126.0,5,4.0
2016-05-07,1126.0,6,4.0
2016-05-07,1126.0,7,4.0
2016-05-07,1126.0,8,4.0
2016-05-07,1126.0,9,4.0
2016-05-07,1126.0,10,4.0
2016-05-08,1127.0,1,5.0
2016-05-08,1127.0,2,5.0
2016-05-08,1127.0,3,5.0
2016-05-08,1127.0,4,5.0
2016-05-08,1127.0,5,5.0
2016-05-08,1127.0,6,5.0
2016-05-08,1127.0,7,5.0
2016-05-08,1127.0,8,5.0
2016-05-08,1127.0,9,5.0
2016-05-08,1127.0,10,5.0
2016-05-09,1128.0,1,6.0
2016-05-09,1128.0,2,6.0
2016-05-09,1128.0,3,6.0
2016-05-09,1128.0,4,6.0
2016-05-09,1128.0,5,6.0
2016-05-09,1128.0,6,6.0
2016-05-09,1128.0,7,6.0
2016-05-09,1128.0,8,6.0
2016-05-09,1128.0,9,6.0
2016-05-09,1128.0,10,
2016-05-10,,1,
2016-05-10,,2,
2016-05-10,,3,
2016-05-10,,4,
2016-05-10,,5,
2016-05-10,,6,
2016-05-10,,7,
2016-05-10,,8,
2016-05-10,,9,
2016-05-10,,10,
2016-05-11,1129.0,1,1.0
2016-05-11,1129.0,2,1.0
2016-05-11,1129.0,3,1.0
2016-05-11,1129.0,4,1.0
2016-05-11,1129.0,5,1.0
2016-05-11,1129.0,6,1.0
2016-05-11,1129.0,7,1.0
2016-05-11,1129.0,8,1.0
2016-05-11,1129.0,9,1.0
2016-05-11,1129.0,10,1.0
2016-05-12,1130.0,1,2.0
2016-05-12,1130.0,2,2.0
2016-05-12,1130.0,3,2.0
2016-05-12,1130.0,4,2.0
2016-05-12,1130.0,5,2.0
2016-05-12,1130.0,6,2.0
2016-05-12,1130.0,7,2.0
2016-05-12,1130.0,8,2.0
2016-05-12,1130.0,9,2.0
2016-05-12,1130.0,10,2.0
2016-05-13,1131.0,1,3.0
2016-05-13,1131.0,2,3.0
2016-05-13,1131.0,3,3.0
2016-05-13,1131.0,4,3.0
2016-05-13,1131.0,5,3.0
2016-05-13,1131.0,6,3.0
2016-05-13,1131.0,7,3.0
2016-05-13,1131.0,8,3.0
2016-05-13,1131.0,9,3.0
2016-05-13,1131.0,10,3.0
2016-05-14,1132.0,1,4.0
2016-05-14,1132.0,2,4.0
2016-05-14,1132.0,3,4.0
2016-05-14,1132.0,4,4.0
2016-05-14,1132.0,5,4.0
2016-05-14,1132.0,6,4.0
2016-05-14,1132.0,7,4.0
2016-05-14,1132.0,8,4.0
2016-05-14,1132.0,9,4.0
2016-05-14,1132.0,10,4.0
2016-05-15,1133.0,1,5.0
2016-05-15,1133.0,2,5.0
2016-05-15,1133.0,3,5.0
2016-05-15,1133.0,4,5.0
2016-05-15,1133.0,5,5.0
2016-05-15,1133.0,6,5.0
2016-05-15,1133.0,7,5.0
2016-05-15,1133.0,8,5.0
2016-05-15,1133.0,9,5.0
2016-05-15,1133.0,10,5.0
2016-05-16,1134.0,1,6.0
2016-05-16,1134.0,2,6.0
2016-05-16,1134.0,3,6.0
2016-05-16,1134.0,4,6.0
2016-05-16,1134.0,5,6.0
2016-05-16,1134.0,6,6.0
2016-05-16,1134.0,7,6.0
2016-05-16,1134.0,8,6.0
2016-05-16,1134.0,9,6.0
2016-05-16,1134.0,10,6.0
2016-05-17,,1,
2016-05-17,,2,
2016-05-17,,3,
2016-05-17,,4,
2016-05-17,,5,
2016-05-17,,6,
2016-05-17,,7,
2016-05-17,,8,
2016-05-17,,9,
2016-05-17,,10,
2016-05-18,1135.0,1,1.0
2016-05-18,1135.0,2,1.0
2016-05-18,1135.0,3,1.0
2016-05-18,1135.0,4,1.0
2016-05-18,1135.0,5,1.0
2016-05-18,1135.0,6,1.0
2016-05-18,1135.0,7,1.0
2016-05-18,1135.0,8,1.0
2016-05-18,1135.0,9,1.0
2016-05-18,1135.0,10,1.0
2016-05-19,1136.0,1,2.0
2016-05-19,1136.0,2,2.0
2016-05-19,1136.0,3,2.0
2016-05-19,1136.0,4,2.0
2016-05-19,1136.0,5,2.0
2016-05-19,1136.0,6,2.0
2016-05-19,1136.0,7,2.0
2016-05-19,1136.0,8,2.0
2016-05-19,1136.0,9,2.0
2016-05-19,1136.0,10,2.0
2016-05-20,1137.0,1,3.0
2016-05-20,1137.0,2,3.0
2016-05-20,1137.0,3,3.0
2016-05-20,1137.0,4,3.0
2016-05-20,1137.0,5,3.0
2016-05-20,1137.0,6,3.0
2016-05-20,1137.0,7,3.0
2016-05-20,1137.0,8,3.0
2016-05-20,1137.0,9,3.0
2016-05-20,1137.0,10,3.0
2016-05-21,1138.0,1,
2016-05-21,1138.0,2,
2016-05-21,1138.0,3,4.0
2016-05-21,1138.0,4,4.0
2016-05-21,1138.0,5,
2016-05-21,1138.0,6,
2016-05-21,1138.0,7,
2016-05-21,1138.0,8,
2016-05-21,1138.0,9,4.0
2016-05-21,1138.0,10,
2016-05-22,1139.0,1,
2016-05-22,1139.0,2,
2016-05-22,1139.0,3,
2016-05-22,1139.0,4,
2016-05-22,1139.0,5,
2016-05-22,1139.0,6,
2016-05-22,1139.0,7,
2016-05-22,1139.0,8,
2016-05-22,1139.0,9,5.0
2016-05-22,1139.0,10,
2016-05-23,1140.0,1,7.0
2016-05-23,1140.0,2,7.0
2016-05-23,1140.0,3,7.0
2016-05-23,1140.0,4,7.0
2016-05-23,1140.0,5,7.0
2016-05-23,1140.0,6,7.0
2016-05-23,1140.0,7,7.0
2016-05-23,1140.0,8,7.0
2016-05-23,1140.0,9,7.0
2016-05-23,1140.0,10,7.0
2016-05-24,1141.0,1,1.0
2016-05-24,1141.0,2,1.0
2016-05-24,1141.0,3,1.0
2016-05-24,1141.0,4,1.0
2016-05-24,1141.0,5,1.0
2016-05-24,1141.0,6,1.0
2016-05-24,1141.0,7,1.0
2016-05-24,1141.0,8,1.0
2016-05-24,1141.0,9,1.0
2016-05-24,1141.0,10,1.0
2016-05-25,1142.0,1,2.0
2016-05-25,1142.0,2,2.0
2016-05-25,1142.0,3,2.0
2016-05-25,1142.0,4,2.0
2016-05-25,1142.0,5,2.0
2016-05-25,1142.0,6,2.0
2016-05-25,1142.0,7,2.0
2016-05-25,1142.0,8,2.0
2016-05-25,1142.0,9,2.0
2016-05-25,1142.0,10,2.0
2016-05-26,1143.0,1,3.0
2016-05-26,1143.0,2,3.0
2016-05-26,1143.0,3,3.0
2016-05-26,1143.0,4,3.0
2016-05-26,1143.0,5,3.0
2016-05-26,1143.0,6,3.0
2016-05-26,1143.0,7,3.0
2016-05-26,1143.0,8,3.0
2016-05-26,1143.0,9,3.0
2016-05-26,1143.0,10,3.0
2016-05-27,1144.0,1,4.0
2016-05-27,1144.0,2,4.0
2016-05-27,1144.0,3,4.0
2016-05-27,1144.0,4,4.0
2016-05-27,1144.0,5,4.0
2016-05-27,1144.0,6,4.0
2016-05-27,1144.0,7,4.0
2016-05-27,1144.0,8,4.0
2016-05-27,1144.0,9,4.0
2016-05-27,1144.0,10,4.0
2016-05-28,1145.0,1,5.0
2016-05-28,1145.0,2,5.0
2016-05-28,1145.0,3,5.0
2016-05-28,1145.0,4,5.0
2016-05-28,1145.0,5,5.0
2016-05-28,1145.0,6,5.0
2016-05-28,1145.0,7,5.0
2016-05-28,1145.0,8,5.0
2016-05-28,1145.0,9,5.0
2016-05-28,1145.0,10,5.0
2016-05-29,1146.0,1,6.0
2016-05-29,1146.0,2,6.0
2016-05-29,1146.0,3,6.0
2016-05-29,1146.0,4,6.0
2016-05-29,1146.0,5,6.0
2016-05-29,1146.0,6,6.0
2016-05-29,1146.0,7,6.0
2016-05-29,1146.0,8,6.0
2016-05-29,1146.0,9,6.0
2016-05-29,1146.0,10,
2016-05-30,1147.0,1,
2016-05-30,1147.0,2,
2016-05-30,1147.0,3,
2016-05-30,1147.0,4,
2016-05-30,1147.0,5,
2016-05-30,1147.0,6,
2016-05-30,1147.0,7,
2016-05-30,1147.0,8,
2016-05-30,1147.0,9,7.0
2016-05-30,1147.0,10,
2016-05-31,1148.0,1,1.0
2016-05-31,1148.0,2,1.0
2016-05-31,1148.0,3,1.0
2016-05-31,1148.0,4,1.0
2016-05-31,1148.0,5,1.0
2016-05-31,1148.0,6,1.0
2016-05-31,1148.0,7,1.0
2016-05-31,1148.0,8,1.0
2016-05-31,1148.0,9,1.0
2016-05-31,1148.0,10,1.0
2016-06-01,1149.0,1,2.0
2016-06-01,1149.0,2,2.0
2016-06-01,1149.0,3,2.0
2016-06-01,1149.0,4,2.0
2016-06-01,1149.0,5,2.0
2016-06-01,1149.0,6,2.0
2016-06-01,1149.0,7,2.0
2016-06-01,1149.0,8,2.0
2016-06-01,1149.0,9,2.0
2016-06-01,1149.0,10,2.0
2016-06-02,1150.0,1,3.0
2016-06-02,1150.0,2,3.0
2016-06-02,1150.0,3,3.0
2016-06-02,1150.0,4,3.0
2016-06-02,1150.0,5,3.0
2016-06-02,1150.0,6,3.0
2016-06-02,1150.0,7,3.0
2016-06-02,1150.0,8,3.0
2016-06-02,1150.0,9,3.0
2016-06-02,1150.0,10,3.0
2016-06-03,1151.0,1,4.0
2016-06-03,1151.0,2,4.0
2016-06-03,1151.0,3,4.0
2016-06-03,1151.0,4,4.0
2016-06-03,1151.0,5,4.0
2016-06-03,1151.0,6,4.0
2016-06-03,1151.0,7,4.0
2016-06-03,1151.0,8,4.0
2016-06-03,1151.0,9,4.0
2016-06-03,1151.0,10,4.0
2016-06-04,1152.0,1,5.0
2016-06-04,1152.0,2,5.0
2016-06-04,1152.0,3,5.0
2016-06-04,1152.0,4,5.0
2016-06-04,1152.0,5,5.0
2016-06-04,1152.0,6,5.0
2016-06-04,1152.0,7,5.0
2016-06-04,1152.0,8,5.0
2016-06-04,1152.0,9,5.0
2016-06-04,1152.0,10,5.0
2016-06-05,1153.0,1,6.0
2016-06-05,1153.0,2,6.0
2016-06-05,1153.0,3,6.0
2016-06-05,1153.0,4,6.0
2016-06-05,1153.0,5,6.0
2016-06-05,1153.0,6,6.0
2016-06-05,1153.0,7,6.0
2016-06-05,1153.0,8,6.0
2016-06-05,1153.0,9,6.0
2016-06-05,1153.0,10,6.0
2016-06-06,1154.0,1,
2016-06-06,1154.0,2,
2016-06-06,1154.0,3,7.0
2016-06-06,1154.0,4,
2016-06-06,1154.0,5,
2016-06-06,1154.0,6,
2016-06-06,1154.0,7,7.0
2016-06-06,1154.0,8,
2016-06-06,1154.0,9,7.0
2016-06-06,1154.0,10,
2016-06-07,1155.0,1,1.0
2016-06-07,1155.0,2,1.0
2016-06-07,1155.0,3,1.0
2016-06-07,1155.0,4,1.0
2016-06-07,1155.0,5,1.0
2016-06-07,1155.0,6,1.0
2016-06-07,1155.0,7,1.0
2016-06-07,1155.0,8,1.0
2016-06-07,1155.0,9,1.0
2016-06-07,1155.0,10,1.0
2016-06-08,1156.0,1,2.0
2016-06-08,1156.0,2,2.0
2016-06-08,1156.0,3,2.0
2016-06-08,1156.0,4,2.0
2016-06-08,1156.0,5,2.0
2016-06-08,1156.0,6,2.0
2016-06-08,1156.0,7,2.0
2016-06-08,1156.0,8,2.0
2016-06-08,1156.0,9,2.0
2016-06-08,1156.0,10,2.0
2016-06-09,1157.0,1,3.0
2016-06-09,1157.0,2,3.0
2016-06-09,1157.0,3,3.0
2016-06-09,1157.0,4,3.0
2016-06-09,1157.0,5,3.0
2016-06-09,1157.0,6,3.0
2016-06-09,1157.0,7,3.0
2016-06-09,1157.0,8,3.0
2016-06-09,1157.0,9,3.0
2016-06-09,1157.0,10,3.0
2016-06-10,1158.0,1,4.0
2016-06-10,1158.0,2,4.0
2016-06-10,1158.0,3,4.0
2016-06-10,1158.0,4,4.0
2016-06-10,1158.0,5,4.0
2016-06-10,1158.0,6,4.0
2016-06-10,1158.0,7,4.0
2016-06-10,1158.0,8,4.0
2016-06-10,1158.0,9,4.0
2016-06-10,1158.0,10,4.0
2016-06-11,1159.0,1,5.0
2016-06-11,1159.0,2,5.0
2016-06-11,1159.0,3,5.0
2016-06-11,1159.0,4,5.0
2016-06-11,1159.0,5,5.0
2016-06-11,1159.0,6,5.0
2016-06-11,1159.0,7,5.0
2016-06-11,1159.0,8,5.0
2016-06-11,1159.0,9,5.0
2016-06-11,1159.0,10,5.0
2016-06-12,1160.0,1,6.0
2016-06-12,1160.0,2,6.0
2016-06-12,1160.0,3,6.0
2016-06-12,1160.0,4,6.0
2016-06-12,1160.0,5,6.0
2016-06-12,1160.0,6,6.0
2016-06-12,1160.0,7,6.0
2016-06-12,1160.0,8,6.0
2016-06-12,1160.0,9,6.0
2016-06-12,1160.0,10,6.0
2016-06-13,1161.0,1,
2016-06-13,1161.0,2,
2016-06-13,1161.0,3,
2016-06-13,1161.0,4,
2016-06-13,1161.0,5,
2016-06-13,1161.0,6,
2016-06-13,1161.0,7,
2016-06-13,1161.0,8,
2016-06-13,1161.0,9,7.0
2016-06-13,1161.0,10,
2016-06-14,1162.0,1,1.0
2016-06-14,1162.0,2,1.0
2016-06-14,1162.0,3,1.0
2016-06-14,1162.0,4,1.0
2016-06-14,1162.0,5,1.0
2016-06-14,1162.0,6,1.0
2016-06-14,1162.0,7,1.0
2016-06-14,1162.0,8,1.0
2016-06-14,1162.0,9,1.0
2016-06-14,1162.0,10,1.0
2016-06-15,1163.0,1,2.0
2016-06-15,1163.0,2,2.0
2016-06-15,1163.0,3,2.0
2016-06-15,1163.0,4,2.0
2016-06-15,1163.0,5,2.0
2016-06-15,1163.0,6,2.0
2016-06-15,1163.0,7,2.0
2016-06-15,1163.0,8,2.0
2016-06-15,1163.0,9,2.0
2016-06-15,1163.0,10,2.0
2016-06-16,1164.0,1,3.0
2016-06-16,1164.0,2,3.0
2016-06-16,1164.0,3,3.0
2016-06-16,1164.0,4,3.0
2016-06-16,1164.0,5,3.0
2016-06-16,1164.0,6,3.0
2016-06-16,1164.0,7,3.0
2016-06-16,1164.0,8,3.0
2016-06-16,1164.0,9,3.0
2016-06-16,1164.0,10,3.0
2016-06-17,1165.0,1,4.0
2016-06-17,1165.0,2,4.0
2016-06-17,1165.0,3,4.0
2016-06-17,1165.0,4,4.0
2016-06-17,1165.0,5,4.0
2016-06-17,1165.0,6,4.0
2016-06-17,1165.0,7,4.0
2016-06-17,1165.0,8,4.0
2016-06-17,1165.0,9,4.0
2016-06-17,1165.0,10,4.0
2016-06-18,1166.0,1,5.0
2016-06-18,1166.0,2,5.0
2016-06-18,1166.0,3,5.0
2016-06-18,1166.0,4,5.0
2016-06-18,1166.0,5,5.0
2016-06-18,1166.0,6,5.0
2016-06-18,1166.0,7,5.0
2016-06-18,1166.0,8,5.0
2016-06-18,1166.0,9,5.0
2016-06-18,1166.0,10,5.0
2016-06-19,1167.0,1,6.0
2016-06-19,1167.0,2,
2016-06-19,1167.0,3,6.0
2016-06-19,1167.0,4,6.0
2016-06-19,1167.0,5,6.0
2016-06-19,1167.0,6,6.0
2016-06-19,1167.0,7,6.0
2016-06-19,1167.0,8,6.0
2016-06-19,1167.0,9,6.0
2016-06-19,1167.0,10,6.0
2016-06-20,,1,
2016-06-20,,2,
2016-06-20,,3,
2016-06-20,,4,
2016-06-20,,5,
2016-06-20,,6,
2016-06-20,,7,
2016-06-20,,8,
2016-06-20,,9,
2016-06-20,,10,
2016-06-21,1168.0,1,1.0
2016-06-21,1168.0,2,1.0
2016-06-21,1168.0,3,1.0
2016-06-21,1168.0,4,1.0
2016-06-21,1168.0,5,1.0
2016-06-21,1168.0,6,1.0
2016-06-21,1168.0,7,1.0
2016-06-21,1168.0,8,1.0
2016-06-21,1168.0,9,1.0
2016-06-21,1168.0,10,1.0
2016-06-22,1169.0,1,2.0
2016-06-22,1169.0,2,2.0
2016-06-22,1169.0,3,2.0
2016-06-22,1169.0,4,2.0
2016-06-22,1169.0,5,2.0
2016-06-22,1169.0,6,2.0
2016-06-22,1169.0,7,2.0
2016-06-22,1169.0,8,2.0
2016-06-22,1169.0,9,2.0
2016-06-22,1169.0,10,2.0
2016-06-23,1170.0,1,3.0
2016-06-23,1170.0,2,3.0
2016-06-23,1170.0,3,3.0
2016-06-23,1170.0,4,3.0
2016-06-23,1170.0,5,3.0
2016-06-23,1170.0,6,3.0
2016-06-23,1170.0,7,3.0
2016-06-23,1170.0,8,3.0
2016-06-23,1170.0,9,3.0
2016-06-23,1170.0,10,3.0
2016-06-24,1171.0,1,4.0
2016-06-24,1171.0,2,4.0
2016-06-24,1171.0,3,4.0
2016-06-24,1171.0,4,4.0
2016-06-24,1171.0,5,4.0
2016-06-24,1171.0,6,4.0
2016-06-24,1171.0,7,4.0
2016-06-24,1171.0,8,4.0
2016-06-24,1171.0,9,4.0
2016-06-24,1171.0,10,4.0
2016-06-25,1172.0,1,5.0
2016-06-25,1172.0,2,5.0
2016-06-25,1172.0,3,5.0
2016-06-25,1172.0,4,5.0
2016-06-25,1172.0,5,5.0
2016-06-25,1172.0,6,5.0
2016-06-25,1172.0,7,5.0
2016-06-25,1172.0,8,5.0
2016-06-25,1172.0,9,5.0
2016-06-25,1172.0,10,5.0
2016-06-26,1173.0,1,6.0
2016-06-26,1173.0,2,6.0
2016-06-26,1173.0,3,6.0
2016-06-26,1173.0,4,6.0
2016-06-26,1173.0,5,6.0
2016-06-26,1173.0,6,6.0
2016-06-26,1173.0,7,6.0
2016-06-26,1173.0,8,6.0
2016-06-26,1173.0,9,6.0
2016-06-26,1173.0,10,
2016-06-27,,1,
2016-06-27,,2,
2016-06-27,,3,
2016-06-27,,4,
2016-06-27,,5,
2016-06-27,,6,
2016-06-27,,7,
2016-06-27,,8,
2016-06-27,,9,
2016-06-27,,10,
2016-06-28,1174.0,1,1.0
2016-06-28,1174.0,2,1.0
2016-06-28,1174.0,3,1.0
2016-06-28,1174.0,4,1.0
2016-06-28,1174.0,5,1.0
2016-06-28,1174.0,6,1.0
2016-06-28,1174.0,7,1.0
2016-06-28,1174.0,8,1.0
2016-06-28,1174.0,9,1.0
2016-06-28,1174.0,10,1.0
2016-06-29,1175.0,1,2.0
2016-06-29,1175.0,2,2.0
2016-06-29,1175.0,3,2.0
2016-06-29,1175.0,4,2.0
2016-06-29,1175.0,5,2.0
2016-06-29,1175.0,6,2.0
2016-06-29,1175.0,7,2.0
2016-06-29,1175.0,8,2.0
2016-06-29,1175.0,9,2.0
2016-06-29,1175.0,10,2.0
2016-06-30,1176.0,1,3.0
2016-06-30,1176.0,2,3.0
2016-06-30,1176.0,3,3.0
2016-06-30,1176.0,4,3.0
2016-06-30,1176.0,5,3.0
2016-06-30,1176.0,6,3.0
2016-06-30,1176.0,7,3.0
2016-06-30,1176.0,8,3.0
2016-06-30,1176.0,9,3.0
2016-06-30,1176.0,10,3.0
2016-07-01,1177.0,1,4.0
2016-07-01,1177.0,2,4.0
2016-07-01,1177.0,3,4.0
2016-07-01,1177.0,4,4.0
2016-07-01,1177.0,5,4.0
2016-07-01,1177.0,6,4.0
2016-07-01,1177.0,7,4.0
2016-07-01,1177.0,8,4.0
2016-07-01,1177.0,9,4.0
2016-07-01,1177.0,10,4.0
2016-07-02,1178.0,1,5.0
2016-07-02,1178.0,2,5.0
2016-07-02,1178.0,3,5.0
2016-07-02,1178.0,4,5.0
2016-07-02,1178.0,5,5.0
2016-07-02,1178.0,6,5.0
2016-07-02,1178.0,7,5.0
2016-07-02,1178.0,8,5.0
2016-07-02,1178.0,9,5.0
2016-07-02,1178.0,10,5.0
2016-07-03,1179.0,1,6.0
2016-07-03,1179.0,2,
2016-07-03,1179.0,3,6.0
2016-07-03,1179.0,4,6.0
2016-07-03,1179.0,5,6.0
2016-07-03,1179.0,6,6.0
2016-07-03,1179.0,7,6.0
2016-07-03,1179.0,8,6.0
2016-07-03,1179.0,9,6.0
2016-07-03,1179.0,10,6.0
2016-07-04,,1,
2016-07-04,,2,
2016-07-04,,3,
2016-07-04,,4,
2016-07-04,,5,
2016-07-04,,6,
2016-07-04,,7,
2016-07-04,,8,
2016-07-04,,9,
2016-07-04,,10,
2016-07-05,1180.0,1,1.0
2016-07-05,1180.0,2,1.0
2016-07-05,1180.0,3,1.0
2016-07-05,1180.0,4,1.0
2016-07-05,1180.0,5,1.0
2016-07-05,1180.0,6,1.0
2016-07-05,1180.0,7,1.0
2016-07-05,1180.0,8,1.0
2016-07-05,1180.0,9,1.0
2016-07-05,1180.0,10,1.0
2016-07-06,1181.0,1,2.0
2016-07-06,1181.0,2,2.0
2016-07-06,1181.0,3,2.0
2016-07-06,1181.0,4,2.0
2016-07-06,1181.0,5,2.0
2016-07-06,1181.0,6,2.0
2016-07-06,1181.0,7,2.0
2016-07-06,1181.0,8,2.0
2016-07-06,1181.0,9,2.0
2016-07-06,1181.0,10,2.0
2016-07-07,1182.0,1,3.0
2016-07-07,1182.0,2,3.0
2016-07-07,1182.0,3,3.0
2016-07-07,1182.0,4,3.0
2016-07-07,1182.0,5,3.0
2016-07-07,1182.0,6,3.0
2016-07-07,1182.0,7,3.0
2016-07-07,1182.0,8,3.0
2016-07-07,1182.0,9,3.0
2016-07-07,1182.0,10,3.0
2016-07-08,1183.0,1,4.0
2016-07-08,1183.0,2,4.0
2016-07-08,1183.0,3,4.0
2016-07-08,1183.0,4,4.0
2016-07-08,1183.0,5,4.0
2016-07-08,1183.0,6,4.0
2016-07-08,1183.0,7,4.0
2016-07-08,1183.0,8,4.0
2016-07-08,1183.0,9,4.0
2016-07-08,1183.0,10,4.0
2016-07-09,1184.0,1,5.0
2016-07-09,1184.0,2,5.0
2016-07-09,1184.0,3,5.0
2016-07-09,1184.0,4,5.0
2016-07-09,1184.0,5,5.0
2016-07-09,1184.0,6,5.0
2016-07-09,1184.0,7,5.0
2016-07-09,1184.0,8,5.0
2016-07-09,1184.0,9,5.0
2016-07-09,1184.0,10,5.0
2016-07-10,1185.0,1,
2016-07-10,1185.0,2,6.0
2016-07-10,1185.0,3,6.0
2016-07-10,1185.0,4,6.0
2016-07-10,1185.0,5,6.0
2016-07-10,1185.0,6,6.0
2016-07-10,1185.0,7,6.0
2016-07-10,1185.0,8,6.0
2016-07-10,1185.0,9,6.0
2016-07-10,1185.0,10,6.0
2016-07-11,,1,
2016-07-11,,2,
2016-07-11,,3,
2016-07-11,,4,
2016-07-11,,5,
2016-07-11,,6,
2016-07-11,,7,
2016-07-11,,8,
2016-07-11,,9,
2016-07-11,,10,
2016-07-12,1186.0,1,1.0
2016-07-12,1186.0,2,1.0
2016-07-12,1186.0,3,1.0
2016-07-12,1186.0,4,1.0
2016-07-12,1186.0,5,1.0
2016-07-12,1186.0,6,1.0
2016-07-12,1186.0,7,1.0
2016-07-12,1186.0,8,1.0
2016-07-12,1186.0,9,1.0
2016-07-12,1186.0,10,1.0
2016-07-13,1187.0,1,2.0
2016-07-13,1187.0,2,2.0
2016-07-13,1187.0,3,2.0
2016-07-13,1187.0,4,2.0
2016-07-13,1187.0,5,2.0
2016-07-13,1187.0,6,2.0
2016-07-13,1187.0,7,2.0
2016-07-13,1187.0,8,2.0
2016-07-13,1187.0,9,2.0
2016-07-13,1187.0,10,2.0
2016-07-14,1188.0,1,3.0
2016-07-14,1188.0,2,3.0
2016-07-14,1188.0,3,3.0
2016-07-14,1188.0,4,3.0
2016-07-14,1188.0,5,3.0
2016-07-14,1188.0,6,3.0
2016-07-14,1188.0,7,3.0
2016-07-14,1188.0,8,3.0
2016-07-14,1188.0,9,3.0
2016-07-14,1188.0,10,3.0
2016-07-15,1189.0,1,4.0
2016-07-15,1189.0,2,4.0
2016-07-15,1189.0,3,4.0
2016-07-15,1189.0,4,4.0
2016-07-15,1189.0,5,4.0
2016-07-15,1189.0,6,4.0
2016-07-15,1189.0,7,4.0
2016-07-15,1189.0,8,4.0
2016-07-15,1189.0,9,4.0
2016-07-15,1189.0,10,4.0
2016-07-16,1190.0,1,5.0
2016-07-16,1190.0,2,5.0
2016-07-16,1190.0,3,5.0
2016-07-16,1190.0,4,5.0
2016-07-16,1190.0,5,5.0
2016-07-16,1190.0,6,5.0
2016-07-16,1190.0,7,5.0
2016-07-16,1190.0,8,5.0
2016-07-16,1190.0,9,5.0
2016-07-16,1190.0,10,5.0
2016-07-17,1191.0,1,6.0
2016-07-17,1191.0,2,
2016-07-17,1191.0,3,6.0
2016-07-17,1191.0,4,6.0
2016-07-17,1191.0,5,6.0
2016-07-17,1191.0,6,6.0
2016-07-17,1191.0,7,6.0
2016-07-17,1191.0,8,6.0
2016-07-17,1191.0,9,6.0
2016-07-17,1191.0,10,6.0
2016-07-18,,1,
2016-07-18,,2,
2016-07-18,,3,
2016-07-18,,4,
2016-07-18,,5,
2016-07-18,,6,
2016-07-18,,7,
2016-07-18,,8,
2016-07-18,,9,
2016-07-18,,10,
2016-07-19,1192.0,1,1.0
2016-07-19,1192.0,2,1.0
2016-07-19,1192.0,3,1.0
2016-07-19,1192.0,4,1.0
2016-07-19,1192.0,5,1.0
2016-07-19,1192.0,6,1.0
2016-07-19,1192.0,7,1.0
2016-07-19,1192.0,8,1.0
2016-07-19,1192.0,9,1.0
2016-07-19,1192.0,10,1.0
2016-07-20,1193.0,1,2.0
2016-07-20,1193.0,2,2.0
2016-07-20,1193.0,3,2.0
2016-07-20,1193.0,4,2.0
2016-07-20,1193.0,5,2.0
2016-07-20,1193.0,6,2.0
2016-07-20,1193.0,7,2.0
2016-07-20,1193.0,8,2.0
2016-07-20,1193.0,9,2.0
2016-07-20,1193.0,10,2.0
2016-07-21,1194.0,1,3.0
2016-07-21,1194.0,2,3.0
2016-07-21,1194.0,3,3.0
2016-07-21,1194.0,4,3.0
2016-07-21,1194.0,5,3.0
2016-07-21,1194.0,6,3.0
2016-07-21,1194.0,7,3.0
2016-07-21,1194.0,8,3.0
2016-07-21,1194.0,9,3.0
2016-07-21,1194.0,10,3.0
2016-07-22,1195.0,1,4.0
2016-07-22,1195.0,2,4.0
2016-07-22,1195.0,3,4.0
2016-07-22,1195.0,4,4.0
2016-07-22,1195.0,5,4.0
2016-07-22,1195.0,6,4.0
2016-07-22,1195.0,7,4.0
2016-07-22,1195.0,8,4.0
2016-07-22,1195.0,9,4.0
2016-07-22,1195.0,10,4.0
2016-07-23,1196.0,1,5.0
2016-07-23,1196.0,2,5.0
2016-07-23,1196.0,3,5.0
2016-07-23,1196.0,4,5.0
2016-07-23,1196.0,5,5.0
2016-07-23,1196.0,6,5.0
2016-07-23,1196.0,7,5.0
2016-07-23,1196.0,8,5.0
2016-07-23,1196.0,9,5.0
2016-07-23,1196.0,10,5.0
2016-07-24,1197.0,1,6.0
2016-07-24,1197.0,2,6.0
2016-07-24,1197.0,3,6.0
2016-07-24,1197.0,4,6.0
2016-07-24,1197.0,5,6.0
2016-07-24,1197.0,6,6.0
2016-07-24,1197.0,7,6.0
2016-07-24,1197.0,8,6.0
2016-07-24,1197.0,9,6.0
2016-07-24,1197.0,10,6.0
2016-07-25,,1,
2016-07-25,,2,
2016-07-25,,3,
2016-07-25,,4,
2016-07-25,,5,
2016-07-25,,6,
2016-07-25,,7,
2016-07-25,,8,
2016-07-25,,9,
2016-07-25,,10,
2016-07-26,1198.0,1,1.0
2016-07-26,1198.0,2,1.0
2016-07-26,1198.0,3,1.0
2016-07-26,1198.0,4,1.0
2016-07-26,1198.0,5,1.0
2016-07-26,1198.0,6,1.0
2016-07-26,1198.0,7,1.0
2016-07-26,1198.0,8,1.0
2016-07-26,1198.0,9,1.0
2016-07-26,1198.0,10,1.0
2016-07-27,1199.0,1,2.0
2016-07-27,1199.0,2,2.0
2016-07-27,1199.0,3,2.0
2016-07-27,1199.0,4,2.0
2016-07-27,1199.0,5,2.0
2016-07-27,1199.0,6,2.0
2016-07-27,1199.0,7,2.0
2016-07-27,1199.0,8,2.0
2016-07-27,1199.0,9,2.0
2016-07-27,1199.0,10,2.0
2016-07-28,1200.0,1,3.0
2016-07-28,1200.0,2,3.0
2016-07-28,1200.0,3,3.0
2016-07-28,1200.0,4,3.0
2016-07-28,1200.0,5,3.0
2016-07-28,1200.0,6,3.0
2016-07-28,1200.0,7,3.0
2016-07-28,1200.0,8,3.0
2016-07-28,1200.0,9,3.0
2016-07-28,1200.0,10,3.0
2016-07-29,1201.0,1,4.0
2016-07-29,1201.0,2,4.0
2016-07-29,1201.0,3,4.0
2016-07-29,1201.0,4,4.0
2016-07-29,1201.0,5,4.0
2016-07-29,1201.0,6,4.0
2016-07-29,1201.0,7,4.0
2016-07-29,1201.0,8,4.0
2016-07-29,1201.0,9,4.0
2016-07-29,1201.0,10,4.0
2016-07-30,1202.0,1,5.0
2016-07-30,1202.0,2,5.0
2016-07-30,1202.0,3,5.0
2016-07-30,1202.0,4,5.0
2016-07-30,1202.0,5,5.0
2016-07-30,1202.0,6,5.0
2016-07-30,1202.0,7,5.0
2016-07-30,1202.0,8,5.0
2016-07-30,1202.0,9,5.0
2016-07-30,1202.0,10,5.0
2016-07-31,1203.0,1,6.0
2016-07-31,1203.0,2,
2016-07-31,1203.0,3,6.0
2016-07-31,1203.0,4,6.0
2016-07-31,1203.0,5,6.0
2016-07-31,1203.0,6,6.0
2016-07-31,1203.0,7,
2016-07-31,1203.0,8,6.0
2016-07-31,1203.0,9,6.0
2016-07-31,1203.0,10,6.0
2016-08-01,1204.0,1,
2016-08-01,1204.0,2,
2016-08-01,1204.0,3,
2016-08-01,1204.0,4,
2016-08-01,1204.0,5,
2016-08-01,1204.0,6,
2016-08-01,1204.0,7,
2016-08-01,1204.0,8,
2016-08-01,1204.0,9,
2016-08-01,1204.0,10,7.0
2016-08-02,1205.0,1,1.0
2016-08-02,1205.0,2,1.0
2016-08-02,1205.0,3,1.0
2016-08-02,1205.0,4,1.0
2016-08-02,1205.0,5,1.0
2016-08-02,1205.0,6,1.0
2016-08-02,1205.0,7,1.0
2016-08-02,1205.0,8,1.0
2016-08-02,1205.0,9,1.0
2016-08-02,1205.0,10,1.0
2016-08-03,1206.0,1,2.0
2016-08-03,1206.0,2,2.0
2016-08-03,1206.0,3,2.0
2016-08-03,1206.0,4,2.0
2016-08-03,1206.0,5,2.0
2016-08-03,1206.0,6,2.0
2016-08-03,1206.0,7,2.0
2016-08-03,1206.0,8,2.0
2016-08-03,1206.0,9,2.0
2016-08-03,1206.0,10,2.0
2016-08-04,1207.0,1,3.0
2016-08-04,1207.0,2,3.0
2016-08-04,1207.0,3,3.0
2016-08-04,1207.0,4,3.0
2016-08-04,1207.0,5,3.0
2016-08-04,1207.0,6,3.0
2016-08-04,1207.0,7,3.0
2016-08-04,1207.0,8,3.0
2016-08-04,1207.0,9,3.0
2016-08-04,1207.0,10,3.0
2016-08-05,1208.0,1,4.0
2016-08-05,1208.0,2,4.0
2016-08-05,1208.0,3,4.0
2016-08-05,1208.0,4,4.0
2016-08-05,1208.0,5,4.0
2016-08-05,1208.0,6,4.0
2016-08-05,1208.0,7,4.0
2016-08-05,1208.0,8,4.0
2016-08-05,1208.0,9,4.0
2016-08-05,1208.0,10,4.0
2016-08-06,1209.0,1,5.0
2016-08-06,1209.0,2,5.0
2016-08-06,1209.0,3,5.0
2016-08-06,1209.0,4,5.0
2016-08-06,1209.0,5,5.0
2016-08-06,1209.0,6,5.0
2016-08-06,1209.0,7,5.0
2016-08-06,1209.0,8,5.0
2016-08-06,1209.0,9,5.0
2016-08-06,1209.0,10,5.0
2016-08-07,1210.0,1,6.0
2016-08-07,1210.0,2,6.0
2016-08-07,1210.0,3,6.0
2016-08-07,1210.0,4,6.0
2016-08-07,1210.0,5,6.0
2016-08-07,1210.0,6,6.0
2016-08-07,1210.0,7,6.0
2016-08-07,1210.0,8,6.0
2016-08-07,1210.0,9,6.0
2016-08-07,1210.0,10,6.0
2016-08-08,1211.0,1,
2016-08-08,1211.0,2,
2016-08-08,1211.0,3,
2016-08-08,1211.0,4,
2016-08-08,1211.0,5,
2016-08-08,1211.0,6,7.0
2016-08-08,1211.0,7,
2016-08-08,1211.0,8,
2016-08-08,1211.0,9,
2016-08-08,1211.0,10,
2016-08-09,1212.0,1,1.0
2016-08-09,1212.0,2,1.0
2016-08-09,1212.0,3,1.0
2016-08-09,1212.0,4,1.0
2016-08-09,1212.0,5,1.0
2016-08-09,1212.0,6,1.0
2016-08-09,1212.0,7,1.0
2016-08-09,1212.0,8,1.0
2016-08-09,1212.0,9,1.0
2016-08-09,1212.0,10,1.0
2016-08-10,1213.0,1,2.0
2016-08-10,1213.0,2,2.0
2016-08-10,1213.0,3,2.0
2016-08-10,1213.0,4,2.0
2016-08-10,1213.0,5,2.0
2016-08-10,1213.0,6,2.0
2016-08-10,1213.0,7,2.0
2016-08-10,1213.0,8,2.0
2016-08-10,1213.0,9,2.0
2016-08-10,1213.0,10,2.0
2016-08-11,1214.0,1,3.0
2016-08-11,1214.0,2,3.0
2016-08-11,1214.0,3,3.0
2016-08-11,1214.0,4,3.0
2016-08-11,1214.0,5,3.0
2016-08-11,1214.0,6,3.0
2016-08-11,1214.0,7,3.0
2016-08-11,1214.0,8,3.0
2016-08-11,1214.0,9,3.0
2016-08-11,1214.0,10,3.0
2016-08-12,1215.0,1,4.0
2016-08-12,1215.0,2,
2016-08-12,1215.0,3,4.0
2016-08-12,1215.0,4,4.0
2016-08-12,1215.0,5,4.0
2016-08-12,1215.0,6,4.0
2016-08-12,1215.0,7,4.0
2016-08-12,1215.0,8,4.0
2016-08-12,1215.0,9,4.0
2016-08-12,1215.0,10,4.0
2016-08-13,1216.0,1,5.0
2016-08-13,1216.0,2,5.0
2016-08-13,1216.0,3,5.0
2016-08-13,1216.0,4,5.0
2016-08-13,1216.0,5,5.0
2016-08-13,1216.0,6,5.0
2016-08-13,1216.0,7,5.0
2016-08-13,1216.0,8,5.0
2016-08-13,1216.0,9,5.0
2016-08-13,1216.0,10,5.0
2016-08-14,1217.0,1,6.0
2016-08-14,1217.0,2,6.0
2016-08-14,1217.0,3,6.0
2016-08-14,1217.0,4,6.0
2016-08-14,1217.0,5,6.0
2016-08-14,1217.0,6,6.0
2016-08-14,1217.0,7,6.0
2016-08-14,1217.0,8,6.0
2016-08-14,1217.0,9,6.0
2016-08-14,1217.0,10,6.0
2016-08-15,1218.0,1,
2016-08-15,1218.0,2,
2016-08-15,1218.0,3,
2016-08-15,1218.0,4,
2016-08-15,1218.0,5,
2016-08-15,1218.0,6,
2016-08-15,1218.0,7,7.0
2016-08-15,1218.0,8,
2016-08-15,1218.0,9,
2016-08-15,1218.0,10,
2016-08-16,1219.0,1,1.0
2016-08-16,1219.0,2,1.0
2016-08-16,1219.0,3,1.0
2016-08-16,1219.0,4,1.0
2016-08-16,1219.0,5,1.0
2016-08-16,1219.0,6,1.0
2016-08-16,1219.0,7,1.0
2016-08-16,1219.0,8,1.0
2016-08-16,1219.0,9,1.0
2016-08-16,1219.0,10,1.0
2016-08-17,1220.0,1,2.0
2016-08-17,1220.0,2,2.0
2016-08-17,1220.0,3,2.0
2016-08-17,1220.0,4,2.0
2016-08-17,1220.0,5,2.0
2016-08-17,1220.0,6,2.0
2016-08-17,1220.0,7,2.0
2016-08-17,1220.0,8,2.0
2016-08-17,1220.0,9,2.0
2016-08-17,1220.0,10,2.0
2016-08-18,1221.0,1,3.0
2016-08-18,1221.0,2,3.0
2016-08-18,1221.0,3,3.0
2016-08-18,1221.0,4,3.0
2016-08-18,1221.0,5,3.0
2016-08-18,1221.0,6,3.0
2016-08-18,1221.0,7,3.0
2016-08-18,1221.0,8,3.0
2016-08-18,1221.0,9,3.0
2016-08-18,1221.0,10,3.0
2016-08-19,1222.0,1,4.0
2016-08-19,1222.0,2,4.0
2016-08-19,1222.0,3,4.0
2016-08-19,1222.0,4,4.0
2016-08-19,1222.0,5,4.0
2016-08-19,1222.0,6,4.0
2016-08-19,1222.0,7,4.0
2016-08-19,1222.0,8,4.0
2016-08-19,1222.0,9,4.0
2016-08-19,1222.0,10,4.0
2016-08-20,1223.0,1,5.0
2016-08-20,1223.0,2,5.0
2016-08-20,1223.0,3,5.0
2016-08-20,1223.0,4,5.0
2016-08-20,1223.0,5,5.0
2016-08-20,1223.0,6,5.0
2016-08-20,1223.0,7,5.0
2016-08-20,1223.0,8,5.0
2016-08-20,1223.0,9,5.0
2016-08-20,1223.0,10,5.0
2016-08-21,1224.0,1,6.0
2016-08-21,1224.0,2,6.0
2016-08-21,1224.0,3,6.0
2016-08-21,1224.0,4,6.0
2016-08-21,1224.0,5,6.0
2016-08-21,1224.0,6,6.0
2016-08-21,1224.0,7,6.0
2016-08-21,1224.0,8,6.0
2016-08-21,1224.0,9,6.0
2016-08-21,1224.0,10,6.0
2016-08-22,,1,
2016-08-22,,2,
2016-08-22,,3,
2016-08-22,,4,
2016-08-22,,5,
2016-08-22,,6,
2016-08-22,,7,
2016-08-22,,8,
2016-08-22,,9,
2016-08-22,,10,
2016-08-23,1225.0,1,1.0
2016-08-23,1225.0,2,1.0
2016-08-23,1225.0,3,1.0
2016-08-23,1225.0,4,1.0
2016-08-23,1225.0,5,1.0
2016-08-23,1225.0,6,1.0
2016-08-23,1225.0,7,1.0
2016-08-23,1225.0,8,1.0
2016-08-23,1225.0,9,1.0
2016-08-23,1225.0,10,1.0
2016-08-24,1226.0,1,2.0
2016-08-24,1226.0,2,2.0
2016-08-24,1226.0,3,2.0
2016-08-24,1226.0,4,2.0
2016-08-24,1226.0,5,2.0
2016-08-24,1226.0,6,2.0
2016-08-24,1226.0,7,2.0
2016-08-24,1226.0,8,2.0
2016-08-24,1226.0,9,2.0
2016-08-24,1226.0,10,2.0
2016-08-25,1227.0,1,3.0
2016-08-25,1227.0,2,3.0
2016-08-25,1227.0,3,3.0
2016-08-25,1227.0,4,3.0
2016-08-25,1227.0,5,3.0
2016-08-25,1227.0,6,3.0
2016-08-25,1227.0,7,3.0
2016-08-25,1227.0,8,3.0
2016-08-25,1227.0,9,3.0
2016-08-25,1227.0,10,3.0
2016-08-26,1228.0,1,
2016-08-26,1228.0,2,
2016-08-26,1228.0,3,
2016-08-26,1228.0,4,
2016-08-26,1228.0,5,4.0
2016-08-26,1228.0,6,
2016-08-26,1228.0,7,
2016-08-26,1228.0,8,
2016-08-26,1228.0,9,4.0
2016-08-26,1228.0,10,4.0
2016-08-27,1229.0,1,
2016-08-27,1229.0,2,
2016-08-27,1229.0,3,
2016-08-27,1229.0,4,
2016-08-27,1229.0,5,
2016-08-27,1229.0,6,6.0
2016-08-27,1229.0,7,
2016-08-27,1229.0,8,
2016-08-27,1229.0,9,
2016-08-27,1229.0,10,6.0
2016-08-28,1230.0,1,7.0
2016-08-28,1230.0,2,7.0
2016-08-28,1230.0,3,7.0
2016-08-28,1230.0,4,7.0
2016-08-28,1230.0,5,7.0
2016-08-28,1230.0,6,7.0
2016-08-28,1230.0,7,7.0
2016-08-28,1230.0,8,7.0
2016-08-28,1230.0,9,7.0
2016-08-28,1230.0,10,7.0
2016-08-29,1231.0,1,1.0
2016-08-29,1231.0,2,1.0
2016-08-29,1231.0,3,1.0
2016-08-29,1231.0,4,1.0
2016-08-29,1231.0,5,1.0
2016-08-29,1231.0,6,1.0
2016-08-29,1231.0,7,1.0
2016-08-29,1231.0,8,1.0
2016-08-29,1231.0,9,1.0
2016-08-29,1231.0,10,1.0
2016-08-30,1232.0,1,2.0
2016-08-30,1232.0,2,2.0
2016-08-30,1232.0,3,2.0
2016-08-30,1232.0,4,2.0
2016-08-30,1232.0,5,2.0
2016-08-30,1232.0,6,2.0
2016-08-30,1232.0,7,2.0
2016-08-30,1232.0,8,2.0
2016-08-30,1232.0,9,2.0
2016-08-30,1232.0,10,2.0
2016-08-31,1233.0,1,3.0
2016-08-31,1233.0,2,3.0
2016-08-31,1233.0,3,3.0
2016-08-31,1233.0,4,3.0
2016-08-31,1233.0,5,3.0
2016-08-31,1233.0,6,3.0
2016-08-31,1233.0,7,3.0
2016-08-31,1233.0,8,3.0
2016-08-31,1233.0,9,3.0
2016-08-31,1233.0,10,3.0
2016-09-01,1234.0,1,4.0
2016-09-01,1234.0,2,4.0
2016-09-01,1234.0,3,4.0
2016-09-01,1234.0,4,4.0
2016-09-01,1234.0,5,4.0
2016-09-01,1234.0,6,4.0
2016-09-01,1234.0,7,4.0
2016-09-01,1234.0,8,4.0
2016-09-01,1234.0,9,4.0
2016-09-01,1234.0,10,4.0
2016-09-02,1235.0,1,5.0
2016-09-02,1235.0,2,5.0
2016-09-02,1235.0,3,
2016-09-02,1235.0,4,5.0
2016-09-02,1235.0,5,5.0
2016-09-02,1235.0,6,5.0
2016-09-02,1235.0,7,5.0
2016-09-02,1235.0,8,5.0
2016-09-02,1235.0,9,5.0
2016-09-02,1235.0,10,5.0
2016-09-03,1236.0,1,6.0
2016-09-03,1236.0,2,6.0
2016-09-03,1236.0,3,
2016-09-03,1236.0,4,6.0
2016-09-03,1236.0,5,6.0
2016-09-03,1236.0,6,6.0
2016-09-03,1236.0,7,
2016-09-03,1236.0,8,
2016-09-03,1236.0,9,6.0
2016-09-03,1236.0,10,
2016-09-04,,1,
2016-09-04,,2,
2016-09-04,,3,
2016-09-04,,4,
2016-09-04,,5,
2016-09-04,,6,
2016-09-04,,7,
2016-09-04,,8,
2016-09-04,,9,
2016-09-04,,10,
2016-09-05,1237.0,1,1.0
2016-09-05,1237.0,2,1.0
2016-09-05,1237.0,3,1.0
2016-09-05,1237.0,4,1.0
2016-09-05,1237.0,5,1.0
2016-09-05,1237.0,6,1.0
2016-09-05,1237.0,7,1.0
2016-09-05,1237.0,8,1.0
2016-09-05,1237.0,9,1.0
2016-09-05,1237.0,10,1.0
2016-09-06,1238.0,1,
2016-09-06,1238.0,2,2.0
2016-09-06,1238.0,3,2.0
2016-09-06,1238.0,4,2.0
2016-09-06,1238.0,5,2.0
2016-09-06,1238.0,6,2.0
2016-09-06,1238.0,7,2.0
2016-09-06,1238.0,8,
2016-09-06,1238.0,9,2.0
2016-09-06,1238.0,10,2.0
2016-09-07,1239.0,1,3.0
2016-09-07,1239.0,2,3.0
2016-09-07,1239.0,3,3.0
2016-09-07,1239.0,4,3.0
2016-09-07,1239.0,5,
2016-09-07,1239.0,6,3.0
2016-09-07,1239.0,7,3.0
2016-09-07,1239.0,8,3.0
2016-09-07,1239.0,9,3.0
2016-09-07,1239.0,10,3.0
2016-09-08,1240.0,1,4.0
2016-09-08,1240.0,2,4.0
2016-09-08,1240.0,3,4.0
2016-09-08,1240.0,4,4.0
2016-09-08,1240.0,5,
2016-09-08,1240.0,6,4.0
2016-09-08,1240.0,7,4.0
2016-09-08,1240.0,8,4.0
2016-09-08,1240.0,9,4.0
2016-09-08,1240.0,10,4.0
2016-09-09,1241.0,1,5.0
2016-09-09,1241.0,2,5.0
2016-09-09,1241.0,3,5.0
2016-09-09,1241.0,4,5.0
2016-09-09,1241.0,5,
2016-09-09,1241.0,6,5.0
2016-09-09,1241.0,7,
2016-09-09,1241.0,8,
2016-09-09,1241.0,9,5.0
2016-09-09,1241.0,10,
2016-09-10,,1,
2016-09-10,,2,
2016-09-10,,3,
2016-09-10,,4,
2016-09-10,,5,
2016-09-10,,6,
2016-09-10,,7,
2016-09-10,,8,
2016-09-10,,9,
2016-09-10,,10,
2016-09-11,,1,
2016-09-11,,2,
2016-09-11,,3,
2016-09-11,,4,
2016-09-11,,5,
2016-09-11,,6,
2016-09-11,,7,
2016-09-11,,8,
2016-09-11,,9,
2016-09-11,,10,
2016-09-12,,1,
2016-09-12,,2,
2016-09-12,,3,
2016-09-12,,4,
2016-09-12,,5,
2016-09-12,,6,
2016-09-12,,7,
2016-09-12,,8,
2016-09-12,,9,
2016-09-12,,10,
2016-09-13,1242.0,1,2.0
2016-09-13,1242.0,2,
2016-09-13,1242.0,3,
2016-09-13,1242.0,4,
2016-09-13,1242.0,5,2.0
2016-09-13,1242.0,6,2.0
2016-09-13,1242.0,7,
2016-09-13,1242.0,8,
2016-09-13,1242.0,9,2.0
2016-09-13,1242.0,10,
2016-09-14,1243.0,1,
2016-09-14,1243.0,2,
2016-09-14,1243.0,3,
2016-09-14,1243.0,4,
2016-09-14,1243.0,5,
2016-09-14,1243.0,6,3.0
2016-09-14,1243.0,7,
2016-09-14,1243.0,8,3.0
2016-09-14,1243.0,9,3.0
2016-09-14,1243.0,10,3.0
2016-09-15,1244.0,1,
2016-09-15,1244.0,2,4.0
2016-09-15,1244.0,3,4.0
2016-09-15,1244.0,4,4.0
2016-09-15,1244.0,5,
2016-09-15,1244.0,6,4.0
2016-09-15,1244.0,7,
2016-09-15,1244.0,8,4.0
2016-09-15,1244.0,9,
2016-09-15,1244.0,10,4.0
2016-09-16,1245.0,1,
2016-09-16,1245.0,2,5.0
2016-09-16,1245.0,3,
2016-09-16,1245.0,4,5.0
2016-09-16,1245.0,5,
2016-09-16,1245.0,6,5.0
2016-09-16,1245.0,7,
2016-09-16,1245.0,8,5.0
2016-09-16,1245.0,9,5.0
2016-09-16,1245.0,10,5.0
2016-09-17,1246.0,1,6.0
2016-09-17,1246.0,2,6.0
2016-09-17,1246.0,3,6.0
2016-09-17,1246.0,4,6.0
2016-09-17,1246.0,5,6.0
2016-09-17,1246.0,6,6.0
2016-09-17,1246.0,7,6.0
2016-09-17,1246.0,8,6.0
2016-09-17,1246.0,9,6.0
2016-09-17,1246.0,10,6.0
2016-09-18,1247.0,1,7.0
2016-09-18,1247.0,2,7.0
2016-09-18,1247.0,3,7.0
2016-09-18,1247.0,4,7.0
2016-09-18,1247.0,5,7.0
2016-09-18,1247.0,6,7.0
2016-09-18,1247.0,7,7.0
2016-09-18,1247.0,8,7.0
2016-09-18,1247.0,9,7.0
2016-09-18,1247.0,10,7.0
2016-09-19,1248.0,1,1.0
2016-09-19,1248.0,2,1.0
2016-09-19,1248.0,3,1.0
2016-09-19,1248.0,4,1.0
2016-09-19,1248.0,5,1.0
2016-09-19,1248.0,6,1.0
2016-09-19,1248.0,7,1.0
2016-09-19,1248.0,8,1.0
2016-09-19,1248.0,9,1.0
2016-09-19,1248.0,10,1.0
2016-09-20,1249.0,1,2.0
2016-09-20,1249.0,2,2.0
2016-09-20,1249.0,3,2.0
2016-09-20,1249.0,4,2.0
2016-09-20,1249.0,5,2.0
2016-09-20,1249.0,6,2.0
2016-09-20,1249.0,7,2.0
2016-09-20,1249.0,8,2.0
2016-09-20,1249.0,9,2.0
2016-09-20,1249.0,10,2.0
2016-09-21,,1,
2016-09-21,,2,
2016-09-21,,3,
2016-09-21,,4,
2016-09-21,,5,
2016-09-21,,6,
2016-09-21,,7,
2016-09-21,,8,
2016-09-21,,9,
2016-09-21,,10,
2016-09-22,,1,
2016-09-22,,2,
2016-09-22,,3,
2016-09-22,,4,
2016-09-22,,5,
2016-09-22,,6,
2016-09-22,,7,
2016-09-22,,8,
2016-09-22,,9,
2016-09-22,,10,
