date,day_of_week,cnt,cycle2,cycle5,cycle5_2,cycle10
1,3,68,1,1,1,0.002857142857142857
2,4,36,2,2,2,0.005714285714285714
3,5,5565,3,3,3,0.008571428571428572
4,6,4966,4,4,4,0.011428571428571429
5,7,3346,5,5,5,0.014285714285714285
6,1,3396,6,6,6,0.017142857142857144
7,2,4146,7,7,7,0.02
8,3,3096,8,8,8,0.022857142857142857
9,4,2713,9,9,9,0.025714285714285714
10,5,2409,10,10,10,0.02857142857142857
11,6,275,11,11,11,0.03142857142857143
12,1,2735,12,12,12,0.03428571428571429
13,2,2386,13,13,13,0.037142857142857144
14,3,1901,14,14,14,0.04
15,4,6072,15,15,15,0.04285714285714286
16,5,2716,16,16,16,0.045714285714285714
17,6,216,17,17,17,0.04857142857142857
18,7,22,18,18,18,0.05142857142857143
19,1,3903,19,19,19,0.054285714285714284
20,2,2700,20,20,20,0.05714285714285714
21,3,2700,21,21,21,0.06
22,4,2073,22,22,22,0.06285714285714286
23,5,1702,23,23,23,0.06571428571428571
24,6,231,24,24,24,0.06857142857142857
25,1,3377,25,25,25,0.07142857142857142
26,2,3016,26,26,26,0.07428571428571429
27,3,2586,27,27,27,0.07714285714285714
28,4,1652,28,28,28,0.08
29,5,2726,29,29,29,0.08285714285714285
30,6,279,30,30,30,0.08571428571428572
31,7,23,31,31,31,0.08857142857142856
32,1,4094,32,32,32,0.09142857142857143
33,2,4059,33,33,33,0.09428571428571429
34,3,3741,34,34,34,0.09714285714285714
35,4,2567,35,35,35,0.1
36,5,761,36,36,36,0.10285714285714286
37,4,19,37,37,37,0.10571428571428572
38,5,13,38,38,38,0.10857142857142857
39,6,2847,39,39,39,0.11142857142857143
40,7,2936,40,40,40,0.11428571428571428
41,1,2377,41,41,41,0.11714285714285715
42,2,1740,42,42,42,0.12
43,3,2563,43,43,43,0.12285714285714286
44,4,1896,44,44,44,0.12571428571428572
45,5,1552,45,45,45,0.12857142857142856
46,6,186,46,46,46,0.13142857142857142
47,1,1874,47,47,47,0.13428571428571429
48,2,1844,48,48,48,0.13714285714285715
49,3,1919,49,49,49,0.14
50,4,1191,50,50,50,0.14285714285714285
51,5,1816,51,51,51,0.1457142857142857
52,6,87,52,52,52,0.14857142857142858
53,1,1843,53,53,53,0.15142857142857144
54,2,1900,54,54,54,0.15428571428571428
55,3,1615,55,55,55,0.15714285714285714
56,4,1461,56,56,56,0.16
57,5,1514,57,57,57,0.16285714285714287
58,6,180,58,58,58,0.1657142857142857
59,7,41,59,59,59,0.16857142857142857
60,1,1933,60,60,60,0.17142857142857143
61,2,1812,61,61,61,0.1742857142857143
62,3,1763,62,62,62,0.17714285714285713
63,4,1386,63,63,63,0.18
64,5,1345,64,64,64,0.18285714285714286
65,6,113,65,65,65,0.18571428571428572
66,1,1797,66,66,66,0.18857142857142858
67,2,1889,67,67,67,0.19142857142857142
68,3,1445,68,68,68,0.19428571428571428
69,4,1452,69,69,69,0.19714285714285715
70,5,1559,70,70,70,0.2
71,6,198,71,71,71,0.20285714285714285
72,1,1739,72,72,72,0.2057142857142857
73,2,1794,73,73,73,0.20857142857142857
74,3,1464,74,74,74,0.21142857142857144
75,4,1279,75,75,75,0.21428571428571427
76,5,1601,76,76,76,0.21714285714285714
77,6,171,77,77,77,0.22
78,7,22,78,78,78,0.22285714285714286
79,1,744,79,79,79,0.2257142857142857
80,2,2424,80,80,80,0.22857142857142856
81,3,1959,81,81,81,0.23142857142857143
82,4,60,82,82,82,0.2342857142857143
83,5,51,83,83,83,0.23714285714285716
84,6,30,84,84,84,0.24
85,7,1929,85,85,85,0.24285714285714285
86,1,1745,86,86,86,0.24571428571428572
87,2,2143,87,87,87,0.24857142857142858
88,3,1709,88,88,88,0.25142857142857145
89,4,1294,89,89,89,0.2542857142857143
90,5,1527,90,90,90,0.2571428571428571
91,6,198,91,91,91,0.26
92,1,2164,92,92,92,0.26285714285714284
93,2,1631,93,93,93,0.26571428571428574
94,3,1859,94,94,94,0.26857142857142857
95,4,1447,95,95,95,0.2714285714285714
96,5,1514,96,96,96,0.2742857142857143
97,6,137,97,97,97,0.27714285714285714
98,7,36,98,98,98,0.28
99,1,2104,99,99,99,0.28285714285714286
100,2,1584,100,100,100,0.2857142857142857
101,3,1449,101,101,101,0.2885714285714286
102,4,1102,102,102,102,0.2914285714285714
103,5,1774,103,103,103,0.29428571428571426
104,6,1462,104,104,104,0.29714285714285715
105,7,1626,105,105,105,0.3
106,1,73,106,106,106,0.3028571428571429
107,4,2484,107,107,107,0.3057142857142857
108,5,1723,108,108,108,0.30857142857142855
109,6,104,109,109,109,0.31142857142857144
110,1,2427,110,110,110,0.3142857142857143
111,2,2587,111,111,111,0.3171428571428571
112,3,2220,112,112,112,0.32
113,4,1142,113,113,113,0.32285714285714284
114,5,1934,114,114,114,0.32571428571428573
115,6,121,115,115,115,0.32857142857142857
116,7,23,116,116,116,0.3314285714285714
117,1,2509,117,117,117,0.3342857142857143
118,2,2284,118,118,118,0.33714285714285713
119,3,2068,119,119,119,0.34
120,4,1088,120,120,120,0.34285714285714286
121,5,2030,121,121,121,0.3457142857142857
122,6,38,122,122,122,0.3485714285714286
123,1,1940,123,123,123,0.3514285714285714
124,2,2342,124,124,124,0.35428571428571426
125,3,5581,125,125,125,0.35714285714285715
126,4,2333,126,126,126,0.36
127,5,1931,127,127,127,0.3628571428571429
128,6,140,128,128,128,0.3657142857142857
129,1,1794,129,129,129,0.36857142857142855
130,2,2055,130,130,130,0.37142857142857144
131,3,1658,131,131,131,0.3742857142857143
132,4,1497,132,132,132,0.37714285714285717
133,5,1161,133,133,133,0.38
134,6,113,134,134,134,0.38285714285714284
135,7,14,135,135,135,0.38571428571428573
136,1,2374,136,136,136,0.38857142857142857
137,2,1885,137,137,137,0.3914285714285714
138,3,1606,138,138,138,0.3942857142857143
139,4,1690,139,139,139,0.39714285714285713
140,5,1354,140,140,140,0.4
141,6,1266,141,141,141,0.40285714285714286
142,7,1309,142,142,142,0.4057142857142857
143,1,89,143,143,143,0.4085714285714286
144,4,2265,144,144,144,0.4114285714285714
145,5,1721,145,145,145,0.4142857142857143
146,6,150,146,146,146,0.41714285714285715
147,7,26,147,147,147,0.42
148,1,1612,148,148,148,0.4228571428571429
149,2,2178,149,149,149,0.4257142857142857
150,3,1539,150,150,150,0.42857142857142855
151,4,1067,151,151,151,0.43142857142857144
152,5,1325,152,152,152,0.4342857142857143
153,6,85,153,153,153,0.43714285714285717
154,7,36,154,154,154,0.44
155,1,1778,155,155,155,0.44285714285714284
156,2,2336,156,156,156,0.44571428571428573
157,3,1487,157,157,157,0.44857142857142857
158,4,1025,158,158,158,0.4514285714285714
159,5,1659,159,159,159,0.4542857142857143
160,6,183,160,160,160,0.45714285714285713
161,1,1819,161,161,161,0.46
162,2,1781,162,162,162,0.46285714285714286
163,3,1924,163,163,163,0.4657142857142857
164,4,1256,164,164,164,0.4685714285714286
165,5,1526,165,165,165,0.4714285714285714
166,6,108,166,166,166,0.4742857142857143
167,7,14,167,167,167,0.47714285714285715
168,1,1804,168,168,168,0.48
169,2,1615,169,169,169,0.4828571428571429
170,3,1558,170,170,170,0.4857142857142857
171,4,810,171,171,171,0.48857142857142855
172,5,1603,172,172,172,0.49142857142857144
173,6,94,173,173,173,0.4942857142857143
174,7,23,174,174,174,0.49714285714285716
175,1,2141,175,175,175,0.5
176,2,1759,176,176,176,0.5028571428571429
177,3,1506,177,177,177,0.5057142857142857
178,4,1271,178,178,178,0.5085714285714286
179,5,1633,179,179,179,0.5114285714285715
180,6,154,180,180,180,0.5142857142857142
181,7,14,181,181,181,0.5171428571428571
182,1,2028,182,182,182,0.52
183,2,2033,183,183,183,0.5228571428571429
184,3,1346,184,184,184,0.5257142857142857
185,4,1031,185,185,185,0.5285714285714286
186,5,1290,186,186,186,0.5314285714285715
187,6,42,187,187,187,0.5342857142857143
188,1,1961,188,188,188,0.5371428571428571
189,2,1751,189,189,189,0.54
190,3,1505,190,190,190,0.5428571428571428
191,4,1477,191,191,191,0.5457142857142857
192,5,1892,192,192,192,0.5485714285714286
193,6,81,193,193,193,0.5514285714285714
194,1,2100,194,194,194,0.5542857142857143
195,2,1905,195,195,195,0.5571428571428572
196,3,1682,196,196,196,0.56
197,4,1370,197,197,197,0.5628571428571428
198,5,985,198,198,198,0.5657142857142857
199,6,27,199,199,199,0.5685714285714286
200,1,1804,200,200,200,0.5714285714285714
201,2,1760,201,201,201,0.5742857142857143
202,3,1951,202,202,202,0.5771428571428572
203,4,1058,203,203,203,0.58
204,5,1150,204,204,204,0.5828571428571429
205,6,363,205,205,205,0.5857142857142857
206,1,2765,206,206,206,0.5885714285714285
207,2,2281,207,207,207,0.5914285714285714
208,3,1064,208,208,208,0.5942857142857143
209,4,1438,209,209,209,0.5971428571428572
210,5,1698,210,210,210,0.6
211,6,122,211,211,211,0.6028571428571429
212,7,14,212,212,212,0.6057142857142858
213,1,2106,213,213,213,0.6085714285714285
214,2,1811,214,214,214,0.6114285714285714
215,3,1751,215,215,215,0.6142857142857143
216,4,1433,216,216,216,0.6171428571428571
217,5,1034,217,217,217,0.62
218,6,73,218,218,218,0.6228571428571429
219,7,26,219,219,219,0.6257142857142857
220,1,1775,220,220,220,0.6285714285714286
221,2,2032,221,221,221,0.6314285714285715
222,3,1607,222,222,222,0.6342857142857142
223,4,861,223,223,223,0.6371428571428571
224,5,1534,224,224,224,0.64
225,6,371,225,225,225,0.6428571428571429
226,1,1794,226,226,226,0.6457142857142857
227,2,1965,227,227,227,0.6485714285714286
228,3,1408,228,228,228,0.6514285714285715
229,4,1762,229,229,229,0.6542857142857142
230,5,1329,230,230,230,0.6571428571428571
231,6,188,231,231,231,0.66
232,1,2288,232,232,232,0.6628571428571428
233,2,1900,233,233,233,0.6657142857142857
234,3,2101,234,234,234,0.6685714285714286
235,4,48,235,235,235,0.6714285714285714
236,5,13,236,236,236,0.6742857142857143
237,7,2933,237,237,237,0.6771428571428572
238,1,2330,238,238,238,0.68
239,2,2483,239,239,239,0.6828571428571428
240,3,1949,240,240,240,0.6857142857142857
241,4,1898,241,241,241,0.6885714285714286
242,5,2025,242,242,242,0.6914285714285714
243,6,243,243,243,243,0.6942857142857143
244,7,2876,244,244,244,0.6971428571428572
245,1,2172,245,245,245,0.7
246,3,117,246,246,246,0.7028571428571428
247,5,17,247,247,247,0.7057142857142857
248,6,16,248,248,248,0.7085714285714285
249,7,19,249,249,249,0.7114285714285714
250,2,4723,250,250,250,0.7142857142857143
251,3,2681,251,251,251,0.7171428571428572
252,4,1876,252,252,252,0.72
253,5,1339,253,253,253,0.7228571428571429
254,6,1414,254,254,254,0.7257142857142858
255,7,19,255,255,255,0.7285714285714285
256,1,2250,256,256,256,0.7314285714285714
257,2,2669,257,257,257,0.7342857142857143
258,3,2540,258,258,258,0.7371428571428571
259,4,997,259,259,259,0.74
260,5,1808,260,260,260,0.7428571428571429
261,6,171,261,261,261,0.7457142857142857
262,1,1909,262,262,262,0.7485714285714286
263,2,2541,263,263,263,0.7514285714285714
264,3,1722,264,264,264,0.7542857142857143
265,4,1606,265,265,265,0.7571428571428571
266,5,1664,266,266,266,0.76
267,6,192,267,267,267,0.7628571428571429
268,1,2436,268,268,268,0.7657142857142857
269,2,2077,269,269,269,0.7685714285714286
270,3,1789,270,270,270,0.7714285714285715
271,4,1321,271,271,271,0.7742857142857142
272,5,1714,272,272,272,0.7771428571428571
273,6,129,273,273,273,0.78
274,1,2059,274,274,274,0.7828571428571428
275,2,1849,275,275,275,0.7857142857142857
276,3,1631,276,276,276,0.7885714285714286
277,4,1197,277,277,277,0.7914285714285715
278,5,2099,278,278,278,0.7942857142857143
279,6,206,279,279,279,0.7971428571428572
280,1,1712,280,280,280,0.8
281,2,2338,281,281,281,0.8028571428571428
282,3,2103,282,282,282,0.8057142857142857
283,4,1130,283,283,283,0.8085714285714286
284,5,1693,284,284,284,0.8114285714285714
285,6,170,285,285,285,0.8142857142857143
286,1,2057,286,286,286,0.8171428571428572
287,2,2160,287,287,287,0.82
288,3,1519,288,288,288,0.8228571428571428
289,4,1357,289,289,289,0.8257142857142857
290,5,1698,290,290,290,0.8285714285714286
291,6,192,291,291,291,0.8314285714285714
292,7,22,292,292,292,0.8342857142857143
293,1,2118,293,293,293,0.8371428571428572
294,2,2170,294,294,294,0.84
295,3,1681,295,295,295,0.8428571428571429
296,4,1454,296,296,296,0.8457142857142858
297,5,1849,297,297,297,0.8485714285714285
298,6,778,298,298,298,0.8514285714285714
299,1,2290,299,299,299,0.8542857142857143
300,2,2126,300,300,300,0.8571428571428571
301,3,2309,301,301,301,0.86
302,4,1288,302,302,302,0.8628571428571429
303,5,1654,303,303,303,0.8657142857142858
304,6,377,304,304,304,0.8685714285714285
305,1,2026,305,305,305,0.8714285714285714
306,2,2002,306,306,306,0.8742857142857143
307,3,2739,307,307,307,0.8771428571428571
308,4,1726,308,308,308,0.88
309,5,1474,309,309,309,0.8828571428571429
310,6,255,310,310,310,0.8857142857142857
311,1,2156,311,311,311,0.8885714285714286
312,2,1680,312,312,312,0.8914285714285715
313,3,1979,313,313,313,0.8942857142857142
314,4,1207,314,314,314,0.8971428571428571
315,5,1831,315,315,315,0.9
316,6,278,316,316,316,0.9028571428571428
317,1,1587,317,317,317,0.9057142857142857
318,2,1514,318,318,318,0.9085714285714286
319,3,1584,319,319,319,0.9114285714285715
320,4,1365,0,320,320,0.9142857142857143
321,5,1642,1,321,321,0.9171428571428571
322,6,205,2,322,322,0.92
323,1,1660,3,323,323,0.9228571428571428
324,2,950,4,324,324,0.9257142857142857
325,4,4254,5,325,325,0.9285714285714286
326,5,4569,6,326,326,0.9314285714285714
327,6,649,7,327,327,0.9342857142857143
328,1,5202,8,328,328,0.9371428571428572
329,2,5090,9,329,329,0.94
330,3,3488,10,330,330,0.9428571428571428
331,4,2171,11,331,331,0.9457142857142857
332,5,3075,12,332,332,0.9485714285714286
333,6,441,13,333,333,0.9514285714285714
334,1,2593,14,334,334,0.9542857142857143
335,2,2796,15,335,335,0.9571428571428572
336,3,2546,16,336,336,0.96
337,4,2706,17,337,337,0.9628571428571429
338,5,3006,18,338,338,0.9657142857142857
339,6,411,19,339,339,0.9685714285714285
340,1,3591,20,340,340,0.9714285714285714
341,2,3528,21,341,341,0.9742857142857143
342,3,3534,22,342,342,0.9771428571428571
343,4,2142,23,343,343,0.98
344,5,3887,24,344,344,0.9828571428571429
345,6,324,25,345,345,0.9857142857142858
346,7,1659,26,346,346,0.9885714285714285
347,1,4320,27,347,347,0.9914285714285714
348,2,3957,28,348,348,0.9942857142857143
349,3,1598,29,349,349,0.9971428571428571
350,4,244,30,0,350,1.0
351,3,23,31,1,351,1.002857142857143
352,4,19,32,2,352,1.0057142857142858
353,5,4061,33,3,353,1.0085714285714287
354,6,3332,34,4,0,1.0114285714285713
355,7,13,35,5,1,1.0142857142857142
356,1,3710,36,6,2,1.0171428571428571
357,2,3525,37,7,3,1.02
358,3,2282,38,8,4,1.022857142857143
359,4,1576,39,9,5,1.0257142857142858
360,5,1772,40,10,6,1.0285714285714285
361,6,272,41,11,7,1.0314285714285714
362,7,18,42,12,8,1.0342857142857143
363,1,1835,43,13,9,1.0371428571428571
364,2,1904,44,14,10,1.04
365,3,2040,45,15,11,1.042857142857143
366,4,1532,46,16,12,1.0457142857142858
367,5,1905,47,17,13,1.0485714285714285
368,6,250,48,18,14,1.0514285714285714
369,7,13,49,19,15,1.0542857142857143
370,1,2387,50,20,16,1.0571428571428572
371,2,3224,51,21,17,1.06
372,3,2471,52,22,18,1.062857142857143
373,4,1566,53,23,19,1.0657142857142856
374,5,1308,54,24,20,1.0685714285714285
375,6,305,55,25,21,1.0714285714285714
376,7,27,56,26,22,1.0742857142857143
377,1,2206,57,27,23,1.0771428571428572
378,2,2018,58,28,24,1.08
379,3,1722,59,29,25,1.082857142857143
380,4,1437,60,30,26,1.0857142857142856
381,5,1064,61,31,27,1.0885714285714285
382,6,390,62,32,28,1.0914285714285714
383,1,2065,63,33,29,1.0942857142857143
384,2,1802,64,34,30,1.0971428571428572
385,3,1693,65,35,31,1.1
386,4,1392,66,36,32,1.1028571428571428
387,5,1129,67,37,33,1.1057142857142856
388,6,239,68,38,34,1.1085714285714285
389,1,1932,69,39,35,1.1114285714285714
390,2,2848,70,40,36,1.1142857142857143
391,3,1933,71,41,37,1.1171428571428572
392,4,1124,72,42,38,1.12
393,5,1500,73,43,39,1.1228571428571428
394,6,222,74,44,40,1.1257142857142857
395,1,1582,75,45,41,1.1285714285714286
396,2,2051,76,46,42,1.1314285714285715
397,3,2954,77,47,43,1.1342857142857143
398,4,1534,78,48,44,1.1371428571428572
399,5,2473,79,49,45,1.14
400,6,139,80,50,46,1.1428571428571428
401,7,25,81,51,47,1.1457142857142857
402,1,1739,82,52,48,1.1485714285714286
403,2,1915,83,53,49,1.1514285714285715
404,3,1787,84,54,50,1.1542857142857144
405,4,1668,85,55,51,1.1571428571428573
406,5,1348,86,56,52,1.16
407,6,25,87,57,53,1.1628571428571428
408,7,22,88,58,54,1.1657142857142857
409,1,59,89,59,55,1.1685714285714286
410,2,3076,90,60,56,1.1714285714285715
411,3,2469,91,61,57,1.1742857142857144
412,4,1603,92,62,58,1.177142857142857
413,5,1460,93,63,59,1.18
414,6,182,94,64,60,1.1828571428571428
415,1,1901,95,65,61,1.1857142857142857
416,2,1870,96,66,62,1.1885714285714286
417,3,1682,97,67,63,1.1914285714285715
418,4,2176,98,68,64,1.1942857142857144
419,5,1885,99,69,65,1.197142857142857
420,6,357,100,70,66,1.2
421,7,22,101,71,67,1.2028571428571428
422,1,2070,102,72,68,1.2057142857142857
423,2,2607,103,73,69,1.2085714285714286
424,3,1803,104,74,70,1.2114285714285715
425,4,1100,105,75,71,1.2142857142857142
426,5,2248,106,76,72,1.217142857142857
427,6,230,107,77,73,1.22
428,1,1901,108,78,74,1.2228571428571429
429,2,2174,109,79,75,1.2257142857142858
430,3,1863,110,80,76,1.2285714285714286
431,5,12,111,81,77,1.2314285714285715
432,6,72,112,82,78,1.2342857142857142
433,7,2590,113,83,79,1.237142857142857
434,1,1621,114,84,80,1.24
435,2,2257,115,85,81,1.2428571428571429
436,3,2025,116,86,82,1.2457142857142858
437,4,2284,117,87,83,1.2485714285714287
438,5,1628,118,88,84,1.2514285714285713
439,6,191,119,89,85,1.2542857142857142
440,1,1599,120,90,86,1.2571428571428571
441,2,1857,121,91,87,1.26
442,3,1755,122,92,88,1.262857142857143
443,4,1230,123,93,89,1.2657142857142858
444,5,1686,124,94,90,1.2685714285714285
445,6,263,125,95,91,1.2714285714285714
446,7,18,126,96,92,1.2742857142857142
447,1,1812,127,97,93,1.2771428571428571
448,2,1841,128,98,94,1.28
449,3,1090,129,99,95,1.282857142857143
450,4,1253,130,100,96,1.2857142857142858
451,5,1545,131,101,97,1.2885714285714285
452,6,123,132,102,98,1.2914285714285714
453,1,1862,133,103,99,1.2942857142857143
454,2,1769,134,104,100,1.2971428571428572
455,3,1302,135,105,101,1.3
456,4,1201,136,106,102,1.302857142857143
457,5,2338,137,107,103,1.3057142857142856
458,6,153,138,108,104,1.3085714285714285
459,7,47,139,109,105,1.3114285714285714
460,2,2908,140,110,106,1.3142857142857143
461,3,1661,141,111,107,1.3171428571428572
462,4,1081,142,112,108,1.32
463,5,1774,143,113,109,1.322857142857143
464,6,124,144,114,110,1.3257142857142856
465,7,13,145,115,111,1.3285714285714285
466,1,1919,146,116,112,1.3314285714285714
467,2,1288,147,117,113,1.3342857142857143
468,3,1073,148,118,114,1.3371428571428572
469,4,1025,149,119,115,1.34
470,5,1383,150,120,116,1.3428571428571427
471,6,212,151,121,117,1.3457142857142856
472,1,1489,152,122,118,1.3485714285714285
473,2,1713,153,123,119,1.3514285714285714
474,3,1952,154,124,120,1.3542857142857143
475,4,1227,155,125,121,1.3571428571428572
476,5,1370,156,126,122,1.36
477,6,133,157,127,123,1.3628571428571428
478,1,1616,158,128,124,1.3657142857142857
479,2,2016,159,129,125,1.3685714285714285
480,3,2483,160,130,126,1.3714285714285714
481,4,1467,161,131,127,1.3742857142857143
482,5,2049,162,132,128,1.3771428571428572
483,6,291,163,133,129,1.38
484,1,1184,164,134,130,1.3828571428571428
485,2,2822,165,135,131,1.3857142857142857
486,3,2027,166,136,132,1.3885714285714286
487,4,1542,167,137,133,1.3914285714285715
488,5,1754,168,138,134,1.3942857142857144
489,6,107,169,139,135,1.3971428571428572
490,1,1983,170,140,136,1.4
491,2,2209,171,141,137,1.4028571428571428
492,3,1731,172,142,138,1.4057142857142857
493,4,1266,173,143,139,1.4085714285714286
494,5,1494,174,144,140,1.4114285714285715
495,6,152,175,145,141,1.4142857142857144
496,1,2065,176,146,142,1.417142857142857
497,2,2072,177,147,143,1.42
498,3,1792,178,148,144,1.4228571428571428
499,4,1512,179,149,145,1.4257142857142857
500,5,1853,180,150,146,1.4285714285714286
501,6,248,181,151,147,1.4314285714285715
502,1,1740,182,152,148,1.4342857142857144
503,2,1739,183,153,149,1.437142857142857
504,3,1495,184,154,150,1.44
505,4,1656,185,155,151,1.4428571428571428
506,5,1244,186,156,152,1.4457142857142857
507,6,41,187,157,153,1.4485714285714286
508,1,1755,188,158,154,1.4514285714285715
509,2,1749,189,159,155,1.4542857142857142
510,3,1313,190,160,156,1.457142857142857
511,4,1175,191,161,157,1.46
512,5,1391,192,162,158,1.4628571428571429
513,6,248,193,163,159,1.4657142857142857
514,1,2022,194,164,160,1.4685714285714286
515,2,2787,195,165,161,1.4714285714285715
516,3,1658,196,166,162,1.4742857142857142
517,4,1023,197,167,163,1.477142857142857
518,5,1545,198,168,164,1.48
519,6,207,199,169,165,1.4828571428571429
520,1,2076,200,170,166,1.4857142857142858
521,2,1416,201,171,167,1.4885714285714287
522,3,1421,202,172,168,1.4914285714285713
523,4,1130,203,173,169,1.4942857142857142
524,5,1377,204,174,170,1.497142857142857
525,6,248,205,175,171,1.5
526,1,1867,206,176,172,1.502857142857143
527,2,1941,207,177,173,1.5057142857142858
528,3,1707,208,178,174,1.5085714285714287
529,4,1510,209,179,175,1.5114285714285713
530,5,1065,210,180,176,1.5142857142857142
531,6,305,211,181,177,1.5171428571428571
532,7,13,212,182,178,1.52
533,1,1824,213,183,179,1.522857142857143
534,2,2049,214,184,180,1.5257142857142858
535,3,1371,215,185,181,1.5285714285714285
536,4,1299,216,186,182,1.5314285714285714
537,5,1752,217,187,183,1.5342857142857143
538,6,212,218,188,184,1.5371428571428571
539,1,2764,219,189,185,1.54
540,2,2466,220,190,186,1.542857142857143
541,3,2079,221,191,187,1.5457142857142858
542,4,1471,222,192,188,1.5485714285714285
543,5,2344,223,193,189,1.5514285714285714
544,6,218,224,194,190,1.5542857142857143
545,2,4044,225,195,191,1.5571428571428572
546,3,2265,226,196,192,1.56
547,4,1602,227,197,193,1.562857142857143
548,5,2033,228,198,194,1.5657142857142856
549,6,317,229,199,195,1.5685714285714285
550,1,2209,230,200,196,1.5714285714285714
551,2,2231,231,201,197,1.5742857142857143
552,3,1190,232,202,198,1.5771428571428572
553,4,1413,233,203,199,1.58
554,5,2097,234,204,200,1.582857142857143
555,6,205,235,205,201,1.5857142857142856
556,1,2156,236,206,202,1.5885714285714285
557,2,2219,237,207,203,1.5914285714285714
558,3,1801,238,208,204,1.5942857142857143
559,4,1657,239,209,205,1.5971428571428572
560,5,2965,240,210,206,1.6
561,6,382,241,211,207,1.6028571428571428
562,7,1268,242,212,208,1.6057142857142856
563,1,2915,243,213,209,1.6085714285714285
564,2,3137,244,214,210,1.6114285714285714
565,3,132,245,215,211,1.6142857142857143
566,1,52,246,216,212,1.6171428571428572
567,2,15,247,217,213,1.62
568,3,4783,248,218,214,1.6228571428571428
569,4,2396,249,219,215,1.6257142857142857
570,5,2454,250,220,216,1.6285714285714286
571,6,1964,251,221,217,1.6314285714285715
572,7,35,252,222,218,1.6342857142857143
573,1,3096,253,223,219,1.6371428571428572
574,2,2441,254,224,220,1.64
575,3,2282,255,225,221,1.6428571428571428
576,4,1467,256,226,222,1.6457142857142857
577,5,1432,257,227,223,1.6485714285714286
578,6,193,258,228,224,1.6514285714285715
579,1,1792,259,229,225,1.6542857142857144
580,2,2085,260,230,226,1.6571428571428573
581,3,1967,261,231,227,1.66
582,4,1312,262,232,228,1.6628571428571428
583,5,1381,263,233,229,1.6657142857142857
584,6,218,264,234,230,1.6685714285714286
585,1,1993,265,235,231,1.6714285714285715
586,2,2389,266,236,232,1.6742857142857144
587,3,2061,267,237,233,1.677142857142857
588,4,2394,268,238,234,1.68
589,5,1579,269,239,235,1.6828571428571428
590,6,15,270,240,236,1.6857142857142857
591,1,2136,271,241,237,1.6885714285714286
592,2,1946,272,242,238,1.6914285714285715
593,3,1762,273,243,239,1.6942857142857144
594,4,1342,274,244,240,1.697142857142857
595,5,1718,275,245,241,1.7
596,6,256,276,246,242,1.7028571428571428
597,1,2041,277,247,243,1.7057142857142857
598,2,1692,278,248,244,1.7085714285714286
599,3,1867,279,249,245,1.7114285714285715
600,4,1085,280,250,246,1.7142857142857142
601,5,1932,281,251,247,1.717142857142857
602,6,245,282,252,248,1.72
603,7,22,283,253,249,1.7228571428571429
604,1,2175,284,254,250,1.7257142857142858
605,2,2356,285,255,251,1.7285714285714286
606,3,1869,286,256,252,1.7314285714285715
607,4,1468,287,257,253,1.7342857142857142
608,5,1756,288,258,254,1.737142857142857
609,6,246,289,259,255,1.74
610,1,1863,290,260,256,1.7428571428571429
611,2,2242,291,261,257,1.7457142857142858
612,3,1585,292,262,258,1.7485714285714287
613,4,1243,293,263,259,1.7514285714285713
614,5,1409,294,264,260,1.7542857142857142
615,6,344,295,265,261,1.7571428571428571
616,1,2294,296,266,262,1.76
617,2,1778,297,267,263,1.762857142857143
618,3,1755,298,268,264,1.7657142857142858
619,4,1641,299,269,265,1.7685714285714285
620,5,1459,300,270,266,1.7714285714285714
621,6,261,301,271,267,1.7742857142857142
622,1,2024,302,272,268,1.7771428571428571
623,2,2490,303,273,269,1.78
624,3,1504,304,274,270,1.782857142857143
625,4,1695,305,275,271,1.7857142857142858
626,5,1706,306,276,272,1.7885714285714285
627,6,138,307,277,273,1.7914285714285714
628,1,2113,308,278,274,1.7942857142857143
629,2,2036,309,279,275,1.7971428571428572
630,3,1729,310,280,276,1.8
631,4,1332,311,281,277,1.802857142857143
632,5,1977,312,282,278,1.8057142857142856
633,6,186,313,283,279,1.8085714285714285
634,1,1593,314,284,280,1.8114285714285714
635,2,3091,315,285,281,1.8142857142857143
636,3,1960,316,286,282,1.8171428571428572
637,4,769,317,287,283,1.82
638,5,1844,318,288,284,1.822857142857143
639,6,140,319,289,285,1.8257142857142856
640,7,25,0,290,286,1.8285714285714285
641,1,2167,1,291,287,1.8314285714285714
642,2,1292,2,292,288,1.8342857142857143
643,3,1278,3,293,289,1.8371428571428572
644,4,75,4,294,290,1.84
645,7,7063,5,295,291,1.8428571428571427
646,1,5804,6,296,292,1.8457142857142856
647,2,7226,7,297,293,1.8485714285714285
648,3,3616,8,298,294,1.8514285714285714
649,4,5742,9,299,295,1.8542857142857143
650,5,4501,10,300,296,1.8571428571428572
651,6,796,11,301,297,1.86
652,1,4259,12,302,298,1.8628571428571428
653,2,3472,13,303,299,1.8657142857142857
654,3,2482,14,304,300,1.8685714285714285
655,4,2722,15,305,301,1.8714285714285714
656,5,2869,16,306,302,1.8742857142857143
657,6,448,17,307,303,1.8771428571428572
658,7,24,18,308,304,1.88
659,1,3425,19,309,305,1.8828571428571428
660,2,2794,20,310,306,1.8857142857142857
661,3,2954,21,311,307,1.8885714285714286
662,4,2501,22,312,308,1.8914285714285715
663,5,2883,23,313,309,1.8942857142857144
664,6,699,24,314,310,1.8971428571428572
665,7,24,25,315,311,1.9
666,1,2692,26,316,312,1.9028571428571428
667,2,3526,27,317,313,1.9057142857142857
668,3,3877,28,318,314,1.9085714285714286
669,4,2546,29,319,315,1.9114285714285715
670,5,2709,30,320,316,1.9142857142857144
671,6,471,31,321,317,1.917142857142857
672,1,3469,32,322,318,1.92
673,2,3498,33,323,319,1.9228571428571428
674,3,3835,34,324,320,1.9257142857142857
675,4,2530,35,325,321,1.9285714285714286
676,5,2564,36,326,322,1.9314285714285715
677,6,367,37,327,323,1.9342857142857144
678,1,4217,38,328,324,1.937142857142857
679,2,4630,39,329,325,1.94
680,3,3877,40,330,326,1.9428571428571428
681,4,4141,41,331,327,1.9457142857142857
682,5,3701,42,332,328,1.9485714285714286
683,6,652,43,333,329,1.9514285714285715
684,7,2663,44,334,330,1.9542857142857142
685,1,4903,45,335,331,1.957142857142857
686,2,2040,46,336,332,1.96
687,2,23,47,337,333,1.9628571428571429
688,3,4712,48,338,334,1.9657142857142857
689,4,4395,49,339,335,1.9685714285714286
690,5,3661,50,340,336,1.9714285714285715
691,6,2073,51,341,337,1.9742857142857142
692,1,4832,52,342,338,1.977142857142857
693,2,4032,53,343,339,1.98
694,3,2054,54,344,340,1.9828571428571429
695,4,1477,55,345,341,1.9857142857142858
696,5,1808,56,346,342,1.9885714285714287
697,6,290,57,347,343,1.9914285714285713
698,1,2028,58,348,344,1.9942857142857142
699,2,2479,59,349,345,1.997142857142857
700,3,1426,60,0,346,2.0
701,4,1693,61,1,347,2.0028571428571427
702,5,1626,62,2,348,2.005714285714286
703,6,236,63,3,349,2.0085714285714285
704,1,2508,64,4,350,2.0114285714285716
705,2,2491,65,5,351,2.0142857142857142
706,3,1907,66,6,352,2.0171428571428573
707,4,1524,67,7,353,2.02
708,5,1664,68,8,0,2.0228571428571427
709,6,948,69,9,1,2.025714285714286
710,1,2617,70,10,2,2.0285714285714285
711,2,2325,71,11,3,2.0314285714285716
712,3,2451,72,12,4,2.0342857142857143
713,4,1140,73,13,5,2.037142857142857
714,5,1696,74,14,6,2.04
715,6,376,75,15,7,2.0428571428571427
716,1,2280,76,16,8,2.045714285714286
717,2,2007,77,17,9,2.0485714285714285
718,3,1784,78,18,10,2.0514285714285716
719,4,1102,79,19,11,2.0542857142857143
720,5,1902,80,20,12,2.057142857142857
721,6,55,81,21,13,2.06
722,1,13,82,22,14,2.0628571428571427
723,2,3380,83,23,15,2.065714285714286
724,3,2690,84,24,16,2.0685714285714285
725,4,1348,85,25,17,2.0714285714285716
726,5,2035,86,26,18,2.0742857142857143
727,6,139,87,27,19,2.077142857142857
728,7,20,88,28,20,2.08
729,1,2044,89,29,21,2.0828571428571427
730,2,2024,90,30,22,2.085714285714286
731,3,1455,91,31,23,2.0885714285714285
732,4,1354,92,32,24,2.0914285714285716
733,5,1310,93,33,25,2.0942857142857143
734,6,275,94,34,26,2.097142857142857
735,1,2424,95,35,27,2.1
736,2,2985,96,36,28,2.1028571428571428
737,3,2014,97,37,29,2.105714285714286
738,4,1105,98,38,30,2.1085714285714285
739,5,1524,99,39,31,2.111428571428571
740,6,378,100,40,32,2.1142857142857143
741,1,2491,101,41,33,2.117142857142857
742,2,2830,102,42,34,2.12
743,3,2155,103,43,35,2.1228571428571428
744,4,2017,104,44,36,2.125714285714286
745,5,27,105,45,37,2.1285714285714286
746,1,3150,106,46,38,2.1314285714285712
747,2,2383,107,47,39,2.1342857142857143
748,3,2824,108,48,40,2.137142857142857
749,4,1876,109,49,41,2.14
750,5,2054,110,50,42,2.142857142857143
751,6,321,111,51,43,2.145714285714286
752,1,2384,112,52,44,2.1485714285714286
753,2,2472,113,53,45,2.1514285714285712
754,3,1881,114,54,46,2.1542857142857144
755,4,1816,115,55,47,2.157142857142857
756,5,1361,116,56,48,2.16
757,6,314,117,57,49,2.162857142857143
758,1,3309,118,58,50,2.165714285714286
759,2,1948,119,59,51,2.1685714285714286
760,3,1722,120,60,52,2.1714285714285713
761,4,1520,121,61,53,2.1742857142857144
762,5,2232,122,62,54,2.177142857142857
763,6,497,123,63,55,2.18
764,1,2037,124,64,56,2.182857142857143
765,2,2246,125,65,57,2.1857142857142855
766,3,1447,126,66,58,2.1885714285714286
767,4,1478,127,67,59,2.1914285714285713
768,5,1631,128,68,60,2.1942857142857144
769,6,128,129,69,61,2.197142857142857
770,1,2102,130,70,62,2.2
771,2,2114,131,71,63,2.202857142857143
772,3,1964,132,72,64,2.2057142857142855
773,4,1427,133,73,65,2.2085714285714286
774,5,1416,134,74,66,2.2114285714285713
775,6,319,135,75,67,2.2142857142857144
776,1,2147,136,76,68,2.217142857142857
777,2,1925,137,77,69,2.22
778,3,1668,138,78,70,2.222857142857143
779,4,1692,139,79,71,2.2257142857142855
780,5,1517,140,80,72,2.2285714285714286
781,6,381,141,81,73,2.2314285714285713
782,1,2327,142,82,74,2.2342857142857144
783,2,1926,143,83,75,2.237142857142857
784,3,1387,144,84,76,2.24
785,4,1533,145,85,77,2.242857142857143
786,5,1946,146,86,78,2.2457142857142856
787,6,89,147,87,79,2.2485714285714287
788,2,3157,148,88,80,2.2514285714285713
789,3,1933,149,89,81,2.2542857142857144
790,4,1257,150,90,82,2.257142857142857
791,5,2051,151,91,83,2.26
792,6,472,152,92,84,2.262857142857143
793,1,2031,153,93,85,2.2657142857142856
794,2,1465,154,94,86,2.2685714285714287
795,3,2291,155,95,87,2.2714285714285714
796,4,1380,156,96,88,2.2742857142857145
797,5,1659,157,97,89,2.277142857142857
798,6,401,158,98,90,2.28
799,1,2248,159,99,91,2.282857142857143
800,2,3005,160,100,92,2.2857142857142856
801,3,2281,161,101,93,2.2885714285714287
802,4,1062,162,102,94,2.2914285714285714
803,5,1675,163,103,95,2.2942857142857145
804,6,304,164,104,96,2.297142857142857
805,1,2034,165,105,97,2.3
806,2,2520,166,106,98,2.302857142857143
807,3,1944,167,107,99,2.3057142857142856
808,4,1398,168,108,100,2.3085714285714287
809,5,1384,169,109,101,2.3114285714285714
810,6,288,170,110,102,2.3142857142857145
811,1,1804,171,111,103,2.317142857142857
812,2,2255,172,112,104,2.32
813,3,1893,173,113,105,2.322857142857143
814,4,1193,174,114,106,2.3257142857142856
815,5,1907,175,115,107,2.3285714285714287
816,6,185,176,116,108,2.3314285714285714
817,1,1304,177,117,109,2.334285714285714
818,2,2076,178,118,110,2.337142857142857
819,3,1754,179,119,111,2.34
820,4,1155,180,120,112,2.342857142857143
821,5,1613,181,121,113,2.3457142857142856
822,6,410,182,122,114,2.3485714285714288
823,1,2437,183,123,115,2.3514285714285714
824,2,2596,184,124,116,2.354285714285714
825,3,1823,185,125,117,2.357142857142857
826,4,1951,186,126,118,2.36
827,5,1983,187,127,119,2.362857142857143
828,6,297,188,128,120,2.3657142857142857
829,1,2186,189,129,121,2.3685714285714288
830,2,1608,190,130,122,2.3714285714285714
831,3,2334,191,131,123,2.374285714285714
832,4,2051,192,132,124,2.3771428571428572
833,5,1795,193,133,125,2.38
834,6,346,194,134,126,2.382857142857143
835,1,1926,195,135,127,2.3857142857142857
836,2,1902,196,136,128,2.388571428571429
837,3,1604,197,137,129,2.3914285714285715
838,4,1357,198,138,130,2.394285714285714
839,5,1893,199,139,131,2.3971428571428572
840,6,227,200,140,132,2.4
841,7,24,201,141,133,2.402857142857143
842,1,2270,202,142,134,2.4057142857142857
843,2,2200,203,143,135,2.4085714285714284
844,3,1738,204,144,136,2.4114285714285715
845,4,1327,205,145,137,2.414285714285714
846,5,1254,206,146,138,2.4171428571428573
847,6,498,207,147,139,2.42
848,7,20,208,148,140,2.422857142857143
849,1,2616,209,149,141,2.4257142857142857
850,2,2477,210,150,142,2.4285714285714284
851,3,2305,211,151,143,2.4314285714285715
852,4,12,212,152,144,2.434285714285714
853,7,3354,213,153,145,2.4371428571428573
854,1,1800,214,154,146,2.44
855,2,2684,215,155,147,2.442857142857143
856,3,1475,216,156,148,2.4457142857142857
857,4,1783,217,157,149,2.4485714285714284
858,5,1625,218,158,150,2.4514285714285715
859,6,309,219,159,151,2.454285714285714
860,1,1990,220,160,152,2.4571428571428573
861,2,2256,221,161,153,2.46
862,3,2032,222,162,154,2.462857142857143
863,4,1183,223,163,155,2.4657142857142857
864,5,1565,224,164,156,2.4685714285714284
865,6,254,225,165,157,2.4714285714285715
866,1,1983,226,166,158,2.474285714285714
867,2,2445,227,167,159,2.4771428571428573
868,3,2312,228,168,160,2.48
869,4,1510,229,169,161,2.4828571428571427
870,5,2380,230,170,162,2.4857142857142858
871,6,61,231,171,163,2.4885714285714284
872,1,3279,232,172,164,2.4914285714285715
873,2,3804,233,173,165,2.494285714285714
874,3,3046,234,174,166,2.4971428571428573
875,5,13,235,175,167,2.5
876,7,15,236,176,168,2.5028571428571427
877,3,88,237,177,169,2.505714285714286
878,4,4354,238,178,170,2.5085714285714285
879,5,3418,239,179,171,2.5114285714285716
880,6,2489,240,180,172,2.5142857142857142
881,1,2584,241,181,173,2.5171428571428573
882,2,3546,242,182,174,2.52
883,3,2458,243,183,175,2.5228571428571427
884,4,2065,244,184,176,2.525714285714286
885,5,1816,245,185,177,2.5285714285714285
886,6,263,246,186,178,2.5314285714285716
887,7,28,247,187,179,2.5342857142857143
888,1,2407,248,188,180,2.537142857142857
889,2,3639,249,189,181,2.54
890,3,2551,250,190,182,2.5428571428571427
891,4,1925,251,191,183,2.545714285714286
892,5,1989,252,192,184,2.5485714285714285
893,6,181,253,193,185,2.5514285714285716
894,1,2569,254,194,186,2.5542857142857143
895,2,2019,255,195,187,2.557142857142857
896,3,1900,256,196,188,2.56
897,4,1180,257,197,189,2.5628571428571427
898,5,1886,258,198,190,2.565714285714286
899,6,322,259,199,191,2.5685714285714285
900,1,2615,260,200,192,2.5714285714285716
901,2,2594,261,201,193,2.5742857142857143
902,3,1760,262,202,194,2.577142857142857
903,4,1590,263,203,195,2.58
904,5,1994,264,204,196,2.5828571428571427
905,6,409,265,205,197,2.585714285714286
906,7,24,266,206,198,2.5885714285714285
907,1,3017,267,207,199,2.5914285714285716
908,2,2538,268,208,200,2.5942857142857143
909,3,2019,269,209,201,2.597142857142857
910,4,1667,270,210,202,2.6
911,5,1876,271,211,203,2.6028571428571428
912,6,498,272,212,204,2.605714285714286
913,1,2237,273,213,205,2.6085714285714285
914,2,2268,274,214,206,2.611428571428571
915,3,1898,275,215,207,2.6142857142857143
916,4,1870,276,216,208,2.617142857142857
917,5,2174,277,217,209,2.62
918,6,540,278,218,210,2.6228571428571428
919,1,2397,279,219,211,2.625714285714286
920,2,1947,280,220,212,2.6285714285714286
921,3,2057,281,221,213,2.6314285714285712
922,4,1860,282,222,214,2.6342857142857143
923,5,2270,283,223,215,2.637142857142857
924,6,409,284,224,216,2.64
925,1,3666,285,225,217,2.642857142857143
926,2,2535,286,226,218,2.645714285714286
927,3,2063,287,227,219,2.6485714285714286
928,4,1497,288,228,220,2.6514285714285712
929,5,2170,289,229,221,2.6542857142857144
930,6,312,290,230,222,2.657142857142857
931,1,2228,291,231,223,2.66
932,2,2098,292,232,224,2.662857142857143
933,3,2725,293,233,225,2.665714285714286
934,4,1491,294,234,226,2.6685714285714286
935,5,2140,295,235,227,2.6714285714285713
936,6,450,296,236,228,2.6742857142857144
937,1,2057,297,237,229,2.677142857142857
938,2,2181,298,238,230,2.68
939,3,2339,299,239,231,2.682857142857143
940,4,1414,300,240,232,2.6857142857142855
941,5,2924,301,241,233,2.6885714285714286
942,6,482,302,242,234,2.6914285714285713
943,1,1611,303,243,235,2.6942857142857144
944,2,2771,304,244,236,2.697142857142857
945,3,3477,305,245,237,2.7
946,4,1565,306,246,238,2.702857142857143
947,5,2158,307,247,239,2.7057142857142855
948,6,800,308,248,240,2.7085714285714286
949,7,15,309,249,241,2.7114285714285713
950,1,2555,310,250,242,2.7142857142857144
951,2,1839,311,251,243,2.717142857142857
952,3,2331,312,252,244,2.72
953,4,772,313,253,245,2.722857142857143
954,5,70,314,254,246,2.7257142857142855
955,6,33,315,255,247,2.7285714285714286
956,1,6421,316,256,248,2.7314285714285713
957,2,7069,317,257,249,2.7342857142857144
958,3,5017,318,258,250,2.737142857142857
959,4,3192,319,259,251,2.74
960,5,4838,0,260,252,2.742857142857143
961,6,1063,1,261,253,2.7457142857142856
962,1,5227,2,262,254,2.7485714285714287
963,2,3848,3,263,255,2.7514285714285713
964,3,3631,4,264,256,2.7542857142857144
965,4,1899,5,265,257,2.757142857142857
966,5,2978,6,266,258,2.76
967,6,657,7,267,259,2.762857142857143
968,1,3859,8,268,260,2.7657142857142856
969,2,4572,9,269,261,2.7685714285714287
970,3,3687,10,270,262,2.7714285714285714
971,4,2851,11,271,263,2.7742857142857145
972,5,2644,12,272,264,2.777142857142857
973,6,429,13,273,265,2.78
974,1,3637,14,274,266,2.782857142857143
975,2,3865,15,275,267,2.7857142857142856
976,3,3499,16,276,268,2.7885714285714287
977,4,2374,17,277,269,2.7914285714285714
978,5,3880,18,278,270,2.7942857142857145
979,6,755,19,279,271,2.797142857142857
980,1,5594,20,280,272,2.8
981,2,5592,21,281,273,2.802857142857143
982,3,4690,22,282,274,2.8057142857142856
983,4,4243,23,283,275,2.8085714285714287
984,5,4763,24,284,276,2.8114285714285714
985,6,1564,25,285,277,2.8142857142857145
986,4,24,26,286,278,2.817142857142857
987,7,3664,27,287,279,2.82
988,1,3610,28,288,280,2.822857142857143
989,2,5537,29,289,281,2.8257142857142856
990,3,3369,30,290,282,2.8285714285714287
991,4,3054,31,291,283,2.8314285714285714
992,5,2735,32,292,284,2.834285714285714
993,6,780,33,293,285,2.837142857142857
994,1,3037,34,294,286,2.84
995,2,3315,35,295,287,2.842857142857143
996,3,2221,36,296,288,2.8457142857142856
997,4,1541,37,297,289,2.8485714285714288
998,5,1883,38,298,290,2.8514285714285714
999,6,564,39,299,291,2.854285714285714
1000,1,2525,40,300,292,2.857142857142857
1001,2,2627,41,301,293,2.86
1002,3,2374,42,302,294,2.862857142857143
1003,4,1618,43,303,295,2.8657142857142857
1004,5,2259,44,304,296,2.8685714285714288
1005,6,426,45,305,297,2.8714285714285714
1006,1,2203,46,306,298,2.874285714285714
1007,2,2344,47,307,299,2.8771428571428572
1008,3,2392,48,308,300,2.88
1009,4,1870,49,309,301,2.882857142857143
1010,5,1772,50,310,302,2.8857142857142857
1011,6,610,51,311,303,2.888571428571429
1012,1,2437,52,312,304,2.8914285714285715
1013,2,2326,53,313,305,2.894285714285714
1014,3,1954,54,314,306,2.8971428571428572
1015,4,1569,55,315,307,2.9
1016,5,1777,56,316,308,2.902857142857143
1017,6,442,57,317,309,2.9057142857142857
1018,1,2476,58,318,310,2.9085714285714284
1019,2,1934,59,319,311,2.9114285714285715
1020,3,2048,60,320,312,2.914285714285714
1021,4,1586,61,321,313,2.9171428571428573
1022,5,2268,62,322,314,2.92
1023,6,506,63,323,315,2.922857142857143
1024,1,3439,64,324,316,2.9257142857142857
1025,2,3208,65,325,317,2.9285714285714284
1026,3,2277,66,326,318,2.9314285714285715
1027,4,2144,67,327,319,2.934285714285714
1028,5,2519,68,328,320,2.9371428571428573
1029,6,195,69,329,321,2.94
1030,2,4003,70,330,322,2.942857142857143
1031,3,2513,71,331,323,2.9457142857142857
1032,4,1816,72,332,324,2.9485714285714284
1033,5,2050,73,333,325,2.9514285714285715
1034,6,388,74,334,326,2.954285714285714
1035,1,2550,75,335,327,2.9571428571428573
1036,2,2899,76,336,328,2.96
1037,3,1640,77,337,329,2.962857142857143
1038,4,1531,78,338,330,2.9657142857142857
1039,5,2309,79,339,331,2.9685714285714284
1040,6,154,80,340,332,2.9714285714285715
1041,1,2563,81,341,333,2.974285714285714
1042,2,2251,82,342,334,2.9771428571428573
1043,3,1819,83,343,335,2.98
1044,4,1471,84,344,336,2.9828571428571427
1045,5,1998,85,345,337,2.9857142857142858
1046,6,399,86,346,338,2.9885714285714284
1047,1,2130,87,347,339,2.9914285714285715
1048,2,2918,88,348,340,2.994285714285714
1049,3,1983,89,349,341,2.9971428571428573
1050,4,2149,90,0,342,3.0
1051,5,2669,91,1,343,3.0028571428571427
1052,6,41,92,2,344,3.005714285714286
1053,2,3724,93,3,345,3.0085714285714285
1054,3,3311,94,4,346,3.0114285714285716
1055,4,1801,95,5,347,3.0142857142857142
1056,5,2318,96,6,348,3.0171428571428573
1057,6,693,97,7,349,3.02
1058,1,2615,98,8,350,3.0228571428571427
1059,2,2726,99,9,351,3.025714285714286
1060,3,2094,100,10,352,3.0285714285714285
1061,4,2225,101,11,353,3.0314285714285716
1062,5,1476,102,12,0,3.0342857142857143
1063,6,765,103,13,1,3.037142857142857
1064,1,2691,104,14,2,3.04
1065,2,1966,105,15,3,3.0428571428571427
1066,3,2752,106,16,4,3.045714285714286
1067,4,1620,107,17,5,3.0485714285714285
1068,5,1516,108,18,6,3.0514285714285716
1069,6,757,109,19,7,3.0542857142857143
1070,1,2070,110,20,8,3.057142857142857
1071,2,2603,111,21,9,3.06
1072,3,1796,112,22,10,3.0628571428571427
1073,4,1669,113,23,11,3.065714285714286
1074,5,2068,114,24,12,3.0685714285714285
1075,6,389,115,25,13,3.0714285714285716
1076,1,2309,116,26,14,3.0742857142857143
1077,2,1916,117,27,15,3.077142857142857
1078,3,2190,118,28,16,3.08
1079,4,1796,119,29,17,3.0828571428571427
1080,5,1939,120,30,18,3.085714285714286
1081,6,539,121,31,19,3.0885714285714285
1082,1,2809,122,32,20,3.0914285714285716
1083,2,1985,123,33,21,3.0942857142857143
1084,3,2824,124,34,22,3.097142857142857
1085,4,35,125,35,23,3.1
1086,6,50,126,36,24,3.1028571428571428
1087,7,2324,127,37,25,3.105714285714286
1088,1,1900,128,38,26,3.1085714285714285
1089,2,1854,129,39,27,3.111428571428571
1090,3,1832,130,40,28,3.1142857142857143
1091,4,1309,131,41,29,3.117142857142857
1092,5,1578,132,42,30,3.12
1093,6,524,133,43,31,3.1228571428571428
1094,7,15,134,44,32,3.125714285714286
1095,1,1956,135,45,33,3.1285714285714286
1096,2,1805,136,46,34,3.1314285714285712
1097,3,2287,137,47,35,3.1342857142857143
1098,4,1057,138,48,36,3.137142857142857
1099,5,1499,139,49,37,3.14
1100,6,591,140,50,38,3.142857142857143
1101,1,2120,141,51,39,3.145714285714286
1102,2,2545,142,52,40,3.1485714285714286
1103,3,2107,143,53,41,3.1514285714285712
1104,4,1568,144,54,42,3.1542857142857144
1105,5,1321,145,55,43,3.157142857142857
1106,6,631,146,56,44,3.16
1107,1,2034,147,57,45,3.162857142857143
1108,2,2409,148,58,46,3.165714285714286
1109,3,2008,149,59,47,3.1685714285714286
1110,4,1118,150,60,48,3.1714285714285713
1111,5,1958,151,61,49,3.1742857142857144
1112,6,614,152,62,50,3.177142857142857
1113,1,2076,153,63,51,3.18
1114,2,1936,154,64,52,3.182857142857143
1115,3,1804,155,65,53,3.1857142857142855
1116,4,1514,156,66,54,3.1885714285714286
1117,5,1939,157,67,55,3.1914285714285713
1118,6,545,158,68,56,3.1942857142857144
1119,1,2041,159,69,57,3.197142857142857
1120,2,2619,160,70,58,3.2
1121,3,2418,161,71,59,3.202857142857143
1122,4,1643,162,72,60,3.2057142857142855
1123,5,1848,163,73,61,3.2085714285714286
1124,6,798,164,74,62,3.2114285714285713
1125,1,2312,165,75,63,3.2142857142857144
1126,2,2555,166,76,64,3.217142857142857
1127,3,1954,167,77,65,3.22
1128,4,1663,168,78,66,3.222857142857143
1129,5,2019,169,79,67,3.2257142857142855
1130,6,511,170,80,68,3.2285714285714286
1131,1,2770,171,81,69,3.2314285714285713
1132,2,2175,172,82,70,3.2342857142857144
1133,3,1697,173,83,71,3.237142857142857
1134,4,1532,174,84,72,3.24
1135,5,2045,175,85,73,3.242857142857143
1136,6,601,176,86,74,3.2457142857142856
1137,1,2898,177,87,75,3.2485714285714287
1138,2,2255,178,88,76,3.2514285714285713
1139,3,2637,179,89,77,3.2542857142857144
1140,4,1675,180,90,78,3.257142857142857
1141,5,2360,181,91,79,3.26
1142,6,585,182,92,80,3.262857142857143
1143,1,3134,183,93,81,3.2657142857142856
1144,2,2296,184,94,82,3.2685714285714287
1145,3,1489,185,95,83,3.2714285714285714
1146,4,2542,186,96,84,3.2742857142857145
1147,5,1817,187,97,85,3.277142857142857
1148,6,691,188,98,86,3.28
1149,7,24,189,99,87,3.282857142857143
1150,1,2637,190,100,88,3.2857142857142856
1151,2,2834,191,101,89,3.2885714285714287
1152,3,1908,192,102,90,3.2914285714285714
1153,4,1841,193,103,91,3.2942857142857145
1154,5,2643,194,104,92,3.297142857142857
1155,6,772,195,105,93,3.3
1156,1,2453,196,106,94,3.302857142857143
1157,2,2602,197,107,95,3.3057142857142856
1158,3,1754,198,108,96,3.3085714285714287
1159,4,1579,199,109,97,3.3114285714285714
1160,5,1913,200,110,98,3.3142857142857145
1161,6,857,201,111,99,3.317142857142857
1162,7,15,202,112,100,3.32
1163,1,2325,203,113,101,3.322857142857143
1164,2,2851,204,114,102,3.3257142857142856
1165,3,1922,205,115,103,3.3285714285714287
1166,4,1727,206,116,104,3.3314285714285714
1167,5,1555,207,117,105,3.334285714285714
1168,6,678,208,118,106,3.337142857142857
1169,1,2886,209,119,107,3.34
1170,2,3450,210,120,108,3.342857142857143
1171,3,2893,211,121,109,3.3457142857142856
1172,4,21,212,122,110,3.3485714285714288
1173,6,28,213,123,111,3.3514285714285714
1174,7,3371,214,124,112,3.354285714285714
1175,1,2536,215,125,113,3.357142857142857
1176,2,4636,216,126,114,3.36
1177,3,3747,217,127,115,3.362857142857143
1178,4,1030,218,128,116,3.3657142857142857
1179,5,872,219,129,117,3.3685714285714288
1180,6,250,220,130,118,3.3714285714285714
1181,1,654,221,131,119,3.374285714285714
1182,2,512,222,132,120,3.3771428571428572
1183,3,338,223,133,121,3.38
1184,4,124,224,134,122,3.382857142857143
1185,5,233,225,135,123,3.3857142857142857
1186,3,205,226,136,124,3.388571428571429
1187,4,289,227,137,125,3.3914285714285715
1188,5,355,228,138,126,3.394285714285714
1189,6,6436,229,139,127,3.3971428571428572
1190,7,3507,230,140,128,3.4
1191,1,3933,231,141,129,3.402857142857143
1192,2,4161,232,142,130,3.4057142857142857
1193,3,5025,233,143,131,3.4085714285714284
1194,4,2323,234,144,132,3.4114285714285715
1195,5,2964,235,145,133,3.414285714285714
1196,6,1221,236,146,134,3.4171428571428573
1197,7,21,237,147,135,3.42
1198,1,3895,238,148,136,3.422857142857143
1199,2,4260,239,149,137,3.4257142857142857
1200,3,3246,240,150,138,3.4285714285714284
1201,4,2155,241,151,139,3.4314285714285715
1202,5,2326,242,152,140,3.434285714285714
1203,6,652,243,153,141,3.4371428571428573
1204,7,54,244,154,142,3.44
1205,1,2981,245,155,143,3.442857142857143
1206,2,2918,246,156,144,3.4457142857142857
1207,3,2779,247,157,145,3.4485714285714284
1208,4,1776,248,158,146,3.4514285714285715
1209,5,2638,249,159,147,3.454285714285714
1210,6,853,250,160,148,3.4571428571428573
1211,1,2475,251,161,149,3.46
1212,2,3687,252,162,150,3.462857142857143
1213,3,2507,253,163,151,3.4657142857142857
1214,4,1739,254,164,152,3.4685714285714284
1215,5,2045,255,165,153,3.4714285714285715
1216,6,936,256,166,154,3.474285714285714
1217,7,40,257,167,155,3.4771428571428573
1218,1,2340,258,168,156,3.48
1219,2,2886,259,169,157,3.4828571428571427
1220,3,2402,260,170,158,3.4857142857142858
1221,4,1907,261,171,159,3.4885714285714284
1222,5,2759,262,172,160,3.4914285714285715
1223,6,685,263,173,161,3.494285714285714
1224,7,40,264,174,162,3.4971428571428573
1225,1,2562,265,175,163,3.5
1226,2,2422,266,176,164,3.5028571428571427
1227,3,2876,267,177,165,3.505714285714286
1228,4,2177,268,178,166,3.5085714285714285
1229,5,2250,269,179,167,3.5114285714285716
1230,6,182,270,180,168,3.5142857142857142
1231,1,2996,271,181,169,3.5171428571428573
1232,2,2681,272,182,170,3.52
1233,3,2263,273,183,171,3.5228571428571427
1234,4,2017,274,184,172,3.525714285714286
1235,5,2566,275,185,173,3.5285714285714285
1236,6,428,276,186,174,3.5314285714285716
1237,7,15,277,187,175,3.5342857142857143
1238,1,3422,278,188,176,3.537142857142857
1239,2,3314,279,189,177,3.54
1240,3,2723,280,190,178,3.5428571428571427
1241,4,1696,281,191,179,3.545714285714286
1242,5,2526,282,192,180,3.5485714285714285
1243,6,878,283,193,181,3.5514285714285716
1244,7,15,284,194,182,3.5542857142857143
1245,1,3043,285,195,183,3.557142857142857
1246,2,5294,286,196,184,3.56
1247,3,3399,287,197,185,3.5628571428571427
1248,4,2758,288,198,186,3.565714285714286
1249,5,2627,289,199,187,3.5685714285714285
1250,6,1031,290,200,188,3.5714285714285716
1251,1,3007,291,201,189,3.5742857142857143
1252,2,3357,292,202,190,3.577142857142857
1253,3,2527,293,203,191,3.58
1254,4,2601,294,204,192,3.5828571428571427
1255,5,3821,295,205,193,3.585714285714286
1256,6,556,296,206,194,3.5885714285714285
1257,1,3637,297,207,195,3.5914285714285716
1258,2,3739,298,208,196,3.5942857142857143
1259,3,2787,299,209,197,3.597142857142857
1260,4,2710,300,210,198,3.6
1261,5,2621,301,211,199,3.6028571428571428
1262,6,993,302,212,200,3.605714285714286
1263,1,3161,303,213,201,3.6085714285714285
1264,2,2669,304,214,202,3.611428571428571
1265,3,3521,305,215,203,3.6142857142857143
1266,4,1946,306,216,204,3.617142857142857
1267,5,1168,307,217,205,3.62
1268,6,29,308,218,206,3.6228571428571428
1269,7,44,309,219,207,3.625714285714286
1270,1,230,310,220,208,3.6285714285714286
1271,2,7389,311,221,209,3.6314285714285712
1272,3,4861,312,222,210,3.6342857142857143
1273,4,3659,313,223,211,3.637142857142857
1274,5,4170,314,224,212,3.64
1275,6,1793,315,225,213,3.642857142857143
1276,7,25,316,226,214,3.645714285714286
1277,1,3136,317,227,215,3.6485714285714286
1278,2,3440,318,228,216,3.6514285714285712
1279,3,3265,319,229,217,3.6542857142857144
1280,4,1850,0,230,218,3.657142857142857
1281,5,2047,1,231,219,3.66
1282,6,682,2,232,220,3.662857142857143
1283,1,2141,3,233,221,3.665714285714286
1284,2,2475,4,234,222,3.6685714285714286
1285,3,2695,5,235,223,3.6714285714285713
1286,4,1495,6,236,224,3.6742857142857144
1287,5,2341,7,237,225,3.677142857142857
1288,6,371,8,238,226,3.68
1289,7,1438,9,239,227,3.682857142857143
1290,1,3799,10,240,228,3.6857142857142855
1291,2,3600,11,241,229,3.6885714285714286
1292,3,2710,12,242,230,3.6914285714285713
1293,4,660,13,243,231,3.6942857142857144
1294,4,40,14,244,232,3.697142857142857
1295,5,2517,15,245,233,3.7
1296,6,4163,16,246,234,3.702857142857143
1297,7,96,17,247,235,3.7057142857142855
1298,1,3605,18,248,236,3.7085714285714286
1299,2,2784,19,249,237,3.7114285714285713
1300,3,2493,20,250,238,3.7142857142857144
1301,4,1835,21,251,239,3.717142857142857
1302,5,1680,22,252,240,3.72
1303,6,780,23,253,241,3.722857142857143
1304,1,1413,24,254,242,3.7257142857142855
1305,2,2363,25,255,243,3.7285714285714286
1306,3,1691,26,256,244,3.7314285714285713
1307,4,1433,27,257,245,3.7342857142857144
