0,1,2,3,4,5,6,7,8,9,10,11,12,13,14,15,16,17,18,19,20,date,day_of_week,cnt
1.0,1032.0,4.0,3.0,2016.0,14.0,1065024.0,4128.0,3096.0,2080512.0,14448.0,16.0,12.0,8064.0,56.0,9.0,6048.0,42.0,4064256.0,28224.0,196.0,1032.0,4.0,510
1.0,1033.0,5.0,3.0,2016.0,15.0,1067089.0,5165.0,3099.0,2082528.0,15495.0,25.0,15.0,10080.0,75.0,9.0,6048.0,45.0,4064256.0,30240.0,225.0,1033.0,5.0,2050
1.0,1034.0,6.0,3.0,2016.0,16.0,1069156.0,6204.0,3102.0,2084544.0,16544.0,36.0,18.0,12096.0,96.0,9.0,6048.0,48.0,4064256.0,32256.0,256.0,1034.0,6.0,388
1.0,1035.0,1.0,3.0,2016.0,18.0,1071225.0,1035.0,3105.0,2086560.0,18630.0,1.0,3.0,2016.0,18.0,9.0,6048.0,54.0,4064256.0,36288.0,324.0,1035.0,1.0,2550
1.0,1036.0,2.0,3.0,2016.0,19.0,1073296.0,2072.0,3108.0,2088576.0,19684.0,4.0,6.0,4032.0,38.0,9.0,6048.0,57.0,4064256.0,38304.0,361.0,1036.0,2.0,2899
1.0,1037.0,3.0,3.0,2016.0,20.0,1075369.0,3111.0,3111.0,2090592.0,20740.0,9.0,9.0,6048.0,60.0,9.0,6048.0,60.0,4064256.0,40320.0,400.0,1037.0,3.0,1640
1.0,1038.0,4.0,3.0,2016.0,21.0,1077444.0,4152.0,3114.0,2092608.0,21798.0,16.0,12.0,8064.0,84.0,9.0,6048.0,63.0,4064256.0,42336.0,441.0,1038.0,4.0,1531
1.0,1039.0,5.0,3.0,2016.0,22.0,1079521.0,5195.0,3117.0,2094624.0,22858.0,25.0,15.0,10080.0,110.0,9.0,6048.0,66.0,4064256.0,44352.0,484.0,1039.0,5.0,2309
1.0,1040.0,6.0,3.0,2016.0,23.0,1081600.0,6240.0,3120.0,2096640.0,23920.0,36.0,18.0,12096.0,138.0,9.0,6048.0,69.0,4064256.0,46368.0,529.0,1040.0,6.0,154
1.0,1041.0,1.0,3.0,2016.0,25.0,1083681.0,1041.0,3123.0,2098656.0,26025.0,1.0,3.0,2016.0,25.0,9.0,6048.0,75.0,4064256.0,50400.0,625.0,1041.0,1.0,2563
1.0,1042.0,2.0,3.0,2016.0,26.0,1085764.0,2084.0,3126.0,2100672.0,27092.0,4.0,6.0,4032.0,52.0,9.0,6048.0,78.0,4064256.0,52416.0,676.0,1042.0,2.0,2251
1.0,1043.0,3.0,3.0,2016.0,27.0,1087849.0,3129.0,3129.0,2102688.0,28161.0,9.0,9.0,6048.0,81.0,9.0,6048.0,81.0,4064256.0,54432.0,729.0,1043.0,3.0,1819
1.0,1044.0,4.0,3.0,2016.0,28.0,1089936.0,4176.0,3132.0,2104704.0,29232.0,16.0,12.0,8064.0,112.0,9.0,6048.0,84.0,4064256.0,56448.0,784.0,1044.0,4.0,1471
1.0,1045.0,5.0,3.0,2016.0,29.0,1092025.0,5225.0,3135.0,2106720.0,30305.0,25.0,15.0,10080.0,145.0,9.0,6048.0,87.0,4064256.0,58464.0,841.0,1045.0,5.0,1998
1.0,1046.0,6.0,3.0,2016.0,30.0,1094116.0,6276.0,3138.0,2108736.0,31380.0,36.0,18.0,12096.0,180.0,9.0,6048.0,90.0,4064256.0,60480.0,900.0,1046.0,6.0,399
1.0,1047.0,1.0,4.0,2016.0,1.0,1096209.0,1047.0,4188.0,2110752.0,1047.0,1.0,4.0,2016.0,1.0,16.0,8064.0,4.0,4064256.0,2016.0,1.0,1047.0,1.0,2130
1.0,1048.0,2.0,4.0,2016.0,2.0,1098304.0,2096.0,4192.0,2112768.0,2096.0,4.0,8.0,4032.0,4.0,16.0,8064.0,8.0,4064256.0,4032.0,4.0,1048.0,2.0,2918
1.0,1049.0,3.0,4.0,2016.0,3.0,1100401.0,3147.0,4196.0,2114784.0,3147.0,9.0,12.0,6048.0,9.0,16.0,8064.0,12.0,4064256.0,6048.0,9.0,1049.0,3.0,1983
1.0,1050.0,4.0,4.0,2016.0,4.0,1102500.0,4200.0,4200.0,2116800.0,4200.0,16.0,16.0,8064.0,16.0,16.0,8064.0,16.0,4064256.0,8064.0,16.0,1050.0,4.0,2149
1.0,1051.0,5.0,4.0,2016.0,5.0,1104601.0,5255.0,4204.0,2118816.0,5255.0,25.0,20.0,10080.0,25.0,16.0,8064.0,20.0,4064256.0,10080.0,25.0,1051.0,5.0,2669
1.0,1052.0,6.0,4.0,2016.0,6.0,1106704.0,6312.0,4208.0,2120832.0,6312.0,36.0,24.0,12096.0,36.0,16.0,8064.0,24.0,4064256.0,12096.0,36.0,1052.0,6.0,41
1.0,1053.0,2.0,4.0,2016.0,9.0,1108809.0,2106.0,4212.0,2122848.0,9477.0,4.0,8.0,4032.0,18.0,16.0,8064.0,36.0,4064256.0,18144.0,81.0,1053.0,2.0,3724
1.0,1054.0,3.0,4.0,2016.0,10.0,1110916.0,3162.0,4216.0,2124864.0,10540.0,9.0,12.0,6048.0,30.0,16.0,8064.0,40.0,4064256.0,20160.0,100.0,1054.0,3.0,3311
1.0,1055.0,4.0,4.0,2016.0,11.0,1113025.0,4220.0,4220.0,2126880.0,11605.0,16.0,16.0,8064.0,44.0,16.0,8064.0,44.0,4064256.0,22176.0,121.0,1055.0,4.0,1801
1.0,1056.0,5.0,4.0,2016.0,12.0,1115136.0,5280.0,4224.0,2128896.0,12672.0,25.0,20.0,10080.0,60.0,16.0,8064.0,48.0,4064256.0,24192.0,144.0,1056.0,5.0,2318
1.0,1057.0,6.0,4.0,2016.0,13.0,1117249.0,6342.0,4228.0,2130912.0,13741.0,36.0,24.0,12096.0,78.0,16.0,8064.0,52.0,4064256.0,26208.0,169.0,1057.0,6.0,693
1.0,1058.0,1.0,4.0,2016.0,15.0,1119364.0,1058.0,4232.0,2132928.0,15870.0,1.0,4.0,2016.0,15.0,16.0,8064.0,60.0,4064256.0,30240.0,225.0,1058.0,1.0,2615
1.0,1059.0,2.0,4.0,2016.0,16.0,1121481.0,2118.0,4236.0,2134944.0,16944.0,4.0,8.0,4032.0,32.0,16.0,8064.0,64.0,4064256.0,32256.0,256.0,1059.0,2.0,2726
1.0,1060.0,3.0,4.0,2016.0,17.0,1123600.0,3180.0,4240.0,2136960.0,18020.0,9.0,12.0,6048.0,51.0,16.0,8064.0,68.0,4064256.0,34272.0,289.0,1060.0,3.0,2094
1.0,1061.0,4.0,4.0,2016.0,18.0,1125721.0,4244.0,4244.0,2138976.0,19098.0,16.0,16.0,8064.0,72.0,16.0,8064.0,72.0,4064256.0,36288.0,324.0,1061.0,4.0,2225
1.0,1062.0,5.0,4.0,2016.0,19.0,1127844.0,5310.0,4248.0,2140992.0,20178.0,25.0,20.0,10080.0,95.0,16.0,8064.0,76.0,4064256.0,38304.0,361.0,1062.0,5.0,1476
1.0,1063.0,6.0,4.0,2016.0,20.0,1129969.0,6378.0,4252.0,2143008.0,21260.0,36.0,24.0,12096.0,120.0,16.0,8064.0,80.0,4064256.0,40320.0,400.0,1063.0,6.0,765
1.0,1064.0,1.0,4.0,2016.0,22.0,1132096.0,1064.0,4256.0,2145024.0,23408.0,1.0,4.0,2016.0,22.0,16.0,8064.0,88.0,4064256.0,44352.0,484.0,1064.0,1.0,2691
1.0,1065.0,2.0,4.0,2016.0,23.0,1134225.0,2130.0,4260.0,2147040.0,24495.0,4.0,8.0,4032.0,46.0,16.0,8064.0,92.0,4064256.0,46368.0,529.0,1065.0,2.0,1966
1.0,1066.0,3.0,4.0,2016.0,24.0,1136356.0,3198.0,4264.0,2149056.0,25584.0,9.0,12.0,6048.0,72.0,16.0,8064.0,96.0,4064256.0,48384.0,576.0,1066.0,3.0,2752
1.0,1067.0,4.0,4.0,2016.0,25.0,1138489.0,4268.0,4268.0,2151072.0,26675.0,16.0,16.0,8064.0,100.0,16.0,8064.0,100.0,4064256.0,50400.0,625.0,1067.0,4.0,1620
1.0,1068.0,5.0,4.0,2016.0,26.0,1140624.0,5340.0,4272.0,2153088.0,27768.0,25.0,20.0,10080.0,130.0,16.0,8064.0,104.0,4064256.0,52416.0,676.0,1068.0,5.0,1516
1.0,1069.0,6.0,4.0,2016.0,27.0,1142761.0,6414.0,4276.0,2155104.0,28863.0,36.0,24.0,12096.0,162.0,16.0,8064.0,108.0,4064256.0,54432.0,729.0,1069.0,6.0,757
1.0,1070.0,1.0,4.0,2016.0,29.0,1144900.0,1070.0,4280.0,2157120.0,31030.0,1.0,4.0,2016.0,29.0,16.0,8064.0,116.0,4064256.0,58464.0,841.0,1070.0,1.0,2070
1.0,1071.0,2.0,4.0,2016.0,30.0,1147041.0,2142.0,4284.0,2159136.0,32130.0,4.0,8.0,4032.0,60.0,16.0,8064.0,120.0,4064256.0,60480.0,900.0,1071.0,2.0,2603
1.0,1072.0,3.0,5.0,2016.0,1.0,1149184.0,3216.0,5360.0,2161152.0,1072.0,9.0,15.0,6048.0,3.0,25.0,10080.0,5.0,4064256.0,2016.0,1.0,1072.0,3.0,1796
1.0,1073.0,4.0,5.0,2016.0,2.0,1151329.0,4292.0,5365.0,2163168.0,2146.0,16.0,20.0,8064.0,8.0,25.0,10080.0,10.0,4064256.0,4032.0,4.0,1073.0,4.0,1669
1.0,1074.0,5.0,5.0,2016.0,3.0,1153476.0,5370.0,5370.0,2165184.0,3222.0,25.0,25.0,10080.0,15.0,25.0,10080.0,15.0,4064256.0,6048.0,9.0,1074.0,5.0,2068
1.0,1075.0,6.0,5.0,2016.0,4.0,1155625.0,6450.0,5375.0,2167200.0,4300.0,36.0,30.0,12096.0,24.0,25.0,10080.0,20.0,4064256.0,8064.0,16.0,1075.0,6.0,389
1.0,1076.0,1.0,5.0,2016.0,6.0,1157776.0,1076.0,5380.0,2169216.0,6456.0,1.0,5.0,2016.0,6.0,25.0,10080.0,30.0,4064256.0,12096.0,36.0,1076.0,1.0,2309
1.0,1077.0,2.0,5.0,2016.0,7.0,1159929.0,2154.0,5385.0,2171232.0,7539.0,4.0,10.0,4032.0,14.0,25.0,10080.0,35.0,4064256.0,14112.0,49.0,1077.0,2.0,1916
1.0,1078.0,3.0,5.0,2016.0,8.0,1162084.0,3234.0,5390.0,2173248.0,8624.0,9.0,15.0,6048.0,24.0,25.0,10080.0,40.0,4064256.0,16128.0,64.0,1078.0,3.0,2190
1.0,1079.0,4.0,5.0,2016.0,9.0,1164241.0,4316.0,5395.0,2175264.0,9711.0,16.0,20.0,8064.0,36.0,25.0,10080.0,45.0,4064256.0,18144.0,81.0,1079.0,4.0,1796
1.0,1080.0,5.0,5.0,2016.0,10.0,1166400.0,5400.0,5400.0,2177280.0,10800.0,25.0,25.0,10080.0,50.0,25.0,10080.0,50.0,4064256.0,20160.0,100.0,1080.0,5.0,1939
1.0,1081.0,6.0,5.0,2016.0,11.0,1168561.0,6486.0,5405.0,2179296.0,11891.0,36.0,30.0,12096.0,66.0,25.0,10080.0,55.0,4064256.0,22176.0,121.0,1081.0,6.0,539
1.0,1082.0,1.0,5.0,2016.0,13.0,1170724.0,1082.0,5410.0,2181312.0,14066.0,1.0,5.0,2016.0,13.0,25.0,10080.0,65.0,4064256.0,26208.0,169.0,1082.0,1.0,2809
1.0,1083.0,2.0,5.0,2016.0,14.0,1172889.0,2166.0,5415.0,2183328.0,15162.0,4.0,10.0,4032.0,28.0,25.0,10080.0,70.0,4064256.0,28224.0,196.0,1083.0,2.0,1985
1.0,1084.0,3.0,5.0,2016.0,15.0,1175056.0,3252.0,5420.0,2185344.0,16260.0,9.0,15.0,6048.0,45.0,25.0,10080.0,75.0,4064256.0,30240.0,225.0,1084.0,3.0,2824
1.0,1085.0,4.0,5.0,2016.0,16.0,1177225.0,4340.0,5425.0,2187360.0,17360.0,16.0,20.0,8064.0,64.0,25.0,10080.0,80.0,4064256.0,32256.0,256.0,1085.0,4.0,35
1.0,1086.0,6.0,5.0,2016.0,17.0,1179396.0,6516.0,5430.0,2189376.0,18462.0,36.0,30.0,12096.0,102.0,25.0,10080.0,85.0,4064256.0,34272.0,289.0,1086.0,6.0,50
1.0,1087.0,7.0,5.0,2016.0,18.0,1181569.0,7609.0,5435.0,2191392.0,19566.0,49.0,35.0,14112.0,126.0,25.0,10080.0,90.0,4064256.0,36288.0,324.0,1087.0,7.0,2324
1.0,1088.0,1.0,5.0,2016.0,19.0,1183744.0,1088.0,5440.0,2193408.0,20672.0,1.0,5.0,2016.0,19.0,25.0,10080.0,95.0,4064256.0,38304.0,361.0,1088.0,1.0,1900
1.0,1089.0,2.0,5.0,2016.0,20.0,1185921.0,2178.0,5445.0,2195424.0,21780.0,4.0,10.0,4032.0,40.0,25.0,10080.0,100.0,4064256.0,40320.0,400.0,1089.0,2.0,1854
1.0,1090.0,3.0,5.0,2016.0,21.0,1188100.0,3270.0,5450.0,2197440.0,22890.0,9.0,15.0,6048.0,63.0,25.0,10080.0,105.0,4064256.0,42336.0,441.0,1090.0,3.0,1832
1.0,1091.0,4.0,5.0,2016.0,22.0,1190281.0,4364.0,5455.0,2199456.0,24002.0,16.0,20.0,8064.0,88.0,25.0,10080.0,110.0,4064256.0,44352.0,484.0,1091.0,4.0,1309
1.0,1092.0,5.0,5.0,2016.0,23.0,1192464.0,5460.0,5460.0,2201472.0,25116.0,25.0,25.0,10080.0,115.0,25.0,10080.0,115.0,4064256.0,46368.0,529.0,1092.0,5.0,1578
1.0,1093.0,6.0,5.0,2016.0,24.0,1194649.0,6558.0,5465.0,2203488.0,26232.0,36.0,30.0,12096.0,144.0,25.0,10080.0,120.0,4064256.0,48384.0,576.0,1093.0,6.0,524
1.0,1094.0,7.0,5.0,2016.0,25.0,1196836.0,7658.0,5470.0,2205504.0,27350.0,49.0,35.0,14112.0,175.0,25.0,10080.0,125.0,4064256.0,50400.0,625.0,1094.0,7.0,15
1.0,1095.0,1.0,5.0,2016.0,26.0,1199025.0,1095.0,5475.0,2207520.0,28470.0,1.0,5.0,2016.0,26.0,25.0,10080.0,130.0,4064256.0,52416.0,676.0,1095.0,1.0,1956
1.0,1096.0,2.0,5.0,2016.0,27.0,1201216.0,2192.0,5480.0,2209536.0,29592.0,4.0,10.0,4032.0,54.0,25.0,10080.0,135.0,4064256.0,54432.0,729.0,1096.0,2.0,1805
1.0,1097.0,3.0,5.0,2016.0,28.0,1203409.0,3291.0,5485.0,2211552.0,30716.0,9.0,15.0,6048.0,84.0,25.0,10080.0,140.0,4064256.0,56448.0,784.0,1097.0,3.0,2287
1.0,1098.0,4.0,5.0,2016.0,29.0,1205604.0,4392.0,5490.0,2213568.0,31842.0,16.0,20.0,8064.0,116.0,25.0,10080.0,145.0,4064256.0,58464.0,841.0,1098.0,4.0,1057
1.0,1099.0,5.0,5.0,2016.0,30.0,1207801.0,5495.0,5495.0,2215584.0,32970.0,25.0,25.0,10080.0,150.0,25.0,10080.0,150.0,4064256.0,60480.0,900.0,1099.0,5.0,1499
1.0,1100.0,6.0,5.0,2016.0,31.0,1210000.0,6600.0,5500.0,2217600.0,34100.0,36.0,30.0,12096.0,186.0,25.0,10080.0,155.0,4064256.0,62496.0,961.0,1100.0,6.0,591
1.0,1101.0,1.0,6.0,2016.0,2.0,1212201.0,1101.0,6606.0,2219616.0,2202.0,1.0,6.0,2016.0,2.0,36.0,12096.0,12.0,4064256.0,4032.0,4.0,1101.0,1.0,2120
1.0,1102.0,2.0,6.0,2016.0,3.0,1214404.0,2204.0,6612.0,2221632.0,3306.0,4.0,12.0,4032.0,6.0,36.0,12096.0,18.0,4064256.0,6048.0,9.0,1102.0,2.0,2545
1.0,1103.0,3.0,6.0,2016.0,4.0,1216609.0,3309.0,6618.0,2223648.0,4412.0,9.0,18.0,6048.0,12.0,36.0,12096.0,24.0,4064256.0,8064.0,16.0,1103.0,3.0,2107
1.0,1104.0,4.0,6.0,2016.0,5.0,1218816.0,4416.0,6624.0,2225664.0,5520.0,16.0,24.0,8064.0,20.0,36.0,12096.0,30.0,4064256.0,10080.0,25.0,1104.0,4.0,1568
1.0,1105.0,5.0,6.0,2016.0,6.0,1221025.0,5525.0,6630.0,2227680.0,6630.0,25.0,30.0,10080.0,30.0,36.0,12096.0,36.0,4064256.0,12096.0,36.0,1105.0,5.0,1321
1.0,1106.0,6.0,6.0,2016.0,7.0,1223236.0,6636.0,6636.0,2229696.0,7742.0,36.0,36.0,12096.0,42.0,36.0,12096.0,42.0,4064256.0,14112.0,49.0,1106.0,6.0,631
1.0,1107.0,1.0,6.0,2016.0,9.0,1225449.0,1107.0,6642.0,2231712.0,9963.0,1.0,6.0,2016.0,9.0,36.0,12096.0,54.0,4064256.0,18144.0,81.0,1107.0,1.0,2034
1.0,1108.0,2.0,6.0,2016.0,10.0,1227664.0,2216.0,6648.0,2233728.0,11080.0,4.0,12.0,4032.0,20.0,36.0,12096.0,60.0,4064256.0,20160.0,100.0,1108.0,2.0,2409
1.0,1109.0,3.0,6.0,2016.0,11.0,1229881.0,3327.0,6654.0,2235744.0,12199.0,9.0,18.0,6048.0,33.0,36.0,12096.0,66.0,4064256.0,22176.0,121.0,1109.0,3.0,2008
1.0,1110.0,4.0,6.0,2016.0,12.0,1232100.0,4440.0,6660.0,2237760.0,13320.0,16.0,24.0,8064.0,48.0,36.0,12096.0,72.0,4064256.0,24192.0,144.0,1110.0,4.0,1118
1.0,1111.0,5.0,6.0,2016.0,13.0,1234321.0,5555.0,6666.0,2239776.0,14443.0,25.0,30.0,10080.0,65.0,36.0,12096.0,78.0,4064256.0,26208.0,169.0,1111.0,5.0,1958
1.0,1112.0,6.0,6.0,2016.0,14.0,1236544.0,6672.0,6672.0,2241792.0,15568.0,36.0,36.0,12096.0,84.0,36.0,12096.0,84.0,4064256.0,28224.0,196.0,1112.0,6.0,614
1.0,1113.0,1.0,6.0,2016.0,16.0,1238769.0,1113.0,6678.0,2243808.0,17808.0,1.0,6.0,2016.0,16.0,36.0,12096.0,96.0,4064256.0,32256.0,256.0,1113.0,1.0,2076
1.0,1114.0,2.0,6.0,2016.0,17.0,1240996.0,2228.0,6684.0,2245824.0,18938.0,4.0,12.0,4032.0,34.0,36.0,12096.0,102.0,4064256.0,34272.0,289.0,1114.0,2.0,1936
1.0,1115.0,3.0,6.0,2016.0,18.0,1243225.0,3345.0,6690.0,2247840.0,20070.0,9.0,18.0,6048.0,54.0,36.0,12096.0,108.0,4064256.0,36288.0,324.0,1115.0,3.0,1804
1.0,1116.0,4.0,6.0,2016.0,19.0,1245456.0,4464.0,6696.0,2249856.0,21204.0,16.0,24.0,8064.0,76.0,36.0,12096.0,114.0,4064256.0,38304.0,361.0,1116.0,4.0,1514
1.0,1117.0,5.0,6.0,2016.0,20.0,1247689.0,5585.0,6702.0,2251872.0,22340.0,25.0,30.0,10080.0,100.0,36.0,12096.0,120.0,4064256.0,40320.0,400.0,1117.0,5.0,1939
1.0,1118.0,6.0,6.0,2016.0,21.0,1249924.0,6708.0,6708.0,2253888.0,23478.0,36.0,36.0,12096.0,126.0,36.0,12096.0,126.0,4064256.0,42336.0,441.0,1118.0,6.0,545
1.0,1119.0,1.0,6.0,2016.0,23.0,1252161.0,1119.0,6714.0,2255904.0,25737.0,1.0,6.0,2016.0,23.0,36.0,12096.0,138.0,4064256.0,46368.0,529.0,1119.0,1.0,2041
1.0,1120.0,2.0,6.0,2016.0,24.0,1254400.0,2240.0,6720.0,2257920.0,26880.0,4.0,12.0,4032.0,48.0,36.0,12096.0,144.0,4064256.0,48384.0,576.0,1120.0,2.0,2619
1.0,1121.0,3.0,6.0,2016.0,25.0,1256641.0,3363.0,6726.0,2259936.0,28025.0,9.0,18.0,6048.0,75.0,36.0,12096.0,150.0,4064256.0,50400.0,625.0,1121.0,3.0,2418
1.0,1122.0,4.0,6.0,2016.0,26.0,1258884.0,4488.0,6732.0,2261952.0,29172.0,16.0,24.0,8064.0,104.0,36.0,12096.0,156.0,4064256.0,52416.0,676.0,1122.0,4.0,1643
1.0,1123.0,5.0,6.0,2016.0,27.0,1261129.0,5615.0,6738.0,2263968.0,30321.0,25.0,30.0,10080.0,135.0,36.0,12096.0,162.0,4064256.0,54432.0,729.0,1123.0,5.0,1848
1.0,1124.0,6.0,6.0,2016.0,28.0,1263376.0,6744.0,6744.0,2265984.0,31472.0,36.0,36.0,12096.0,168.0,36.0,12096.0,168.0,4064256.0,56448.0,784.0,1124.0,6.0,798
1.0,1125.0,1.0,6.0,2016.0,30.0,1265625.0,1125.0,6750.0,2268000.0,33750.0,1.0,6.0,2016.0,30.0,36.0,12096.0,180.0,4064256.0,60480.0,900.0,1125.0,1.0,2312
1.0,1126.0,2.0,7.0,2016.0,1.0,1267876.0,2252.0,7882.0,2270016.0,1126.0,4.0,14.0,4032.0,2.0,49.0,14112.0,7.0,4064256.0,2016.0,1.0,1126.0,2.0,2555
1.0,1127.0,3.0,7.0,2016.0,2.0,1270129.0,3381.0,7889.0,2272032.0,2254.0,9.0,21.0,6048.0,6.0,49.0,14112.0,14.0,4064256.0,4032.0,4.0,1127.0,3.0,1954
1.0,1128.0,4.0,7.0,2016.0,3.0,1272384.0,4512.0,7896.0,2274048.0,3384.0,16.0,28.0,8064.0,12.0,49.0,14112.0,21.0,4064256.0,6048.0,9.0,1128.0,4.0,1663
1.0,1129.0,5.0,7.0,2016.0,4.0,1274641.0,5645.0,7903.0,2276064.0,4516.0,25.0,35.0,10080.0,20.0,49.0,14112.0,28.0,4064256.0,8064.0,16.0,1129.0,5.0,2019
1.0,1130.0,6.0,7.0,2016.0,5.0,1276900.0,6780.0,7910.0,2278080.0,5650.0,36.0,42.0,12096.0,30.0,49.0,14112.0,35.0,4064256.0,10080.0,25.0,1130.0,6.0,511
1.0,1131.0,1.0,7.0,2016.0,7.0,1279161.0,1131.0,7917.0,2280096.0,7917.0,1.0,7.0,2016.0,7.0,49.0,14112.0,49.0,4064256.0,14112.0,49.0,1131.0,1.0,2770
1.0,1132.0,2.0,7.0,2016.0,8.0,1281424.0,2264.0,7924.0,2282112.0,9056.0,4.0,14.0,4032.0,16.0,49.0,14112.0,56.0,4064256.0,16128.0,64.0,1132.0,2.0,2175
1.0,1133.0,3.0,7.0,2016.0,9.0,1283689.0,3399.0,7931.0,2284128.0,10197.0,9.0,21.0,6048.0,27.0,49.0,14112.0,63.0,4064256.0,18144.0,81.0,1133.0,3.0,1697
1.0,1134.0,4.0,7.0,2016.0,10.0,1285956.0,4536.0,7938.0,2286144.0,11340.0,16.0,28.0,8064.0,40.0,49.0,14112.0,70.0,4064256.0,20160.0,100.0,1134.0,4.0,1532
1.0,1135.0,5.0,7.0,2016.0,11.0,1288225.0,5675.0,7945.0,2288160.0,12485.0,25.0,35.0,10080.0,55.0,49.0,14112.0,77.0,4064256.0,22176.0,121.0,1135.0,5.0,2045
1.0,1136.0,6.0,7.0,2016.0,12.0,1290496.0,6816.0,7952.0,2290176.0,13632.0,36.0,42.0,12096.0,72.0,49.0,14112.0,84.0,4064256.0,24192.0,144.0,1136.0,6.0,601
1.0,1137.0,1.0,7.0,2016.0,14.0,1292769.0,1137.0,7959.0,2292192.0,15918.0,1.0,7.0,2016.0,14.0,49.0,14112.0,98.0,4064256.0,28224.0,196.0,1137.0,1.0,2898
1.0,1138.0,2.0,7.0,2016.0,15.0,1295044.0,2276.0,7966.0,2294208.0,17070.0,4.0,14.0,4032.0,30.0,49.0,14112.0,105.0,4064256.0,30240.0,225.0,1138.0,2.0,2255
1.0,1139.0,3.0,7.0,2016.0,16.0,1297321.0,3417.0,7973.0,2296224.0,18224.0,9.0,21.0,6048.0,48.0,49.0,14112.0,112.0,4064256.0,32256.0,256.0,1139.0,3.0,2637
1.0,1140.0,4.0,7.0,2016.0,17.0,1299600.0,4560.0,7980.0,2298240.0,19380.0,16.0,28.0,8064.0,68.0,49.0,14112.0,119.0,4064256.0,34272.0,289.0,1140.0,4.0,1675
1.0,1141.0,5.0,7.0,2016.0,18.0,1301881.0,5705.0,7987.0,2300256.0,20538.0,25.0,35.0,10080.0,90.0,49.0,14112.0,126.0,4064256.0,36288.0,324.0,1141.0,5.0,2360
1.0,1142.0,6.0,7.0,2016.0,19.0,1304164.0,6852.0,7994.0,2302272.0,21698.0,36.0,42.0,12096.0,114.0,49.0,14112.0,133.0,4064256.0,38304.0,361.0,1142.0,6.0,585
1.0,1143.0,1.0,7.0,2016.0,21.0,1306449.0,1143.0,8001.0,2304288.0,24003.0,1.0,7.0,2016.0,21.0,49.0,14112.0,147.0,4064256.0,42336.0,441.0,1143.0,1.0,3134
1.0,1144.0,2.0,7.0,2016.0,22.0,1308736.0,2288.0,8008.0,2306304.0,25168.0,4.0,14.0,4032.0,44.0,49.0,14112.0,154.0,4064256.0,44352.0,484.0,1144.0,2.0,2296
1.0,1145.0,3.0,7.0,2016.0,23.0,1311025.0,3435.0,8015.0,2308320.0,26335.0,9.0,21.0,6048.0,69.0,49.0,14112.0,161.0,4064256.0,46368.0,529.0,1145.0,3.0,1489
1.0,1146.0,4.0,7.0,2016.0,24.0,1313316.0,4584.0,8022.0,2310336.0,27504.0,16.0,28.0,8064.0,96.0,49.0,14112.0,168.0,4064256.0,48384.0,576.0,1146.0,4.0,2542
1.0,1147.0,5.0,7.0,2016.0,25.0,1315609.0,5735.0,8029.0,2312352.0,28675.0,25.0,35.0,10080.0,125.0,49.0,14112.0,175.0,4064256.0,50400.0,625.0,1147.0,5.0,1817
1.0,1148.0,6.0,7.0,2016.0,26.0,1317904.0,6888.0,8036.0,2314368.0,29848.0,36.0,42.0,12096.0,156.0,49.0,14112.0,182.0,4064256.0,52416.0,676.0,1148.0,6.0,691
1.0,1149.0,7.0,7.0,2016.0,27.0,1320201.0,8043.0,8043.0,2316384.0,31023.0,49.0,49.0,14112.0,189.0,49.0,14112.0,189.0,4064256.0,54432.0,729.0,1149.0,7.0,24
1.0,1150.0,1.0,7.0,2016.0,28.0,1322500.0,1150.0,8050.0,2318400.0,32200.0,1.0,7.0,2016.0,28.0,49.0,14112.0,196.0,4064256.0,56448.0,784.0,1150.0,1.0,2637
1.0,1151.0,2.0,7.0,2016.0,29.0,1324801.0,2302.0,8057.0,2320416.0,33379.0,4.0,14.0,4032.0,58.0,49.0,14112.0,203.0,4064256.0,58464.0,841.0,1151.0,2.0,2834
1.0,1152.0,3.0,7.0,2016.0,30.0,1327104.0,3456.0,8064.0,2322432.0,34560.0,9.0,21.0,6048.0,90.0,49.0,14112.0,210.0,4064256.0,60480.0,900.0,1152.0,3.0,1908
1.0,1153.0,4.0,7.0,2016.0,31.0,1329409.0,4612.0,8071.0,2324448.0,35743.0,16.0,28.0,8064.0,124.0,49.0,14112.0,217.0,4064256.0,62496.0,961.0,1153.0,4.0,1841
1.0,1154.0,5.0,8.0,2016.0,1.0,1331716.0,5770.0,9232.0,2326464.0,1154.0,25.0,40.0,10080.0,5.0,64.0,16128.0,8.0,4064256.0,2016.0,1.0,1154.0,5.0,2643
1.0,1155.0,6.0,8.0,2016.0,2.0,1334025.0,6930.0,9240.0,2328480.0,2310.0,36.0,48.0,12096.0,12.0,64.0,16128.0,16.0,4064256.0,4032.0,4.0,1155.0,6.0,772
1.0,1156.0,1.0,8.0,2016.0,4.0,1336336.0,1156.0,9248.0,2330496.0,4624.0,1.0,8.0,2016.0,4.0,64.0,16128.0,32.0,4064256.0,8064.0,16.0,1156.0,1.0,2453
1.0,1157.0,2.0,8.0,2016.0,5.0,1338649.0,2314.0,9256.0,2332512.0,5785.0,4.0,16.0,4032.0,10.0,64.0,16128.0,40.0,4064256.0,10080.0,25.0,1157.0,2.0,2602
1.0,1158.0,3.0,8.0,2016.0,6.0,1340964.0,3474.0,9264.0,2334528.0,6948.0,9.0,24.0,6048.0,18.0,64.0,16128.0,48.0,4064256.0,12096.0,36.0,1158.0,3.0,1754
1.0,1159.0,4.0,8.0,2016.0,7.0,1343281.0,4636.0,9272.0,2336544.0,8113.0,16.0,32.0,8064.0,28.0,64.0,16128.0,56.0,4064256.0,14112.0,49.0,1159.0,4.0,1579
1.0,1160.0,5.0,8.0,2016.0,8.0,1345600.0,5800.0,9280.0,2338560.0,9280.0,25.0,40.0,10080.0,40.0,64.0,16128.0,64.0,4064256.0,16128.0,64.0,1160.0,5.0,1913
1.0,1161.0,6.0,8.0,2016.0,9.0,1347921.0,6966.0,9288.0,2340576.0,10449.0,36.0,48.0,12096.0,54.0,64.0,16128.0,72.0,4064256.0,18144.0,81.0,1161.0,6.0,857
1.0,1162.0,7.0,8.0,2016.0,10.0,1350244.0,8134.0,9296.0,2342592.0,11620.0,49.0,56.0,14112.0,70.0,64.0,16128.0,80.0,4064256.0,20160.0,100.0,1162.0,7.0,15
1.0,1163.0,1.0,8.0,2016.0,11.0,1352569.0,1163.0,9304.0,2344608.0,12793.0,1.0,8.0,2016.0,11.0,64.0,16128.0,88.0,4064256.0,22176.0,121.0,1163.0,1.0,2325
1.0,1164.0,2.0,8.0,2016.0,12.0,1354896.0,2328.0,9312.0,2346624.0,13968.0,4.0,16.0,4032.0,24.0,64.0,16128.0,96.0,4064256.0,24192.0,144.0,1164.0,2.0,2851
1.0,1165.0,3.0,8.0,2016.0,13.0,1357225.0,3495.0,9320.0,2348640.0,15145.0,9.0,24.0,6048.0,39.0,64.0,16128.0,104.0,4064256.0,26208.0,169.0,1165.0,3.0,1922
1.0,1166.0,4.0,8.0,2016.0,14.0,1359556.0,4664.0,9328.0,2350656.0,16324.0,16.0,32.0,8064.0,56.0,64.0,16128.0,112.0,4064256.0,28224.0,196.0,1166.0,4.0,1727
1.0,1167.0,5.0,8.0,2016.0,15.0,1361889.0,5835.0,9336.0,2352672.0,17505.0,25.0,40.0,10080.0,75.0,64.0,16128.0,120.0,4064256.0,30240.0,225.0,1167.0,5.0,1555
1.0,1168.0,6.0,8.0,2016.0,16.0,1364224.0,7008.0,9344.0,2354688.0,18688.0,36.0,48.0,12096.0,96.0,64.0,16128.0,128.0,4064256.0,32256.0,256.0,1168.0,6.0,678
1.0,1169.0,1.0,8.0,2016.0,18.0,1366561.0,1169.0,9352.0,2356704.0,21042.0,1.0,8.0,2016.0,18.0,64.0,16128.0,144.0,4064256.0,36288.0,324.0,1169.0,1.0,2886
1.0,1170.0,2.0,8.0,2016.0,19.0,1368900.0,2340.0,9360.0,2358720.0,22230.0,4.0,16.0,4032.0,38.0,64.0,16128.0,152.0,4064256.0,38304.0,361.0,1170.0,2.0,3450
1.0,1171.0,3.0,8.0,2016.0,20.0,1371241.0,3513.0,9368.0,2360736.0,23420.0,9.0,24.0,6048.0,60.0,64.0,16128.0,160.0,4064256.0,40320.0,400.0,1171.0,3.0,2893
1.0,1172.0,4.0,8.0,2016.0,21.0,1373584.0,4688.0,9376.0,2362752.0,24612.0,16.0,32.0,8064.0,84.0,64.0,16128.0,168.0,4064256.0,42336.0,441.0,1172.0,4.0,21
1.0,1173.0,6.0,8.0,2016.0,22.0,1375929.0,7038.0,9384.0,2364768.0,25806.0,36.0,48.0,12096.0,132.0,64.0,16128.0,176.0,4064256.0,44352.0,484.0,1173.0,6.0,28
1.0,1174.0,7.0,8.0,2016.0,23.0,1378276.0,8218.0,9392.0,2366784.0,27002.0,49.0,56.0,14112.0,161.0,64.0,16128.0,184.0,4064256.0,46368.0,529.0,1174.0,7.0,3371
1.0,1175.0,1.0,8.0,2016.0,24.0,1380625.0,1175.0,9400.0,2368800.0,28200.0,1.0,8.0,2016.0,24.0,64.0,16128.0,192.0,4064256.0,48384.0,576.0,1175.0,1.0,2536
1.0,1176.0,2.0,8.0,2016.0,25.0,1382976.0,2352.0,9408.0,2370816.0,29400.0,4.0,16.0,4032.0,50.0,64.0,16128.0,200.0,4064256.0,50400.0,625.0,1176.0,2.0,4636
1.0,1177.0,3.0,8.0,2016.0,26.0,1385329.0,3531.0,9416.0,2372832.0,30602.0,9.0,24.0,6048.0,78.0,64.0,16128.0,208.0,4064256.0,52416.0,676.0,1177.0,3.0,3747
1.0,1178.0,4.0,8.0,2016.0,27.0,1387684.0,4712.0,9424.0,2374848.0,31806.0,16.0,32.0,8064.0,108.0,64.0,16128.0,216.0,4064256.0,54432.0,729.0,1178.0,4.0,1030
1.0,1179.0,5.0,8.0,2016.0,28.0,1390041.0,5895.0,9432.0,2376864.0,33012.0,25.0,40.0,10080.0,140.0,64.0,16128.0,224.0,4064256.0,56448.0,784.0,1179.0,5.0,872
1.0,1180.0,6.0,8.0,2016.0,29.0,1392400.0,7080.0,9440.0,2378880.0,34220.0,36.0,48.0,12096.0,174.0,64.0,16128.0,232.0,4064256.0,58464.0,841.0,1180.0,6.0,250
1.0,1181.0,1.0,8.0,2016.0,31.0,1394761.0,1181.0,9448.0,2380896.0,36611.0,1.0,8.0,2016.0,31.0,64.0,16128.0,248.0,4064256.0,62496.0,961.0,1181.0,1.0,654
1.0,1182.0,2.0,9.0,2016.0,1.0,1397124.0,2364.0,10638.0,2382912.0,1182.0,4.0,18.0,4032.0,2.0,81.0,18144.0,9.0,4064256.0,2016.0,1.0,1182.0,2.0,512
1.0,1183.0,3.0,9.0,2016.0,2.0,1399489.0,3549.0,10647.0,2384928.0,2366.0,9.0,27.0,6048.0,6.0,81.0,18144.0,18.0,4064256.0,4032.0,4.0,1183.0,3.0,338
1.0,1184.0,4.0,9.0,2016.0,3.0,1401856.0,4736.0,10656.0,2386944.0,3552.0,16.0,36.0,8064.0,12.0,81.0,18144.0,27.0,4064256.0,6048.0,9.0,1184.0,4.0,124
1.0,1185.0,5.0,9.0,2016.0,4.0,1404225.0,5925.0,10665.0,2388960.0,4740.0,25.0,45.0,10080.0,20.0,81.0,18144.0,36.0,4064256.0,8064.0,16.0,1185.0,5.0,233
1.0,1186.0,3.0,9.0,2016.0,9.0,1406596.0,3558.0,10674.0,2390976.0,10674.0,9.0,27.0,6048.0,27.0,81.0,18144.0,81.0,4064256.0,18144.0,81.0,1186.0,3.0,205
1.0,1187.0,4.0,9.0,2016.0,10.0,1408969.0,4748.0,10683.0,2392992.0,11870.0,16.0,36.0,8064.0,40.0,81.0,18144.0,90.0,4064256.0,20160.0,100.0,1187.0,4.0,289
1.0,1188.0,5.0,9.0,2016.0,11.0,1411344.0,5940.0,10692.0,2395008.0,13068.0,25.0,45.0,10080.0,55.0,81.0,18144.0,99.0,4064256.0,22176.0,121.0,1188.0,5.0,355
1.0,1189.0,6.0,9.0,2016.0,12.0,1413721.0,7134.0,10701.0,2397024.0,14268.0,36.0,54.0,12096.0,72.0,81.0,18144.0,108.0,4064256.0,24192.0,144.0,1189.0,6.0,6436
1.0,1190.0,7.0,9.0,2016.0,13.0,1416100.0,8330.0,10710.0,2399040.0,15470.0,49.0,63.0,14112.0,91.0,81.0,18144.0,117.0,4064256.0,26208.0,169.0,1190.0,7.0,3507
1.0,1191.0,1.0,9.0,2016.0,14.0,1418481.0,1191.0,10719.0,2401056.0,16674.0,1.0,9.0,2016.0,14.0,81.0,18144.0,126.0,4064256.0,28224.0,196.0,1191.0,1.0,3933
1.0,1192.0,2.0,9.0,2016.0,15.0,1420864.0,2384.0,10728.0,2403072.0,17880.0,4.0,18.0,4032.0,30.0,81.0,18144.0,135.0,4064256.0,30240.0,225.0,1192.0,2.0,4161
1.0,1193.0,3.0,9.0,2016.0,16.0,1423249.0,3579.0,10737.0,2405088.0,19088.0,9.0,27.0,6048.0,48.0,81.0,18144.0,144.0,4064256.0,32256.0,256.0,1193.0,3.0,5025
1.0,1194.0,4.0,9.0,2016.0,17.0,1425636.0,4776.0,10746.0,2407104.0,20298.0,16.0,36.0,8064.0,68.0,81.0,18144.0,153.0,4064256.0,34272.0,289.0,1194.0,4.0,2323
1.0,1195.0,5.0,9.0,2016.0,18.0,1428025.0,5975.0,10755.0,2409120.0,21510.0,25.0,45.0,10080.0,90.0,81.0,18144.0,162.0,4064256.0,36288.0,324.0,1195.0,5.0,2964
1.0,1196.0,6.0,9.0,2016.0,19.0,1430416.0,7176.0,10764.0,2411136.0,22724.0,36.0,54.0,12096.0,114.0,81.0,18144.0,171.0,4064256.0,38304.0,361.0,1196.0,6.0,1221
1.0,1197.0,7.0,9.0,2016.0,20.0,1432809.0,8379.0,10773.0,2413152.0,23940.0,49.0,63.0,14112.0,140.0,81.0,18144.0,180.0,4064256.0,40320.0,400.0,1197.0,7.0,21
1.0,1198.0,1.0,9.0,2016.0,21.0,1435204.0,1198.0,10782.0,2415168.0,25158.0,1.0,9.0,2016.0,21.0,81.0,18144.0,189.0,4064256.0,42336.0,441.0,1198.0,1.0,3895
1.0,1199.0,2.0,9.0,2016.0,22.0,1437601.0,2398.0,10791.0,2417184.0,26378.0,4.0,18.0,4032.0,44.0,81.0,18144.0,198.0,4064256.0,44352.0,484.0,1199.0,2.0,4260
1.0,1200.0,3.0,9.0,2016.0,23.0,1440000.0,3600.0,10800.0,2419200.0,27600.0,9.0,27.0,6048.0,69.0,81.0,18144.0,207.0,4064256.0,46368.0,529.0,1200.0,3.0,3246
1.0,1201.0,4.0,9.0,2016.0,24.0,1442401.0,4804.0,10809.0,2421216.0,28824.0,16.0,36.0,8064.0,96.0,81.0,18144.0,216.0,4064256.0,48384.0,576.0,1201.0,4.0,2155
1.0,1202.0,5.0,9.0,2016.0,25.0,1444804.0,6010.0,10818.0,2423232.0,30050.0,25.0,45.0,10080.0,125.0,81.0,18144.0,225.0,4064256.0,50400.0,625.0,1202.0,5.0,2326
1.0,1203.0,6.0,9.0,2016.0,26.0,1447209.0,7218.0,10827.0,2425248.0,31278.0,36.0,54.0,12096.0,156.0,81.0,18144.0,234.0,4064256.0,52416.0,676.0,1203.0,6.0,652
1.0,1204.0,7.0,9.0,2016.0,27.0,1449616.0,8428.0,10836.0,2427264.0,32508.0,49.0,63.0,14112.0,189.0,81.0,18144.0,243.0,4064256.0,54432.0,729.0,1204.0,7.0,54
1.0,1205.0,1.0,9.0,2016.0,28.0,1452025.0,1205.0,10845.0,2429280.0,33740.0,1.0,9.0,2016.0,28.0,81.0,18144.0,252.0,4064256.0,56448.0,784.0,1205.0,1.0,2981
1.0,1206.0,2.0,9.0,2016.0,29.0,1454436.0,2412.0,10854.0,2431296.0,34974.0,4.0,18.0,4032.0,58.0,81.0,18144.0,261.0,4064256.0,58464.0,841.0,1206.0,2.0,2918
1.0,1207.0,3.0,9.0,2016.0,30.0,1456849.0,3621.0,10863.0,2433312.0,36210.0,9.0,27.0,6048.0,90.0,81.0,18144.0,270.0,4064256.0,60480.0,900.0,1207.0,3.0,2779
1.0,1208.0,4.0,10.0,2016.0,1.0,1459264.0,4832.0,12080.0,2435328.0,1208.0,16.0,40.0,8064.0,4.0,100.0,20160.0,10.0,4064256.0,2016.0,1.0,1208.0,4.0,1776
1.0,1209.0,5.0,10.0,2016.0,2.0,1461681.0,6045.0,12090.0,2437344.0,2418.0,25.0,50.0,10080.0,10.0,100.0,20160.0,20.0,4064256.0,4032.0,4.0,1209.0,5.0,2638
1.0,1210.0,6.0,10.0,2016.0,3.0,1464100.0,7260.0,12100.0,2439360.0,3630.0,36.0,60.0,12096.0,18.0,100.0,20160.0,30.0,4064256.0,6048.0,9.0,1210.0,6.0,853
1.0,1211.0,1.0,10.0,2016.0,5.0,1466521.0,1211.0,12110.0,2441376.0,6055.0,1.0,10.0,2016.0,5.0,100.0,20160.0,50.0,4064256.0,10080.0,25.0,1211.0,1.0,2475
1.0,1212.0,2.0,10.0,2016.0,6.0,1468944.0,2424.0,12120.0,2443392.0,7272.0,4.0,20.0,4032.0,12.0,100.0,20160.0,60.0,4064256.0,12096.0,36.0,1212.0,2.0,3687
1.0,1213.0,3.0,10.0,2016.0,7.0,1471369.0,3639.0,12130.0,2445408.0,8491.0,9.0,30.0,6048.0,21.0,100.0,20160.0,70.0,4064256.0,14112.0,49.0,1213.0,3.0,2507
1.0,1214.0,4.0,10.0,2016.0,8.0,1473796.0,4856.0,12140.0,2447424.0,9712.0,16.0,40.0,8064.0,32.0,100.0,20160.0,80.0,4064256.0,16128.0,64.0,1214.0,4.0,1739
1.0,1215.0,5.0,10.0,2016.0,9.0,1476225.0,6075.0,12150.0,2449440.0,10935.0,25.0,50.0,10080.0,45.0,100.0,20160.0,90.0,4064256.0,18144.0,81.0,1215.0,5.0,2045
1.0,1216.0,6.0,10.0,2016.0,10.0,1478656.0,7296.0,12160.0,2451456.0,12160.0,36.0,60.0,12096.0,60.0,100.0,20160.0,100.0,4064256.0,20160.0,100.0,1216.0,6.0,936
1.0,1217.0,7.0,10.0,2016.0,11.0,1481089.0,8519.0,12170.0,2453472.0,13387.0,49.0,70.0,14112.0,77.0,100.0,20160.0,110.0,4064256.0,22176.0,121.0,1217.0,7.0,40
1.0,1218.0,1.0,10.0,2016.0,12.0,1483524.0,1218.0,12180.0,2455488.0,14616.0,1.0,10.0,2016.0,12.0,100.0,20160.0,120.0,4064256.0,24192.0,144.0,1218.0,1.0,2340
1.0,1219.0,2.0,10.0,2016.0,13.0,1485961.0,2438.0,12190.0,2457504.0,15847.0,4.0,20.0,4032.0,26.0,100.0,20160.0,130.0,4064256.0,26208.0,169.0,1219.0,2.0,2886
1.0,1220.0,3.0,10.0,2016.0,14.0,1488400.0,3660.0,12200.0,2459520.0,17080.0,9.0,30.0,6048.0,42.0,100.0,20160.0,140.0,4064256.0,28224.0,196.0,1220.0,3.0,2402
1.0,1221.0,4.0,10.0,2016.0,15.0,1490841.0,4884.0,12210.0,2461536.0,18315.0,16.0,40.0,8064.0,60.0,100.0,20160.0,150.0,4064256.0,30240.0,225.0,1221.0,4.0,1907
1.0,1222.0,5.0,10.0,2016.0,16.0,1493284.0,6110.0,12220.0,2463552.0,19552.0,25.0,50.0,10080.0,80.0,100.0,20160.0,160.0,4064256.0,32256.0,256.0,1222.0,5.0,2759
1.0,1223.0,6.0,10.0,2016.0,17.0,1495729.0,7338.0,12230.0,2465568.0,20791.0,36.0,60.0,12096.0,102.0,100.0,20160.0,170.0,4064256.0,34272.0,289.0,1223.0,6.0,685
1.0,1224.0,7.0,10.0,2016.0,18.0,1498176.0,8568.0,12240.0,2467584.0,22032.0,49.0,70.0,14112.0,126.0,100.0,20160.0,180.0,4064256.0,36288.0,324.0,1224.0,7.0,40
1.0,1225.0,1.0,10.0,2016.0,19.0,1500625.0,1225.0,12250.0,2469600.0,23275.0,1.0,10.0,2016.0,19.0,100.0,20160.0,190.0,4064256.0,38304.0,361.0,1225.0,1.0,2562
1.0,1226.0,2.0,10.0,2016.0,20.0,1503076.0,2452.0,12260.0,2471616.0,24520.0,4.0,20.0,4032.0,40.0,100.0,20160.0,200.0,4064256.0,40320.0,400.0,1226.0,2.0,2422
1.0,1227.0,3.0,10.0,2016.0,21.0,1505529.0,3681.0,12270.0,2473632.0,25767.0,9.0,30.0,6048.0,63.0,100.0,20160.0,210.0,4064256.0,42336.0,441.0,1227.0,3.0,2876
1.0,1228.0,4.0,10.0,2016.0,22.0,1507984.0,4912.0,12280.0,2475648.0,27016.0,16.0,40.0,8064.0,88.0,100.0,20160.0,220.0,4064256.0,44352.0,484.0,1228.0,4.0,2177
1.0,1229.0,5.0,10.0,2016.0,23.0,1510441.0,6145.0,12290.0,2477664.0,28267.0,25.0,50.0,10080.0,115.0,100.0,20160.0,230.0,4064256.0,46368.0,529.0,1229.0,5.0,2250
1.0,1230.0,6.0,10.0,2016.0,24.0,1512900.0,7380.0,12300.0,2479680.0,29520.0,36.0,60.0,12096.0,144.0,100.0,20160.0,240.0,4064256.0,48384.0,576.0,1230.0,6.0,182
1.0,1231.0,1.0,10.0,2016.0,26.0,1515361.0,1231.0,12310.0,2481696.0,32006.0,1.0,10.0,2016.0,26.0,100.0,20160.0,260.0,4064256.0,52416.0,676.0,1231.0,1.0,2996
1.0,1232.0,2.0,10.0,2016.0,27.0,1517824.0,2464.0,12320.0,2483712.0,33264.0,4.0,20.0,4032.0,54.0,100.0,20160.0,270.0,4064256.0,54432.0,729.0,1232.0,2.0,2681
1.0,1233.0,3.0,10.0,2016.0,28.0,1520289.0,3699.0,12330.0,2485728.0,34524.0,9.0,30.0,6048.0,84.0,100.0,20160.0,280.0,4064256.0,56448.0,784.0,1233.0,3.0,2263
1.0,1234.0,4.0,10.0,2016.0,29.0,1522756.0,4936.0,12340.0,2487744.0,35786.0,16.0,40.0,8064.0,116.0,100.0,20160.0,290.0,4064256.0,58464.0,841.0,1234.0,4.0,2017
1.0,1235.0,5.0,10.0,2016.0,30.0,1525225.0,6175.0,12350.0,2489760.0,37050.0,25.0,50.0,10080.0,150.0,100.0,20160.0,300.0,4064256.0,60480.0,900.0,1235.0,5.0,2566
1.0,1236.0,6.0,10.0,2016.0,31.0,1527696.0,7416.0,12360.0,2491776.0,38316.0,36.0,60.0,12096.0,186.0,100.0,20160.0,310.0,4064256.0,62496.0,961.0,1236.0,6.0,428
1.0,1237.0,7.0,11.0,2016.0,1.0,1530169.0,8659.0,13607.0,2493792.0,1237.0,49.0,77.0,14112.0,7.0,121.0,22176.0,11.0,4064256.0,2016.0,1.0,1237.0,7.0,15
1.0,1238.0,1.0,11.0,2016.0,2.0,1532644.0,1238.0,13618.0,2495808.0,2476.0,1.0,11.0,2016.0,2.0,121.0,22176.0,22.0,4064256.0,4032.0,4.0,1238.0,1.0,3422
1.0,1239.0,2.0,11.0,2016.0,3.0,1535121.0,2478.0,13629.0,2497824.0,3717.0,4.0,22.0,4032.0,6.0,121.0,22176.0,33.0,4064256.0,6048.0,9.0,1239.0,2.0,3314
1.0,1240.0,3.0,11.0,2016.0,4.0,1537600.0,3720.0,13640.0,2499840.0,4960.0,9.0,33.0,6048.0,12.0,121.0,22176.0,44.0,4064256.0,8064.0,16.0,1240.0,3.0,2723
1.0,1241.0,4.0,11.0,2016.0,5.0,1540081.0,4964.0,13651.0,2501856.0,6205.0,16.0,44.0,8064.0,20.0,121.0,22176.0,55.0,4064256.0,10080.0,25.0,1241.0,4.0,1696
1.0,1242.0,5.0,11.0,2016.0,6.0,1542564.0,6210.0,13662.0,2503872.0,7452.0,25.0,55.0,10080.0,30.0,121.0,22176.0,66.0,4064256.0,12096.0,36.0,1242.0,5.0,2526
1.0,1243.0,6.0,11.0,2016.0,7.0,1545049.0,7458.0,13673.0,2505888.0,8701.0,36.0,66.0,12096.0,42.0,121.0,22176.0,77.0,4064256.0,14112.0,49.0,1243.0,6.0,878
1.0,1244.0,7.0,11.0,2016.0,8.0,1547536.0,8708.0,13684.0,2507904.0,9952.0,49.0,77.0,14112.0,56.0,121.0,22176.0,88.0,4064256.0,16128.0,64.0,1244.0,7.0,15
1.0,1245.0,1.0,11.0,2016.0,9.0,1550025.0,1245.0,13695.0,2509920.0,11205.0,1.0,11.0,2016.0,9.0,121.0,22176.0,99.0,4064256.0,18144.0,81.0,1245.0,1.0,3043
1.0,1246.0,2.0,11.0,2016.0,10.0,1552516.0,2492.0,13706.0,2511936.0,12460.0,4.0,22.0,4032.0,20.0,121.0,22176.0,110.0,4064256.0,20160.0,100.0,1246.0,2.0,5294
1.0,1247.0,3.0,11.0,2016.0,11.0,1555009.0,3741.0,13717.0,2513952.0,13717.0,9.0,33.0,6048.0,33.0,121.0,22176.0,121.0,4064256.0,22176.0,121.0,1247.0,3.0,3399
1.0,1248.0,4.0,11.0,2016.0,12.0,1557504.0,4992.0,13728.0,2515968.0,14976.0,16.0,44.0,8064.0,48.0,121.0,22176.0,132.0,4064256.0,24192.0,144.0,1248.0,4.0,2758
1.0,1249.0,5.0,11.0,2016.0,13.0,1560001.0,6245.0,13739.0,2517984.0,16237.0,25.0,55.0,10080.0,65.0,121.0,22176.0,143.0,4064256.0,26208.0,169.0,1249.0,5.0,2627
1.0,1250.0,6.0,11.0,2016.0,14.0,1562500.0,7500.0,13750.0,2520000.0,17500.0,36.0,66.0,12096.0,84.0,121.0,22176.0,154.0,4064256.0,28224.0,196.0,1250.0,6.0,1031
1.0,1251.0,1.0,11.0,2016.0,16.0,1565001.0,1251.0,13761.0,2522016.0,20016.0,1.0,11.0,2016.0,16.0,121.0,22176.0,176.0,4064256.0,32256.0,256.0,1251.0,1.0,3007
1.0,1252.0,2.0,11.0,2016.0,17.0,1567504.0,2504.0,13772.0,2524032.0,21284.0,4.0,22.0,4032.0,34.0,121.0,22176.0,187.0,4064256.0,34272.0,289.0,1252.0,2.0,3357
1.0,1253.0,3.0,11.0,2016.0,18.0,1570009.0,3759.0,13783.0,2526048.0,22554.0,9.0,33.0,6048.0,54.0,121.0,22176.0,198.0,4064256.0,36288.0,324.0,1253.0,3.0,2527
1.0,1254.0,4.0,11.0,2016.0,19.0,1572516.0,5016.0,13794.0,2528064.0,23826.0,16.0,44.0,8064.0,76.0,121.0,22176.0,209.0,4064256.0,38304.0,361.0,1254.0,4.0,2601
1.0,1255.0,5.0,11.0,2016.0,20.0,1575025.0,6275.0,13805.0,2530080.0,25100.0,25.0,55.0,10080.0,100.0,121.0,22176.0,220.0,4064256.0,40320.0,400.0,1255.0,5.0,3821
1.0,1256.0,6.0,11.0,2016.0,21.0,1577536.0,7536.0,13816.0,2532096.0,26376.0,36.0,66.0,12096.0,126.0,121.0,22176.0,231.0,4064256.0,42336.0,441.0,1256.0,6.0,556
1.0,1257.0,1.0,11.0,2016.0,23.0,1580049.0,1257.0,13827.0,2534112.0,28911.0,1.0,11.0,2016.0,23.0,121.0,22176.0,253.0,4064256.0,46368.0,529.0,1257.0,1.0,3637
1.0,1258.0,2.0,11.0,2016.0,24.0,1582564.0,2516.0,13838.0,2536128.0,30192.0,4.0,22.0,4032.0,48.0,121.0,22176.0,264.0,4064256.0,48384.0,576.0,1258.0,2.0,3739
1.0,1259.0,3.0,11.0,2016.0,25.0,1585081.0,3777.0,13849.0,2538144.0,31475.0,9.0,33.0,6048.0,75.0,121.0,22176.0,275.0,4064256.0,50400.0,625.0,1259.0,3.0,2787
1.0,1260.0,4.0,11.0,2016.0,26.0,1587600.0,5040.0,13860.0,2540160.0,32760.0,16.0,44.0,8064.0,104.0,121.0,22176.0,286.0,4064256.0,52416.0,676.0,1260.0,4.0,2710
1.0,1261.0,5.0,11.0,2016.0,27.0,1590121.0,6305.0,13871.0,2542176.0,34047.0,25.0,55.0,10080.0,135.0,121.0,22176.0,297.0,4064256.0,54432.0,729.0,1261.0,5.0,2621
1.0,1262.0,6.0,11.0,2016.0,28.0,1592644.0,7572.0,13882.0,2544192.0,35336.0,36.0,66.0,12096.0,168.0,121.0,22176.0,308.0,4064256.0,56448.0,784.0,1262.0,6.0,993
1.0,1263.0,1.0,11.0,2016.0,30.0,1595169.0,1263.0,13893.0,2546208.0,37890.0,1.0,11.0,2016.0,30.0,121.0,22176.0,330.0,4064256.0,60480.0,900.0,1263.0,1.0,3161
1.0,1264.0,2.0,12.0,2016.0,1.0,1597696.0,2528.0,15168.0,2548224.0,1264.0,4.0,24.0,4032.0,2.0,144.0,24192.0,12.0,4064256.0,2016.0,1.0,1264.0,2.0,2669
1.0,1265.0,3.0,12.0,2016.0,2.0,1600225.0,3795.0,15180.0,2550240.0,2530.0,9.0,36.0,6048.0,6.0,144.0,24192.0,24.0,4064256.0,4032.0,4.0,1265.0,3.0,3521
1.0,1266.0,4.0,12.0,2016.0,3.0,1602756.0,5064.0,15192.0,2552256.0,3798.0,16.0,48.0,8064.0,12.0,144.0,24192.0,36.0,4064256.0,6048.0,9.0,1266.0,4.0,1946
1.0,1267.0,5.0,12.0,2016.0,4.0,1605289.0,6335.0,15204.0,2554272.0,5068.0,25.0,60.0,10080.0,20.0,144.0,24192.0,48.0,4064256.0,8064.0,16.0,1267.0,5.0,1168
1.0,1268.0,6.0,12.0,2016.0,5.0,1607824.0,7608.0,15216.0,2556288.0,6340.0,36.0,72.0,12096.0,30.0,144.0,24192.0,60.0,4064256.0,10080.0,25.0,1268.0,6.0,29
1.0,1269.0,7.0,12.0,2016.0,6.0,1610361.0,8883.0,15228.0,2558304.0,7614.0,49.0,84.0,14112.0,42.0,144.0,24192.0,72.0,4064256.0,12096.0,36.0,1269.0,7.0,44
1.0,1270.0,1.0,12.0,2016.0,7.0,1612900.0,1270.0,15240.0,2560320.0,8890.0,1.0,12.0,2016.0,7.0,144.0,24192.0,84.0,4064256.0,14112.0,49.0,1270.0,1.0,230
1.0,1271.0,2.0,12.0,2016.0,8.0,1615441.0,2542.0,15252.0,2562336.0,10168.0,4.0,24.0,4032.0,16.0,144.0,24192.0,96.0,4064256.0,16128.0,64.0,1271.0,2.0,7389
1.0,1272.0,3.0,12.0,2016.0,9.0,1617984.0,3816.0,15264.0,2564352.0,11448.0,9.0,36.0,6048.0,27.0,144.0,24192.0,108.0,4064256.0,18144.0,81.0,1272.0,3.0,4861
1.0,1273.0,4.0,12.0,2016.0,10.0,1620529.0,5092.0,15276.0,2566368.0,12730.0,16.0,48.0,8064.0,40.0,144.0,24192.0,120.0,4064256.0,20160.0,100.0,1273.0,4.0,3659
1.0,1274.0,5.0,12.0,2016.0,11.0,1623076.0,6370.0,15288.0,2568384.0,14014.0,25.0,60.0,10080.0,55.0,144.0,24192.0,132.0,4064256.0,22176.0,121.0,1274.0,5.0,4170
1.0,1275.0,6.0,12.0,2016.0,12.0,1625625.0,7650.0,15300.0,2570400.0,15300.0,36.0,72.0,12096.0,72.0,144.0,24192.0,144.0,4064256.0,24192.0,144.0,1275.0,6.0,1793
1.0,1276.0,7.0,12.0,2016.0,13.0,1628176.0,8932.0,15312.0,2572416.0,16588.0,49.0,84.0,14112.0,91.0,144.0,24192.0,156.0,4064256.0,26208.0,169.0,1276.0,7.0,25
1.0,1277.0,1.0,12.0,2016.0,14.0,1630729.0,1277.0,15324.0,2574432.0,17878.0,1.0,12.0,2016.0,14.0,144.0,24192.0,168.0,4064256.0,28224.0,196.0,1277.0,1.0,3136
1.0,1278.0,2.0,12.0,2016.0,15.0,1633284.0,2556.0,15336.0,2576448.0,19170.0,4.0,24.0,4032.0,30.0,144.0,24192.0,180.0,4064256.0,30240.0,225.0,1278.0,2.0,3440
1.0,1279.0,3.0,12.0,2016.0,16.0,1635841.0,3837.0,15348.0,2578464.0,20464.0,9.0,36.0,6048.0,48.0,144.0,24192.0,192.0,4064256.0,32256.0,256.0,1279.0,3.0,3265
1.0,1280.0,4.0,12.0,2016.0,17.0,1638400.0,5120.0,15360.0,2580480.0,21760.0,16.0,48.0,8064.0,68.0,144.0,24192.0,204.0,4064256.0,34272.0,289.0,1280.0,4.0,1850
1.0,1281.0,5.0,12.0,2016.0,18.0,1640961.0,6405.0,15372.0,2582496.0,23058.0,25.0,60.0,10080.0,90.0,144.0,24192.0,216.0,4064256.0,36288.0,324.0,1281.0,5.0,2047
1.0,1282.0,6.0,12.0,2016.0,19.0,1643524.0,7692.0,15384.0,2584512.0,24358.0,36.0,72.0,12096.0,114.0,144.0,24192.0,228.0,4064256.0,38304.0,361.0,1282.0,6.0,682
1.0,1283.0,1.0,12.0,2016.0,21.0,1646089.0,1283.0,15396.0,2586528.0,26943.0,1.0,12.0,2016.0,21.0,144.0,24192.0,252.0,4064256.0,42336.0,441.0,1283.0,1.0,2141
1.0,1284.0,2.0,12.0,2016.0,22.0,1648656.0,2568.0,15408.0,2588544.0,28248.0,4.0,24.0,4032.0,44.0,144.0,24192.0,264.0,4064256.0,44352.0,484.0,1284.0,2.0,2475
1.0,1285.0,3.0,12.0,2016.0,23.0,1651225.0,3855.0,15420.0,2590560.0,29555.0,9.0,36.0,6048.0,69.0,144.0,24192.0,276.0,4064256.0,46368.0,529.0,1285.0,3.0,2695
1.0,1286.0,4.0,12.0,2016.0,24.0,1653796.0,5144.0,15432.0,2592576.0,30864.0,16.0,48.0,8064.0,96.0,144.0,24192.0,288.0,4064256.0,48384.0,576.0,1286.0,4.0,1495
1.0,1287.0,5.0,12.0,2016.0,25.0,1656369.0,6435.0,15444.0,2594592.0,32175.0,25.0,60.0,10080.0,125.0,144.0,24192.0,300.0,4064256.0,50400.0,625.0,1287.0,5.0,2341
1.0,1288.0,6.0,12.0,2016.0,26.0,1658944.0,7728.0,15456.0,2596608.0,33488.0,36.0,72.0,12096.0,156.0,144.0,24192.0,312.0,4064256.0,52416.0,676.0,1288.0,6.0,371
1.0,1289.0,7.0,12.0,2016.0,27.0,1661521.0,9023.0,15468.0,2598624.0,34803.0,49.0,84.0,14112.0,189.0,144.0,24192.0,324.0,4064256.0,54432.0,729.0,1289.0,7.0,1438
1.0,1290.0,1.0,12.0,2016.0,28.0,1664100.0,1290.0,15480.0,2600640.0,36120.0,1.0,12.0,2016.0,28.0,144.0,24192.0,336.0,4064256.0,56448.0,784.0,1290.0,1.0,3799
1.0,1291.0,2.0,12.0,2016.0,29.0,1666681.0,2582.0,15492.0,2602656.0,37439.0,4.0,24.0,4032.0,58.0,144.0,24192.0,348.0,4064256.0,58464.0,841.0,1291.0,2.0,3600
1.0,1292.0,3.0,12.0,2016.0,30.0,1669264.0,3876.0,15504.0,2604672.0,38760.0,9.0,36.0,6048.0,90.0,144.0,24192.0,360.0,4064256.0,60480.0,900.0,1292.0,3.0,2710
1.0,1293.0,4.0,12.0,2016.0,31.0,1671849.0,5172.0,15516.0,2606688.0,40083.0,16.0,48.0,8064.0,124.0,144.0,24192.0,372.0,4064256.0,62496.0,961.0,1293.0,4.0,660
1.0,1294.0,4.0,1.0,2017.0,7.0,1674436.0,5176.0,1294.0,2609998.0,9058.0,16.0,4.0,8068.0,28.0,1.0,2017.0,7.0,4068289.0,14119.0,49.0,1294.0,4.0,40
1.0,1295.0,5.0,1.0,2017.0,8.0,1677025.0,6475.0,1295.0,2612015.0,10360.0,25.0,5.0,10085.0,40.0,1.0,2017.0,8.0,4068289.0,16136.0,64.0,1295.0,5.0,2517
1.0,1296.0,6.0,1.0,2017.0,9.0,1679616.0,7776.0,1296.0,2614032.0,11664.0,36.0,6.0,12102.0,54.0,1.0,2017.0,9.0,4068289.0,18153.0,81.0,1296.0,6.0,4163
1.0,1297.0,7.0,1.0,2017.0,10.0,1682209.0,9079.0,1297.0,2616049.0,12970.0,49.0,7.0,14119.0,70.0,1.0,2017.0,10.0,4068289.0,20170.0,100.0,1297.0,7.0,96
1.0,1298.0,1.0,1.0,2017.0,11.0,1684804.0,1298.0,1298.0,2618066.0,14278.0,1.0,1.0,2017.0,11.0,1.0,2017.0,11.0,4068289.0,22187.0,121.0,1298.0,1.0,3605
1.0,1299.0,2.0,1.0,2017.0,12.0,1687401.0,2598.0,1299.0,2620083.0,15588.0,4.0,2.0,4034.0,24.0,1.0,2017.0,12.0,4068289.0,24204.0,144.0,1299.0,2.0,2784
1.0,1300.0,3.0,1.0,2017.0,13.0,1690000.0,3900.0,1300.0,2622100.0,16900.0,9.0,3.0,6051.0,39.0,1.0,2017.0,13.0,4068289.0,26221.0,169.0,1300.0,3.0,2493
1.0,1301.0,4.0,1.0,2017.0,14.0,1692601.0,5204.0,1301.0,2624117.0,18214.0,16.0,4.0,8068.0,56.0,1.0,2017.0,14.0,4068289.0,28238.0,196.0,1301.0,4.0,1835
1.0,1302.0,5.0,1.0,2017.0,15.0,1695204.0,6510.0,1302.0,2626134.0,19530.0,25.0,5.0,10085.0,75.0,1.0,2017.0,15.0,4068289.0,30255.0,225.0,1302.0,5.0,1680
1.0,1303.0,6.0,1.0,2017.0,16.0,1697809.0,7818.0,1303.0,2628151.0,20848.0,36.0,6.0,12102.0,96.0,1.0,2017.0,16.0,4068289.0,32272.0,256.0,1303.0,6.0,780
1.0,1304.0,1.0,1.0,2017.0,18.0,1700416.0,1304.0,1304.0,2630168.0,23472.0,1.0,1.0,2017.0,18.0,1.0,2017.0,18.0,4068289.0,36306.0,324.0,1304.0,1.0,1413
1.0,1305.0,2.0,1.0,2017.0,19.0,1703025.0,2610.0,1305.0,2632185.0,24795.0,4.0,2.0,4034.0,38.0,1.0,2017.0,19.0,4068289.0,38323.0,361.0,1305.0,2.0,2363
1.0,1306.0,3.0,1.0,2017.0,20.0,1705636.0,3918.0,1306.0,2634202.0,26120.0,9.0,3.0,6051.0,60.0,1.0,2017.0,20.0,4068289.0,40340.0,400.0,1306.0,3.0,1691
1.0,1307.0,4.0,1.0,2017.0,21.0,1708249.0,5228.0,1307.0,2636219.0,27447.0,16.0,4.0,8068.0,84.0,1.0,2017.0,21.0,4068289.0,42357.0,441.0,1307.0,4.0,1433
