0,1,2,3,4,5,6,7,8,9,10,11,12,13,14,15,16,17,18,19,20,date,day_of_week
1.0,1308.0,5.0,1.0,2017.0,22.0,1710864.0,6540.0,1308.0,2638236.0,28776.0,25.0,5.0,10085.0,110.0,1.0,2017.0,22.0,4068289.0,44374.0,484.0,1308.0,5.0
1.0,1309.0,6.0,1.0,2017.0,23.0,1713481.0,7854.0,1309.0,2640253.0,30107.0,36.0,6.0,12102.0,138.0,1.0,2017.0,23.0,4068289.0,46391.0,529.0,1309.0,6.0
1.0,1310.0,7.0,1.0,2017.0,24.0,1716100.0,9170.0,1310.0,2642270.0,31440.0,49.0,7.0,14119.0,168.0,1.0,2017.0,24.0,4068289.0,48408.0,576.0,1310.0,7.0
1.0,1311.0,1.0,1.0,2017.0,25.0,1718721.0,1311.0,1311.0,2644287.0,32775.0,1.0,1.0,2017.0,25.0,1.0,2017.0,25.0,4068289.0,50425.0,625.0,1311.0,1.0
1.0,1312.0,2.0,1.0,2017.0,26.0,1721344.0,2624.0,1312.0,2646304.0,34112.0,4.0,2.0,4034.0,52.0,1.0,2017.0,26.0,4068289.0,52442.0,676.0,1312.0,2.0
1.0,1313.0,3.0,1.0,2017.0,27.0,1723969.0,3939.0,1313.0,2648321.0,35451.0,9.0,3.0,6051.0,81.0,1.0,2017.0,27.0,4068289.0,54459.0,729.0,1313.0,3.0
1.0,1314.0,4.0,1.0,2017.0,28.0,1726596.0,5256.0,1314.0,2650338.0,36792.0,16.0,4.0,8068.0,112.0,1.0,2017.0,28.0,4068289.0,56476.0,784.0,1314.0,4.0
1.0,1315.0,5.0,1.0,2017.0,29.0,1729225.0,6575.0,1315.0,2652355.0,38135.0,25.0,5.0,10085.0,145.0,1.0,2017.0,29.0,4068289.0,58493.0,841.0,1315.0,5.0
1.0,1316.0,6.0,1.0,2017.0,30.0,1731856.0,7896.0,1316.0,2654372.0,39480.0,36.0,6.0,12102.0,180.0,1.0,2017.0,30.0,4068289.0,60510.0,900.0,1316.0,6.0
1.0,1317.0,1.0,2.0,2017.0,1.0,1734489.0,1317.0,2634.0,2656389.0,1317.0,1.0,2.0,2017.0,1.0,4.0,4034.0,2.0,4068289.0,2017.0,1.0,1317.0,1.0
1.0,1318.0,2.0,2.0,2017.0,2.0,1737124.0,2636.0,2636.0,2658406.0,2636.0,4.0,4.0,4034.0,4.0,4.0,4034.0,4.0,4068289.0,4034.0,4.0,1318.0,2.0
1.0,1319.0,3.0,2.0,2017.0,3.0,1739761.0,3957.0,2638.0,2660423.0,3957.0,9.0,6.0,6051.0,9.0,4.0,4034.0,6.0,4068289.0,6051.0,9.0,1319.0,3.0
1.0,1320.0,4.0,2.0,2017.0,4.0,1742400.0,5280.0,2640.0,2662440.0,5280.0,16.0,8.0,8068.0,16.0,4.0,4034.0,8.0,4068289.0,8068.0,16.0,1320.0,4.0
1.0,1321.0,5.0,2.0,2017.0,5.0,1745041.0,6605.0,2642.0,2664457.0,6605.0,25.0,10.0,10085.0,25.0,4.0,4034.0,10.0,4068289.0,10085.0,25.0,1321.0,5.0
1.0,1322.0,6.0,2.0,2017.0,6.0,1747684.0,7932.0,2644.0,2666474.0,7932.0,36.0,12.0,12102.0,36.0,4.0,4034.0,12.0,4068289.0,12102.0,36.0,1322.0,6.0
1.0,1323.0,1.0,2.0,2017.0,8.0,1750329.0,1323.0,2646.0,2668491.0,10584.0,1.0,2.0,2017.0,8.0,4.0,4034.0,16.0,4068289.0,16136.0,64.0,1323.0,1.0
1.0,1324.0,2.0,2.0,2017.0,9.0,1752976.0,2648.0,2648.0,2670508.0,11916.0,4.0,4.0,4034.0,18.0,4.0,4034.0,18.0,4068289.0,18153.0,81.0,1324.0,2.0
1.0,1325.0,3.0,2.0,2017.0,10.0,1755625.0,3975.0,2650.0,2672525.0,13250.0,9.0,6.0,6051.0,30.0,4.0,4034.0,20.0,4068289.0,20170.0,100.0,1325.0,3.0
1.0,1326.0,4.0,2.0,2017.0,11.0,1758276.0,5304.0,2652.0,2674542.0,14586.0,16.0,8.0,8068.0,44.0,4.0,4034.0,22.0,4068289.0,22187.0,121.0,1326.0,4.0
1.0,1327.0,5.0,2.0,2017.0,12.0,1760929.0,6635.0,2654.0,2676559.0,15924.0,25.0,10.0,10085.0,60.0,4.0,4034.0,24.0,4068289.0,24204.0,144.0,1327.0,5.0
1.0,1328.0,6.0,2.0,2017.0,13.0,1763584.0,7968.0,2656.0,2678576.0,17264.0,36.0,12.0,12102.0,78.0,4.0,4034.0,26.0,4068289.0,26221.0,169.0,1328.0,6.0
1.0,1329.0,1.0,2.0,2017.0,15.0,1766241.0,1329.0,2658.0,2680593.0,19935.0,1.0,2.0,2017.0,15.0,4.0,4034.0,30.0,4068289.0,30255.0,225.0,1329.0,1.0
1.0,1330.0,2.0,2.0,2017.0,16.0,1768900.0,2660.0,2660.0,2682610.0,21280.0,4.0,4.0,4034.0,32.0,4.0,4034.0,32.0,4068289.0,32272.0,256.0,1330.0,2.0
1.0,1331.0,3.0,2.0,2017.0,17.0,1771561.0,3993.0,2662.0,2684627.0,22627.0,9.0,6.0,6051.0,51.0,4.0,4034.0,34.0,4068289.0,34289.0,289.0,1331.0,3.0
1.0,1332.0,4.0,2.0,2017.0,18.0,1774224.0,5328.0,2664.0,2686644.0,23976.0,16.0,8.0,8068.0,72.0,4.0,4034.0,36.0,4068289.0,36306.0,324.0,1332.0,4.0
1.0,1333.0,5.0,2.0,2017.0,19.0,1776889.0,6665.0,2666.0,2688661.0,25327.0,25.0,10.0,10085.0,95.0,4.0,4034.0,38.0,4068289.0,38323.0,361.0,1333.0,5.0
1.0,1334.0,6.0,2.0,2017.0,20.0,1779556.0,8004.0,2668.0,2690678.0,26680.0,36.0,12.0,12102.0,120.0,4.0,4034.0,40.0,4068289.0,40340.0,400.0,1334.0,6.0
1.0,1335.0,7.0,2.0,2017.0,21.0,1782225.0,9345.0,2670.0,2692695.0,28035.0,49.0,14.0,14119.0,147.0,4.0,4034.0,42.0,4068289.0,42357.0,441.0,1335.0,7.0
1.0,1336.0,1.0,2.0,2017.0,22.0,1784896.0,1336.0,2672.0,2694712.0,29392.0,1.0,2.0,2017.0,22.0,4.0,4034.0,44.0,4068289.0,44374.0,484.0,1336.0,1.0
1.0,1337.0,2.0,2.0,2017.0,23.0,1787569.0,2674.0,2674.0,2696729.0,30751.0,4.0,4.0,4034.0,46.0,4.0,4034.0,46.0,4068289.0,46391.0,529.0,1337.0,2.0
1.0,1338.0,3.0,2.0,2017.0,24.0,1790244.0,4014.0,2676.0,2698746.0,32112.0,9.0,6.0,6051.0,72.0,4.0,4034.0,48.0,4068289.0,48408.0,576.0,1338.0,3.0
1.0,1339.0,4.0,2.0,2017.0,25.0,1792921.0,5356.0,2678.0,2700763.0,33475.0,16.0,8.0,8068.0,100.0,4.0,4034.0,50.0,4068289.0,50425.0,625.0,1339.0,4.0
1.0,1340.0,5.0,2.0,2017.0,26.0,1795600.0,6700.0,2680.0,2702780.0,34840.0,25.0,10.0,10085.0,130.0,4.0,4034.0,52.0,4068289.0,52442.0,676.0,1340.0,5.0
1.0,1341.0,6.0,2.0,2017.0,27.0,1798281.0,8046.0,2682.0,2704797.0,36207.0,36.0,12.0,12102.0,162.0,4.0,4034.0,54.0,4068289.0,54459.0,729.0,1341.0,6.0
1.0,1342.0,1.0,3.0,2017.0,1.0,1800964.0,1342.0,4026.0,2706814.0,1342.0,1.0,3.0,2017.0,1.0,9.0,6051.0,3.0,4068289.0,2017.0,1.0,1342.0,1.0
1.0,1343.0,2.0,3.0,2017.0,2.0,1803649.0,2686.0,4029.0,2708831.0,2686.0,4.0,6.0,4034.0,4.0,9.0,6051.0,6.0,4068289.0,4034.0,4.0,1343.0,2.0
1.0,1344.0,3.0,3.0,2017.0,3.0,1806336.0,4032.0,4032.0,2710848.0,4032.0,9.0,9.0,6051.0,9.0,9.0,6051.0,9.0,4068289.0,6051.0,9.0,1344.0,3.0
1.0,1345.0,4.0,3.0,2017.0,4.0,1809025.0,5380.0,4035.0,2712865.0,5380.0,16.0,12.0,8068.0,16.0,9.0,6051.0,12.0,4068289.0,8068.0,16.0,1345.0,4.0
1.0,1346.0,5.0,3.0,2017.0,5.0,1811716.0,6730.0,4038.0,2714882.0,6730.0,25.0,15.0,10085.0,25.0,9.0,6051.0,15.0,4068289.0,10085.0,25.0,1346.0,5.0
1.0,1347.0,6.0,3.0,2017.0,6.0,1814409.0,8082.0,4041.0,2716899.0,8082.0,36.0,18.0,12102.0,36.0,9.0,6051.0,18.0,4068289.0,12102.0,36.0,1347.0,6.0
1.0,1348.0,7.0,3.0,2017.0,7.0,1817104.0,9436.0,4044.0,2718916.0,9436.0,49.0,21.0,14119.0,49.0,9.0,6051.0,21.0,4068289.0,14119.0,49.0,1348.0,7.0
1.0,1349.0,3.0,3.0,2017.0,10.0,1819801.0,4047.0,4047.0,2720933.0,13490.0,9.0,9.0,6051.0,30.0,9.0,6051.0,30.0,4068289.0,20170.0,100.0,1349.0,3.0
1.0,1350.0,4.0,3.0,2017.0,11.0,1822500.0,5400.0,4050.0,2722950.0,14850.0,16.0,12.0,8068.0,44.0,9.0,6051.0,33.0,4068289.0,22187.0,121.0,1350.0,4.0
1.0,1351.0,5.0,3.0,2017.0,12.0,1825201.0,6755.0,4053.0,2724967.0,16212.0,25.0,15.0,10085.0,60.0,9.0,6051.0,36.0,4068289.0,24204.0,144.0,1351.0,5.0
1.0,1352.0,6.0,3.0,2017.0,13.0,1827904.0,8112.0,4056.0,2726984.0,17576.0,36.0,18.0,12102.0,78.0,9.0,6051.0,39.0,4068289.0,26221.0,169.0,1352.0,6.0
1.0,1353.0,7.0,3.0,2017.0,14.0,1830609.0,9471.0,4059.0,2729001.0,18942.0,49.0,21.0,14119.0,98.0,9.0,6051.0,42.0,4068289.0,28238.0,196.0,1353.0,7.0
1.0,1354.0,1.0,3.0,2017.0,15.0,1833316.0,1354.0,4062.0,2731018.0,20310.0,1.0,3.0,2017.0,15.0,9.0,6051.0,45.0,4068289.0,30255.0,225.0,1354.0,1.0
1.0,1355.0,2.0,3.0,2017.0,16.0,1836025.0,2710.0,4065.0,2733035.0,21680.0,4.0,6.0,4034.0,32.0,9.0,6051.0,48.0,4068289.0,32272.0,256.0,1355.0,2.0
1.0,1356.0,3.0,3.0,2017.0,17.0,1838736.0,4068.0,4068.0,2735052.0,23052.0,9.0,9.0,6051.0,51.0,9.0,6051.0,51.0,4068289.0,34289.0,289.0,1356.0,3.0
1.0,1357.0,4.0,3.0,2017.0,18.0,1841449.0,5428.0,4071.0,2737069.0,24426.0,16.0,12.0,8068.0,72.0,9.0,6051.0,54.0,4068289.0,36306.0,324.0,1357.0,4.0
1.0,1358.0,5.0,3.0,2017.0,19.0,1844164.0,6790.0,4074.0,2739086.0,25802.0,25.0,15.0,10085.0,95.0,9.0,6051.0,57.0,4068289.0,38323.0,361.0,1358.0,5.0
1.0,1359.0,6.0,3.0,2017.0,20.0,1846881.0,8154.0,4077.0,2741103.0,27180.0,36.0,18.0,12102.0,120.0,9.0,6051.0,60.0,4068289.0,40340.0,400.0,1359.0,6.0
1.0,1360.0,7.0,3.0,2017.0,21.0,1849600.0,9520.0,4080.0,2743120.0,28560.0,49.0,21.0,14119.0,147.0,9.0,6051.0,63.0,4068289.0,42357.0,441.0,1360.0,7.0
1.0,1361.0,1.0,3.0,2017.0,22.0,1852321.0,1361.0,4083.0,2745137.0,29942.0,1.0,3.0,2017.0,22.0,9.0,6051.0,66.0,4068289.0,44374.0,484.0,1361.0,1.0
1.0,1362.0,2.0,3.0,2017.0,23.0,1855044.0,2724.0,4086.0,2747154.0,31326.0,4.0,6.0,4034.0,46.0,9.0,6051.0,69.0,4068289.0,46391.0,529.0,1362.0,2.0
1.0,1363.0,3.0,3.0,2017.0,24.0,1857769.0,4089.0,4089.0,2749171.0,32712.0,9.0,9.0,6051.0,72.0,9.0,6051.0,72.0,4068289.0,48408.0,576.0,1363.0,3.0
1.0,1364.0,4.0,3.0,2017.0,25.0,1860496.0,5456.0,4092.0,2751188.0,34100.0,16.0,12.0,8068.0,100.0,9.0,6051.0,75.0,4068289.0,50425.0,625.0,1364.0,4.0
1.0,1365.0,5.0,3.0,2017.0,26.0,1863225.0,6825.0,4095.0,2753205.0,35490.0,25.0,15.0,10085.0,130.0,9.0,6051.0,78.0,4068289.0,52442.0,676.0,1365.0,5.0
1.0,1366.0,6.0,3.0,2017.0,27.0,1865956.0,8196.0,4098.0,2755222.0,36882.0,36.0,18.0,12102.0,162.0,9.0,6051.0,81.0,4068289.0,54459.0,729.0,1366.0,6.0
1.0,1367.0,7.0,3.0,2017.0,28.0,1868689.0,9569.0,4101.0,2757239.0,38276.0,49.0,21.0,14119.0,196.0,9.0,6051.0,84.0,4068289.0,56476.0,784.0,1367.0,7.0
1.0,1368.0,1.0,3.0,2017.0,29.0,1871424.0,1368.0,4104.0,2759256.0,39672.0,1.0,3.0,2017.0,29.0,9.0,6051.0,87.0,4068289.0,58493.0,841.0,1368.0,1.0
1.0,1369.0,2.0,3.0,2017.0,30.0,1874161.0,2738.0,4107.0,2761273.0,41070.0,4.0,6.0,4034.0,60.0,9.0,6051.0,90.0,4068289.0,60510.0,900.0,1369.0,2.0
1.0,1370.0,3.0,3.0,2017.0,31.0,1876900.0,4110.0,4110.0,2763290.0,42470.0,9.0,9.0,6051.0,93.0,9.0,6051.0,93.0,4068289.0,62527.0,961.0,1370.0,3.0
1.0,1371.0,4.0,4.0,2017.0,1.0,1879641.0,5484.0,5484.0,2765307.0,1371.0,16.0,16.0,8068.0,4.0,16.0,8068.0,4.0,4068289.0,2017.0,1.0,1371.0,4.0
1.0,1372.0,5.0,4.0,2017.0,2.0,1882384.0,6860.0,5488.0,2767324.0,2744.0,25.0,20.0,10085.0,10.0,16.0,8068.0,8.0,4068289.0,4034.0,4.0,1372.0,5.0
1.0,1373.0,6.0,4.0,2017.0,3.0,1885129.0,8238.0,5492.0,2769341.0,4119.0,36.0,24.0,12102.0,18.0,16.0,8068.0,12.0,4068289.0,6051.0,9.0,1373.0,6.0
1.0,1374.0,7.0,4.0,2017.0,4.0,1887876.0,9618.0,5496.0,2771358.0,5496.0,49.0,28.0,14119.0,28.0,16.0,8068.0,16.0,4068289.0,8068.0,16.0,1374.0,7.0
1.0,1375.0,1.0,4.0,2017.0,5.0,1890625.0,1375.0,5500.0,2773375.0,6875.0,1.0,4.0,2017.0,5.0,16.0,8068.0,20.0,4068289.0,10085.0,25.0,1375.0,1.0
1.0,1376.0,2.0,4.0,2017.0,6.0,1893376.0,2752.0,5504.0,2775392.0,8256.0,4.0,8.0,4034.0,12.0,16.0,8068.0,24.0,4068289.0,12102.0,36.0,1376.0,2.0
1.0,1377.0,3.0,4.0,2017.0,7.0,1896129.0,4131.0,5508.0,2777409.0,9639.0,9.0,12.0,6051.0,21.0,16.0,8068.0,28.0,4068289.0,14119.0,49.0,1377.0,3.0
1.0,1378.0,4.0,4.0,2017.0,8.0,1898884.0,5512.0,5512.0,2779426.0,11024.0,16.0,16.0,8068.0,32.0,16.0,8068.0,32.0,4068289.0,16136.0,64.0,1378.0,4.0
1.0,1379.0,5.0,4.0,2017.0,9.0,1901641.0,6895.0,5516.0,2781443.0,12411.0,25.0,20.0,10085.0,45.0,16.0,8068.0,36.0,4068289.0,18153.0,81.0,1379.0,5.0
1.0,1380.0,6.0,4.0,2017.0,10.0,1904400.0,8280.0,5520.0,2783460.0,13800.0,36.0,24.0,12102.0,60.0,16.0,8068.0,40.0,4068289.0,20170.0,100.0,1380.0,6.0
1.0,1381.0,7.0,4.0,2017.0,11.0,1907161.0,9667.0,5524.0,2785477.0,15191.0,49.0,28.0,14119.0,77.0,16.0,8068.0,44.0,4068289.0,22187.0,121.0,1381.0,7.0
1.0,1382.0,1.0,4.0,2017.0,12.0,1909924.0,1382.0,5528.0,2787494.0,16584.0,1.0,4.0,2017.0,12.0,16.0,8068.0,48.0,4068289.0,24204.0,144.0,1382.0,1.0
1.0,1383.0,2.0,4.0,2017.0,13.0,1912689.0,2766.0,5532.0,2789511.0,17979.0,4.0,8.0,4034.0,26.0,16.0,8068.0,52.0,4068289.0,26221.0,169.0,1383.0,2.0
1.0,1384.0,3.0,4.0,2017.0,14.0,1915456.0,4152.0,5536.0,2791528.0,19376.0,9.0,12.0,6051.0,42.0,16.0,8068.0,56.0,4068289.0,28238.0,196.0,1384.0,3.0
1.0,1385.0,4.0,4.0,2017.0,15.0,1918225.0,5540.0,5540.0,2793545.0,20775.0,16.0,16.0,8068.0,60.0,16.0,8068.0,60.0,4068289.0,30255.0,225.0,1385.0,4.0
1.0,1386.0,5.0,4.0,2017.0,16.0,1920996.0,6930.0,5544.0,2795562.0,22176.0,25.0,20.0,10085.0,80.0,16.0,8068.0,64.0,4068289.0,32272.0,256.0,1386.0,5.0
1.0,1387.0,6.0,4.0,2017.0,17.0,1923769.0,8322.0,5548.0,2797579.0,23579.0,36.0,24.0,12102.0,102.0,16.0,8068.0,68.0,4068289.0,34289.0,289.0,1387.0,6.0
1.0,1388.0,1.0,4.0,2017.0,19.0,1926544.0,1388.0,5552.0,2799596.0,26372.0,1.0,4.0,2017.0,19.0,16.0,8068.0,76.0,4068289.0,38323.0,361.0,1388.0,1.0
1.0,1389.0,2.0,4.0,2017.0,20.0,1929321.0,2778.0,5556.0,2801613.0,27780.0,4.0,8.0,4034.0,40.0,16.0,8068.0,80.0,4068289.0,40340.0,400.0,1389.0,2.0
1.0,1390.0,3.0,4.0,2017.0,21.0,1932100.0,4170.0,5560.0,2803630.0,29190.0,9.0,12.0,6051.0,63.0,16.0,8068.0,84.0,4068289.0,42357.0,441.0,1390.0,3.0
1.0,1391.0,4.0,4.0,2017.0,22.0,1934881.0,5564.0,5564.0,2805647.0,30602.0,16.0,16.0,8068.0,88.0,16.0,8068.0,88.0,4068289.0,44374.0,484.0,1391.0,4.0
1.0,1392.0,5.0,4.0,2017.0,23.0,1937664.0,6960.0,5568.0,2807664.0,32016.0,25.0,20.0,10085.0,115.0,16.0,8068.0,92.0,4068289.0,46391.0,529.0,1392.0,5.0
1.0,1393.0,6.0,4.0,2017.0,24.0,1940449.0,8358.0,5572.0,2809681.0,33432.0,36.0,24.0,12102.0,144.0,16.0,8068.0,96.0,4068289.0,48408.0,576.0,1393.0,6.0
1.0,1394.0,7.0,4.0,2017.0,25.0,1943236.0,9758.0,5576.0,2811698.0,34850.0,49.0,28.0,14119.0,175.0,16.0,8068.0,100.0,4068289.0,50425.0,625.0,1394.0,7.0
1.0,1395.0,1.0,4.0,2017.0,26.0,1946025.0,1395.0,5580.0,2813715.0,36270.0,1.0,4.0,2017.0,26.0,16.0,8068.0,104.0,4068289.0,52442.0,676.0,1395.0,1.0
1.0,1396.0,2.0,4.0,2017.0,27.0,1948816.0,2792.0,5584.0,2815732.0,37692.0,4.0,8.0,4034.0,54.0,16.0,8068.0,108.0,4068289.0,54459.0,729.0,1396.0,2.0
1.0,1397.0,3.0,4.0,2017.0,28.0,1951609.0,4191.0,5588.0,2817749.0,39116.0,9.0,12.0,6051.0,84.0,16.0,8068.0,112.0,4068289.0,56476.0,784.0,1397.0,3.0
1.0,1398.0,4.0,4.0,2017.0,29.0,1954404.0,5592.0,5592.0,2819766.0,40542.0,16.0,16.0,8068.0,116.0,16.0,8068.0,116.0,4068289.0,58493.0,841.0,1398.0,4.0
1.0,1399.0,5.0,4.0,2017.0,30.0,1957201.0,6995.0,5596.0,2821783.0,41970.0,25.0,20.0,10085.0,150.0,16.0,8068.0,120.0,4068289.0,60510.0,900.0,1399.0,5.0
1.0,1400.0,6.0,5.0,2017.0,1.0,1960000.0,8400.0,7000.0,2823800.0,1400.0,36.0,30.0,12102.0,6.0,25.0,10085.0,5.0,4068289.0,2017.0,1.0,1400.0,6.0
1.0,1401.0,7.0,5.0,2017.0,2.0,1962801.0,9807.0,7005.0,2825817.0,2802.0,49.0,35.0,14119.0,14.0,25.0,10085.0,10.0,4068289.0,4034.0,4.0,1401.0,7.0
1.0,1402.0,2.0,5.0,2017.0,4.0,1965604.0,2804.0,7010.0,2827834.0,5608.0,4.0,10.0,4034.0,8.0,25.0,10085.0,20.0,4068289.0,8068.0,16.0,1402.0,2.0
1.0,1403.0,3.0,5.0,2017.0,5.0,1968409.0,4209.0,7015.0,2829851.0,7015.0,9.0,15.0,6051.0,15.0,25.0,10085.0,25.0,4068289.0,10085.0,25.0,1403.0,3.0
1.0,1404.0,4.0,5.0,2017.0,6.0,1971216.0,5616.0,7020.0,2831868.0,8424.0,16.0,20.0,8068.0,24.0,25.0,10085.0,30.0,4068289.0,12102.0,36.0,1404.0,4.0
1.0,1405.0,5.0,5.0,2017.0,7.0,1974025.0,7025.0,7025.0,2833885.0,9835.0,25.0,25.0,10085.0,35.0,25.0,10085.0,35.0,4068289.0,14119.0,49.0,1405.0,5.0
1.0,1406.0,6.0,5.0,2017.0,8.0,1976836.0,8436.0,7030.0,2835902.0,11248.0,36.0,30.0,12102.0,48.0,25.0,10085.0,40.0,4068289.0,16136.0,64.0,1406.0,6.0
1.0,1407.0,1.0,5.0,2017.0,10.0,1979649.0,1407.0,7035.0,2837919.0,14070.0,1.0,5.0,2017.0,10.0,25.0,10085.0,50.0,4068289.0,20170.0,100.0,1407.0,1.0
1.0,1408.0,2.0,5.0,2017.0,11.0,1982464.0,2816.0,7040.0,2839936.0,15488.0,4.0,10.0,4034.0,22.0,25.0,10085.0,55.0,4068289.0,22187.0,121.0,1408.0,2.0
1.0,1409.0,3.0,5.0,2017.0,12.0,1985281.0,4227.0,7045.0,2841953.0,16908.0,9.0,15.0,6051.0,36.0,25.0,10085.0,60.0,4068289.0,24204.0,144.0,1409.0,3.0
1.0,1410.0,4.0,5.0,2017.0,13.0,1988100.0,5640.0,7050.0,2843970.0,18330.0,16.0,20.0,8068.0,52.0,25.0,10085.0,65.0,4068289.0,26221.0,169.0,1410.0,4.0
1.0,1411.0,5.0,5.0,2017.0,14.0,1990921.0,7055.0,7055.0,2845987.0,19754.0,25.0,25.0,10085.0,70.0,25.0,10085.0,70.0,4068289.0,28238.0,196.0,1411.0,5.0
1.0,1412.0,6.0,5.0,2017.0,15.0,1993744.0,8472.0,7060.0,2848004.0,21180.0,36.0,30.0,12102.0,90.0,25.0,10085.0,75.0,4068289.0,30255.0,225.0,1412.0,6.0
1.0,1413.0,7.0,5.0,2017.0,16.0,1996569.0,9891.0,7065.0,2850021.0,22608.0,49.0,35.0,14119.0,112.0,25.0,10085.0,80.0,4068289.0,32272.0,256.0,1413.0,7.0
1.0,1414.0,1.0,5.0,2017.0,17.0,1999396.0,1414.0,7070.0,2852038.0,24038.0,1.0,5.0,2017.0,17.0,25.0,10085.0,85.0,4068289.0,34289.0,289.0,1414.0,1.0
1.0,1415.0,2.0,5.0,2017.0,18.0,2002225.0,2830.0,7075.0,2854055.0,25470.0,4.0,10.0,4034.0,36.0,25.0,10085.0,90.0,4068289.0,36306.0,324.0,1415.0,2.0
1.0,1416.0,3.0,5.0,2017.0,19.0,2005056.0,4248.0,7080.0,2856072.0,26904.0,9.0,15.0,6051.0,57.0,25.0,10085.0,95.0,4068289.0,38323.0,361.0,1416.0,3.0
1.0,1417.0,4.0,5.0,2017.0,20.0,2007889.0,5668.0,7085.0,2858089.0,28340.0,16.0,20.0,8068.0,80.0,25.0,10085.0,100.0,4068289.0,40340.0,400.0,1417.0,4.0
1.0,1418.0,5.0,5.0,2017.0,21.0,2010724.0,7090.0,7090.0,2860106.0,29778.0,25.0,25.0,10085.0,105.0,25.0,10085.0,105.0,4068289.0,42357.0,441.0,1418.0,5.0
1.0,1419.0,6.0,5.0,2017.0,22.0,2013561.0,8514.0,7095.0,2862123.0,31218.0,36.0,30.0,12102.0,132.0,25.0,10085.0,110.0,4068289.0,44374.0,484.0,1419.0,6.0
1.0,1420.0,7.0,5.0,2017.0,23.0,2016400.0,9940.0,7100.0,2864140.0,32660.0,49.0,35.0,14119.0,161.0,25.0,10085.0,115.0,4068289.0,46391.0,529.0,1420.0,7.0
1.0,1421.0,1.0,5.0,2017.0,24.0,2019241.0,1421.0,7105.0,2866157.0,34104.0,1.0,5.0,2017.0,24.0,25.0,10085.0,120.0,4068289.0,48408.0,576.0,1421.0,1.0
1.0,1422.0,2.0,5.0,2017.0,25.0,2022084.0,2844.0,7110.0,2868174.0,35550.0,4.0,10.0,4034.0,50.0,25.0,10085.0,125.0,4068289.0,50425.0,625.0,1422.0,2.0
1.0,1423.0,3.0,5.0,2017.0,26.0,2024929.0,4269.0,7115.0,2870191.0,36998.0,9.0,15.0,6051.0,78.0,25.0,10085.0,130.0,4068289.0,52442.0,676.0,1423.0,3.0
1.0,1424.0,4.0,5.0,2017.0,27.0,2027776.0,5696.0,7120.0,2872208.0,38448.0,16.0,20.0,8068.0,108.0,25.0,10085.0,135.0,4068289.0,54459.0,729.0,1424.0,4.0
1.0,1425.0,5.0,5.0,2017.0,28.0,2030625.0,7125.0,7125.0,2874225.0,39900.0,25.0,25.0,10085.0,140.0,25.0,10085.0,140.0,4068289.0,56476.0,784.0,1425.0,5.0
1.0,1426.0,6.0,5.0,2017.0,29.0,2033476.0,8556.0,7130.0,2876242.0,41354.0,36.0,30.0,12102.0,174.0,25.0,10085.0,145.0,4068289.0,58493.0,841.0,1426.0,6.0
1.0,1427.0,7.0,5.0,2017.0,30.0,2036329.0,9989.0,7135.0,2878259.0,42810.0,49.0,35.0,14119.0,210.0,25.0,10085.0,150.0,4068289.0,60510.0,900.0,1427.0,7.0
1.0,1428.0,1.0,5.0,2017.0,31.0,2039184.0,1428.0,7140.0,2880276.0,44268.0,1.0,5.0,2017.0,31.0,25.0,10085.0,155.0,4068289.0,62527.0,961.0,1428.0,1.0
1.0,1429.0,2.0,6.0,2017.0,1.0,2042041.0,2858.0,8574.0,2882293.0,1429.0,4.0,12.0,4034.0,2.0,36.0,12102.0,6.0,4068289.0,2017.0,1.0,1429.0,2.0
1.0,1430.0,3.0,6.0,2017.0,2.0,2044900.0,4290.0,8580.0,2884310.0,2860.0,9.0,18.0,6051.0,6.0,36.0,12102.0,12.0,4068289.0,4034.0,4.0,1430.0,3.0
1.0,1431.0,4.0,6.0,2017.0,3.0,2047761.0,5724.0,8586.0,2886327.0,4293.0,16.0,24.0,8068.0,12.0,36.0,12102.0,18.0,4068289.0,6051.0,9.0,1431.0,4.0
1.0,1432.0,5.0,6.0,2017.0,4.0,2050624.0,7160.0,8592.0,2888344.0,5728.0,25.0,30.0,10085.0,20.0,36.0,12102.0,24.0,4068289.0,8068.0,16.0,1432.0,5.0
1.0,1433.0,6.0,6.0,2017.0,5.0,2053489.0,8598.0,8598.0,2890361.0,7165.0,36.0,36.0,12102.0,30.0,36.0,12102.0,30.0,4068289.0,10085.0,25.0,1433.0,6.0
1.0,1434.0,7.0,6.0,2017.0,6.0,2056356.0,10038.0,8604.0,2892378.0,8604.0,49.0,42.0,14119.0,42.0,36.0,12102.0,36.0,4068289.0,12102.0,36.0,1434.0,7.0
1.0,1435.0,1.0,6.0,2017.0,7.0,2059225.0,1435.0,8610.0,2894395.0,10045.0,1.0,6.0,2017.0,7.0,36.0,12102.0,42.0,4068289.0,14119.0,49.0,1435.0,1.0
1.0,1436.0,2.0,6.0,2017.0,8.0,2062096.0,2872.0,8616.0,2896412.0,11488.0,4.0,12.0,4034.0,16.0,36.0,12102.0,48.0,4068289.0,16136.0,64.0,1436.0,2.0
1.0,1437.0,3.0,6.0,2017.0,9.0,2064969.0,4311.0,8622.0,2898429.0,12933.0,9.0,18.0,6051.0,27.0,36.0,12102.0,54.0,4068289.0,18153.0,81.0,1437.0,3.0
1.0,1438.0,4.0,6.0,2017.0,10.0,2067844.0,5752.0,8628.0,2900446.0,14380.0,16.0,24.0,8068.0,40.0,36.0,12102.0,60.0,4068289.0,20170.0,100.0,1438.0,4.0
1.0,1439.0,5.0,6.0,2017.0,11.0,2070721.0,7195.0,8634.0,2902463.0,15829.0,25.0,30.0,10085.0,55.0,36.0,12102.0,66.0,4068289.0,22187.0,121.0,1439.0,5.0
1.0,1440.0,6.0,6.0,2017.0,12.0,2073600.0,8640.0,8640.0,2904480.0,17280.0,36.0,36.0,12102.0,72.0,36.0,12102.0,72.0,4068289.0,24204.0,144.0,1440.0,6.0
1.0,1441.0,7.0,6.0,2017.0,13.0,2076481.0,10087.0,8646.0,2906497.0,18733.0,49.0,42.0,14119.0,91.0,36.0,12102.0,78.0,4068289.0,26221.0,169.0,1441.0,7.0
1.0,1442.0,1.0,6.0,2017.0,14.0,2079364.0,1442.0,8652.0,2908514.0,20188.0,1.0,6.0,2017.0,14.0,36.0,12102.0,84.0,4068289.0,28238.0,196.0,1442.0,1.0
1.0,1443.0,2.0,6.0,2017.0,15.0,2082249.0,2886.0,8658.0,2910531.0,21645.0,4.0,12.0,4034.0,30.0,36.0,12102.0,90.0,4068289.0,30255.0,225.0,1443.0,2.0
1.0,1444.0,3.0,6.0,2017.0,16.0,2085136.0,4332.0,8664.0,2912548.0,23104.0,9.0,18.0,6051.0,48.0,36.0,12102.0,96.0,4068289.0,32272.0,256.0,1444.0,3.0
1.0,1445.0,4.0,6.0,2017.0,17.0,2088025.0,5780.0,8670.0,2914565.0,24565.0,16.0,24.0,8068.0,68.0,36.0,12102.0,102.0,4068289.0,34289.0,289.0,1445.0,4.0
1.0,1446.0,5.0,6.0,2017.0,18.0,2090916.0,7230.0,8676.0,2916582.0,26028.0,25.0,30.0,10085.0,90.0,36.0,12102.0,108.0,4068289.0,36306.0,324.0,1446.0,5.0
1.0,1447.0,6.0,6.0,2017.0,19.0,2093809.0,8682.0,8682.0,2918599.0,27493.0,36.0,36.0,12102.0,114.0,36.0,12102.0,114.0,4068289.0,38323.0,361.0,1447.0,6.0
1.0,1448.0,7.0,6.0,2017.0,20.0,2096704.0,10136.0,8688.0,2920616.0,28960.0,49.0,42.0,14119.0,140.0,36.0,12102.0,120.0,4068289.0,40340.0,400.0,1448.0,7.0
1.0,1449.0,1.0,6.0,2017.0,21.0,2099601.0,1449.0,8694.0,2922633.0,30429.0,1.0,6.0,2017.0,21.0,36.0,12102.0,126.0,4068289.0,42357.0,441.0,1449.0,1.0
1.0,1450.0,2.0,6.0,2017.0,22.0,2102500.0,2900.0,8700.0,2924650.0,31900.0,4.0,12.0,4034.0,44.0,36.0,12102.0,132.0,4068289.0,44374.0,484.0,1450.0,2.0
1.0,1451.0,3.0,6.0,2017.0,23.0,2105401.0,4353.0,8706.0,2926667.0,33373.0,9.0,18.0,6051.0,69.0,36.0,12102.0,138.0,4068289.0,46391.0,529.0,1451.0,3.0
1.0,1452.0,4.0,6.0,2017.0,24.0,2108304.0,5808.0,8712.0,2928684.0,34848.0,16.0,24.0,8068.0,96.0,36.0,12102.0,144.0,4068289.0,48408.0,576.0,1452.0,4.0
1.0,1453.0,5.0,6.0,2017.0,25.0,2111209.0,7265.0,8718.0,2930701.0,36325.0,25.0,30.0,10085.0,125.0,36.0,12102.0,150.0,4068289.0,50425.0,625.0,1453.0,5.0
1.0,1454.0,6.0,6.0,2017.0,26.0,2114116.0,8724.0,8724.0,2932718.0,37804.0,36.0,36.0,12102.0,156.0,36.0,12102.0,156.0,4068289.0,52442.0,676.0,1454.0,6.0
1.0,1455.0,7.0,6.0,2017.0,27.0,2117025.0,10185.0,8730.0,2934735.0,39285.0,49.0,42.0,14119.0,189.0,36.0,12102.0,162.0,4068289.0,54459.0,729.0,1455.0,7.0
1.0,1456.0,1.0,6.0,2017.0,28.0,2119936.0,1456.0,8736.0,2936752.0,40768.0,1.0,6.0,2017.0,28.0,36.0,12102.0,168.0,4068289.0,56476.0,784.0,1456.0,1.0
1.0,1457.0,2.0,6.0,2017.0,29.0,2122849.0,2914.0,8742.0,2938769.0,42253.0,4.0,12.0,4034.0,58.0,36.0,12102.0,174.0,4068289.0,58493.0,841.0,1457.0,2.0
1.0,1458.0,3.0,6.0,2017.0,30.0,2125764.0,4374.0,8748.0,2940786.0,43740.0,9.0,18.0,6051.0,90.0,36.0,12102.0,180.0,4068289.0,60510.0,900.0,1458.0,3.0
1.0,1459.0,4.0,7.0,2017.0,1.0,2128681.0,5836.0,10213.0,2942803.0,1459.0,16.0,28.0,8068.0,4.0,49.0,14119.0,7.0,4068289.0,2017.0,1.0,1459.0,4.0
1.0,1460.0,5.0,7.0,2017.0,2.0,2131600.0,7300.0,10220.0,2944820.0,2920.0,25.0,35.0,10085.0,10.0,49.0,14119.0,14.0,4068289.0,4034.0,4.0,1460.0,5.0
1.0,1461.0,6.0,7.0,2017.0,3.0,2134521.0,8766.0,10227.0,2946837.0,4383.0,36.0,42.0,12102.0,18.0,49.0,14119.0,21.0,4068289.0,6051.0,9.0,1461.0,6.0
1.0,1462.0,7.0,7.0,2017.0,4.0,2137444.0,10234.0,10234.0,2948854.0,5848.0,49.0,49.0,14119.0,28.0,49.0,14119.0,28.0,4068289.0,8068.0,16.0,1462.0,7.0
1.0,1463.0,1.0,7.0,2017.0,5.0,2140369.0,1463.0,10241.0,2950871.0,7315.0,1.0,7.0,2017.0,5.0,49.0,14119.0,35.0,4068289.0,10085.0,25.0,1463.0,1.0
1.0,1464.0,2.0,7.0,2017.0,6.0,2143296.0,2928.0,10248.0,2952888.0,8784.0,4.0,14.0,4034.0,12.0,49.0,14119.0,42.0,4068289.0,12102.0,36.0,1464.0,2.0
1.0,1465.0,3.0,7.0,2017.0,7.0,2146225.0,4395.0,10255.0,2954905.0,10255.0,9.0,21.0,6051.0,21.0,49.0,14119.0,49.0,4068289.0,14119.0,49.0,1465.0,3.0
1.0,1466.0,4.0,7.0,2017.0,8.0,2149156.0,5864.0,10262.0,2956922.0,11728.0,16.0,28.0,8068.0,32.0,49.0,14119.0,56.0,4068289.0,16136.0,64.0,1466.0,4.0
1.0,1467.0,5.0,7.0,2017.0,9.0,2152089.0,7335.0,10269.0,2958939.0,13203.0,25.0,35.0,10085.0,45.0,49.0,14119.0,63.0,4068289.0,18153.0,81.0,1467.0,5.0
1.0,1468.0,6.0,7.0,2017.0,10.0,2155024.0,8808.0,10276.0,2960956.0,14680.0,36.0,42.0,12102.0,60.0,49.0,14119.0,70.0,4068289.0,20170.0,100.0,1468.0,6.0
1.0,1469.0,7.0,7.0,2017.0,11.0,2157961.0,10283.0,10283.0,2962973.0,16159.0,49.0,49.0,14119.0,77.0,49.0,14119.0,77.0,4068289.0,22187.0,121.0,1469.0,7.0
1.0,1470.0,1.0,7.0,2017.0,12.0,2160900.0,1470.0,10290.0,2964990.0,17640.0,1.0,7.0,2017.0,12.0,49.0,14119.0,84.0,4068289.0,24204.0,144.0,1470.0,1.0
1.0,1471.0,2.0,7.0,2017.0,13.0,2163841.0,2942.0,10297.0,2967007.0,19123.0,4.0,14.0,4034.0,26.0,49.0,14119.0,91.0,4068289.0,26221.0,169.0,1471.0,2.0
1.0,1472.0,3.0,7.0,2017.0,14.0,2166784.0,4416.0,10304.0,2969024.0,20608.0,9.0,21.0,6051.0,42.0,49.0,14119.0,98.0,4068289.0,28238.0,196.0,1472.0,3.0
1.0,1473.0,4.0,7.0,2017.0,15.0,2169729.0,5892.0,10311.0,2971041.0,22095.0,16.0,28.0,8068.0,60.0,49.0,14119.0,105.0,4068289.0,30255.0,225.0,1473.0,4.0
1.0,1474.0,5.0,7.0,2017.0,16.0,2172676.0,7370.0,10318.0,2973058.0,23584.0,25.0,35.0,10085.0,80.0,49.0,14119.0,112.0,4068289.0,32272.0,256.0,1474.0,5.0
1.0,1475.0,6.0,7.0,2017.0,17.0,2175625.0,8850.0,10325.0,2975075.0,25075.0,36.0,42.0,12102.0,102.0,49.0,14119.0,119.0,4068289.0,34289.0,289.0,1475.0,6.0
1.0,1476.0,7.0,7.0,2017.0,18.0,2178576.0,10332.0,10332.0,2977092.0,26568.0,49.0,49.0,14119.0,126.0,49.0,14119.0,126.0,4068289.0,36306.0,324.0,1476.0,7.0
1.0,1477.0,1.0,7.0,2017.0,19.0,2181529.0,1477.0,10339.0,2979109.0,28063.0,1.0,7.0,2017.0,19.0,49.0,14119.0,133.0,4068289.0,38323.0,361.0,1477.0,1.0
1.0,1478.0,2.0,7.0,2017.0,20.0,2184484.0,2956.0,10346.0,2981126.0,29560.0,4.0,14.0,4034.0,40.0,49.0,14119.0,140.0,4068289.0,40340.0,400.0,1478.0,2.0
1.0,1479.0,3.0,7.0,2017.0,21.0,2187441.0,4437.0,10353.0,2983143.0,31059.0,9.0,21.0,6051.0,63.0,49.0,14119.0,147.0,4068289.0,42357.0,441.0,1479.0,3.0
1.0,1480.0,4.0,7.0,2017.0,22.0,2190400.0,5920.0,10360.0,2985160.0,32560.0,16.0,28.0,8068.0,88.0,49.0,14119.0,154.0,4068289.0,44374.0,484.0,1480.0,4.0
1.0,1481.0,5.0,7.0,2017.0,23.0,2193361.0,7405.0,10367.0,2987177.0,34063.0,25.0,35.0,10085.0,115.0,49.0,14119.0,161.0,4068289.0,46391.0,529.0,1481.0,5.0
1.0,1482.0,6.0,7.0,2017.0,24.0,2196324.0,8892.0,10374.0,2989194.0,35568.0,36.0,42.0,12102.0,144.0,49.0,14119.0,168.0,4068289.0,48408.0,576.0,1482.0,6.0
1.0,1483.0,7.0,7.0,2017.0,25.0,2199289.0,10381.0,10381.0,2991211.0,37075.0,49.0,49.0,14119.0,175.0,49.0,14119.0,175.0,4068289.0,50425.0,625.0,1483.0,7.0
1.0,1484.0,1.0,7.0,2017.0,26.0,2202256.0,1484.0,10388.0,2993228.0,38584.0,1.0,7.0,2017.0,26.0,49.0,14119.0,182.0,4068289.0,52442.0,676.0,1484.0,1.0
1.0,1485.0,2.0,7.0,2017.0,27.0,2205225.0,2970.0,10395.0,2995245.0,40095.0,4.0,14.0,4034.0,54.0,49.0,14119.0,189.0,4068289.0,54459.0,729.0,1485.0,2.0
1.0,1486.0,3.0,7.0,2017.0,28.0,2208196.0,4458.0,10402.0,2997262.0,41608.0,9.0,21.0,6051.0,84.0,49.0,14119.0,196.0,4068289.0,56476.0,784.0,1486.0,3.0
1.0,1487.0,4.0,7.0,2017.0,29.0,2211169.0,5948.0,10409.0,2999279.0,43123.0,16.0,28.0,8068.0,116.0,49.0,14119.0,203.0,4068289.0,58493.0,841.0,1487.0,4.0
1.0,1488.0,5.0,7.0,2017.0,30.0,2214144.0,7440.0,10416.0,3001296.0,44640.0,25.0,35.0,10085.0,150.0,49.0,14119.0,210.0,4068289.0,60510.0,900.0,1488.0,5.0
1.0,1489.0,6.0,7.0,2017.0,31.0,2217121.0,8934.0,10423.0,3003313.0,46159.0,36.0,42.0,12102.0,186.0,49.0,14119.0,217.0,4068289.0,62527.0,961.0,1489.0,6.0
1.0,1490.0,7.0,8.0,2017.0,1.0,2220100.0,10430.0,11920.0,3005330.0,1490.0,49.0,56.0,14119.0,7.0,64.0,16136.0,8.0,4068289.0,2017.0,1.0,1490.0,7.0
1.0,1491.0,1.0,8.0,2017.0,2.0,2223081.0,1491.0,11928.0,3007347.0,2982.0,1.0,8.0,2017.0,2.0,64.0,16136.0,16.0,4068289.0,4034.0,4.0,1491.0,1.0
1.0,1492.0,2.0,8.0,2017.0,3.0,2226064.0,2984.0,11936.0,3009364.0,4476.0,4.0,16.0,4034.0,6.0,64.0,16136.0,24.0,4068289.0,6051.0,9.0,1492.0,2.0
1.0,1493.0,3.0,8.0,2017.0,4.0,2229049.0,4479.0,11944.0,3011381.0,5972.0,9.0,24.0,6051.0,12.0,64.0,16136.0,32.0,4068289.0,8068.0,16.0,1493.0,3.0
1.0,1494.0,4.0,8.0,2017.0,5.0,2232036.0,5976.0,11952.0,3013398.0,7470.0,16.0,32.0,8068.0,20.0,64.0,16136.0,40.0,4068289.0,10085.0,25.0,1494.0,4.0
1.0,1495.0,5.0,8.0,2017.0,6.0,2235025.0,7475.0,11960.0,3015415.0,8970.0,25.0,40.0,10085.0,30.0,64.0,16136.0,48.0,4068289.0,12102.0,36.0,1495.0,5.0
1.0,1496.0,7.0,8.0,2017.0,7.0,2238016.0,10472.0,11968.0,3017432.0,10472.0,49.0,56.0,14119.0,49.0,64.0,16136.0,56.0,4068289.0,14119.0,49.0,1496.0,7.0
1.0,1497.0,1.0,8.0,2017.0,8.0,2241009.0,1497.0,11976.0,3019449.0,11976.0,1.0,8.0,2017.0,8.0,64.0,16136.0,64.0,4068289.0,16136.0,64.0,1497.0,1.0
1.0,1498.0,2.0,8.0,2017.0,9.0,2244004.0,2996.0,11984.0,3021466.0,13482.0,4.0,16.0,4034.0,18.0,64.0,16136.0,72.0,4068289.0,18153.0,81.0,1498.0,2.0
1.0,1499.0,3.0,8.0,2017.0,10.0,2247001.0,4497.0,11992.0,3023483.0,14990.0,9.0,24.0,6051.0,30.0,64.0,16136.0,80.0,4068289.0,20170.0,100.0,1499.0,3.0
1.0,1500.0,4.0,8.0,2017.0,11.0,2250000.0,6000.0,12000.0,3025500.0,16500.0,16.0,32.0,8068.0,44.0,64.0,16136.0,88.0,4068289.0,22187.0,121.0,1500.0,4.0
1.0,1501.0,5.0,8.0,2017.0,12.0,2253001.0,7505.0,12008.0,3027517.0,18012.0,25.0,40.0,10085.0,60.0,64.0,16136.0,96.0,4068289.0,24204.0,144.0,1501.0,5.0
1.0,1502.0,6.0,8.0,2017.0,13.0,2256004.0,9012.0,12016.0,3029534.0,19526.0,36.0,48.0,12102.0,78.0,64.0,16136.0,104.0,4068289.0,26221.0,169.0,1502.0,6.0
1.0,1503.0,7.0,8.0,2017.0,14.0,2259009.0,10521.0,12024.0,3031551.0,21042.0,49.0,56.0,14119.0,98.0,64.0,16136.0,112.0,4068289.0,28238.0,196.0,1503.0,7.0
1.0,1504.0,1.0,8.0,2017.0,15.0,2262016.0,1504.0,12032.0,3033568.0,22560.0,1.0,8.0,2017.0,15.0,64.0,16136.0,120.0,4068289.0,30255.0,225.0,1504.0,1.0
1.0,1505.0,2.0,8.0,2017.0,16.0,2265025.0,3010.0,12040.0,3035585.0,24080.0,4.0,16.0,4034.0,32.0,64.0,16136.0,128.0,4068289.0,32272.0,256.0,1505.0,2.0
1.0,1506.0,3.0,8.0,2017.0,17.0,2268036.0,4518.0,12048.0,3037602.0,25602.0,9.0,24.0,6051.0,51.0,64.0,16136.0,136.0,4068289.0,34289.0,289.0,1506.0,3.0
1.0,1507.0,4.0,8.0,2017.0,18.0,2271049.0,6028.0,12056.0,3039619.0,27126.0,16.0,32.0,8068.0,72.0,64.0,16136.0,144.0,4068289.0,36306.0,324.0,1507.0,4.0
1.0,1508.0,5.0,8.0,2017.0,19.0,2274064.0,7540.0,12064.0,3041636.0,28652.0,25.0,40.0,10085.0,95.0,64.0,16136.0,152.0,4068289.0,38323.0,361.0,1508.0,5.0
1.0,1509.0,6.0,8.0,2017.0,20.0,2277081.0,9054.0,12072.0,3043653.0,30180.0,36.0,48.0,12102.0,120.0,64.0,16136.0,160.0,4068289.0,40340.0,400.0,1509.0,6.0
1.0,1510.0,7.0,8.0,2017.0,21.0,2280100.0,10570.0,12080.0,3045670.0,31710.0,49.0,56.0,14119.0,147.0,64.0,16136.0,168.0,4068289.0,42357.0,441.0,1510.0,7.0
1.0,1511.0,1.0,8.0,2017.0,22.0,2283121.0,1511.0,12088.0,3047687.0,33242.0,1.0,8.0,2017.0,22.0,64.0,16136.0,176.0,4068289.0,44374.0,484.0,1511.0,1.0
1.0,1512.0,2.0,8.0,2017.0,23.0,2286144.0,3024.0,12096.0,3049704.0,34776.0,4.0,16.0,4034.0,46.0,64.0,16136.0,184.0,4068289.0,46391.0,529.0,1512.0,2.0
1.0,1513.0,3.0,8.0,2017.0,24.0,2289169.0,4539.0,12104.0,3051721.0,36312.0,9.0,24.0,6051.0,72.0,64.0,16136.0,192.0,4068289.0,48408.0,576.0,1513.0,3.0
1.0,1514.0,4.0,8.0,2017.0,25.0,2292196.0,6056.0,12112.0,3053738.0,37850.0,16.0,32.0,8068.0,100.0,64.0,16136.0,200.0,4068289.0,50425.0,625.0,1514.0,4.0
1.0,1515.0,5.0,8.0,2017.0,26.0,2295225.0,7575.0,12120.0,3055755.0,39390.0,25.0,40.0,10085.0,130.0,64.0,16136.0,208.0,4068289.0,52442.0,676.0,1515.0,5.0
1.0,1516.0,6.0,8.0,2017.0,27.0,2298256.0,9096.0,12128.0,3057772.0,40932.0,36.0,48.0,12102.0,162.0,64.0,16136.0,216.0,4068289.0,54459.0,729.0,1516.0,6.0
1.0,1517.0,1.0,8.0,2017.0,29.0,2301289.0,1517.0,12136.0,3059789.0,43993.0,1.0,8.0,2017.0,29.0,64.0,16136.0,232.0,4068289.0,58493.0,841.0,1517.0,1.0
1.0,1518.0,2.0,8.0,2017.0,30.0,2304324.0,3036.0,12144.0,3061806.0,45540.0,4.0,16.0,4034.0,60.0,64.0,16136.0,240.0,4068289.0,60510.0,900.0,1518.0,2.0
1.0,1519.0,3.0,8.0,2017.0,31.0,2307361.0,4557.0,12152.0,3063823.0,47089.0,9.0,24.0,6051.0,93.0,64.0,16136.0,248.0,4068289.0,62527.0,961.0,1519.0,3.0
1.0,1520.0,4.0,9.0,2017.0,1.0,2310400.0,6080.0,13680.0,3065840.0,1520.0,16.0,36.0,8068.0,4.0,81.0,18153.0,9.0,4068289.0,2017.0,1.0,1520.0,4.0
1.0,1521.0,5.0,9.0,2017.0,2.0,2313441.0,7605.0,13689.0,3067857.0,3042.0,25.0,45.0,10085.0,10.0,81.0,18153.0,18.0,4068289.0,4034.0,4.0,1521.0,5.0
1.0,1522.0,6.0,9.0,2017.0,3.0,2316484.0,9132.0,13698.0,3069874.0,4566.0,36.0,54.0,12102.0,18.0,81.0,18153.0,27.0,4068289.0,6051.0,9.0,1522.0,6.0
1.0,1523.0,2.0,9.0,2017.0,6.0,2319529.0,3046.0,13707.0,3071891.0,9138.0,4.0,18.0,4034.0,12.0,81.0,18153.0,54.0,4068289.0,12102.0,36.0,1523.0,2.0
1.0,1524.0,3.0,9.0,2017.0,7.0,2322576.0,4572.0,13716.0,3073908.0,10668.0,9.0,27.0,6051.0,21.0,81.0,18153.0,63.0,4068289.0,14119.0,49.0,1524.0,3.0
1.0,1525.0,4.0,9.0,2017.0,8.0,2325625.0,6100.0,13725.0,3075925.0,12200.0,16.0,36.0,8068.0,32.0,81.0,18153.0,72.0,4068289.0,16136.0,64.0,1525.0,4.0
1.0,1526.0,5.0,9.0,2017.0,9.0,2328676.0,7630.0,13734.0,3077942.0,13734.0,25.0,45.0,10085.0,45.0,81.0,18153.0,81.0,4068289.0,18153.0,81.0,1526.0,5.0
1.0,1527.0,6.0,9.0,2017.0,10.0,2331729.0,9162.0,13743.0,3079959.0,15270.0,36.0,54.0,12102.0,60.0,81.0,18153.0,90.0,4068289.0,20170.0,100.0,1527.0,6.0
1.0,1528.0,7.0,9.0,2017.0,11.0,2334784.0,10696.0,13752.0,3081976.0,16808.0,49.0,63.0,14119.0,77.0,81.0,18153.0,99.0,4068289.0,22187.0,121.0,1528.0,7.0
1.0,1529.0,1.0,9.0,2017.0,12.0,2337841.0,1529.0,13761.0,3083993.0,18348.0,1.0,9.0,2017.0,12.0,81.0,18153.0,108.0,4068289.0,24204.0,144.0,1529.0,1.0
1.0,1530.0,2.0,9.0,2017.0,13.0,2340900.0,3060.0,13770.0,3086010.0,19890.0,4.0,18.0,4034.0,26.0,81.0,18153.0,117.0,4068289.0,26221.0,169.0,1530.0,2.0
1.0,1531.0,3.0,9.0,2017.0,14.0,2343961.0,4593.0,13779.0,3088027.0,21434.0,9.0,27.0,6051.0,42.0,81.0,18153.0,126.0,4068289.0,28238.0,196.0,1531.0,3.0
1.0,1532.0,4.0,9.0,2017.0,15.0,2347024.0,6128.0,13788.0,3090044.0,22980.0,16.0,36.0,8068.0,60.0,81.0,18153.0,135.0,4068289.0,30255.0,225.0,1532.0,4.0
1.0,1533.0,5.0,9.0,2017.0,16.0,2350089.0,7665.0,13797.0,3092061.0,24528.0,25.0,45.0,10085.0,80.0,81.0,18153.0,144.0,4068289.0,32272.0,256.0,1533.0,5.0
1.0,1534.0,6.0,9.0,2017.0,17.0,2353156.0,9204.0,13806.0,3094078.0,26078.0,36.0,54.0,12102.0,102.0,81.0,18153.0,153.0,4068289.0,34289.0,289.0,1534.0,6.0
1.0,1535.0,7.0,9.0,2017.0,18.0,2356225.0,10745.0,13815.0,3096095.0,27630.0,49.0,63.0,14119.0,126.0,81.0,18153.0,162.0,4068289.0,36306.0,324.0,1535.0,7.0
1.0,1536.0,1.0,9.0,2017.0,19.0,2359296.0,1536.0,13824.0,3098112.0,29184.0,1.0,9.0,2017.0,19.0,81.0,18153.0,171.0,4068289.0,38323.0,361.0,1536.0,1.0
1.0,1537.0,2.0,9.0,2017.0,20.0,2362369.0,3074.0,13833.0,3100129.0,30740.0,4.0,18.0,4034.0,40.0,81.0,18153.0,180.0,4068289.0,40340.0,400.0,1537.0,2.0
1.0,1538.0,3.0,9.0,2017.0,21.0,2365444.0,4614.0,13842.0,3102146.0,32298.0,9.0,27.0,6051.0,63.0,81.0,18153.0,189.0,4068289.0,42357.0,441.0,1538.0,3.0
1.0,1539.0,4.0,9.0,2017.0,22.0,2368521.0,6156.0,13851.0,3104163.0,33858.0,16.0,36.0,8068.0,88.0,81.0,18153.0,198.0,4068289.0,44374.0,484.0,1539.0,4.0
1.0,1540.0,5.0,9.0,2017.0,23.0,2371600.0,7700.0,13860.0,3106180.0,35420.0,25.0,45.0,10085.0,115.0,81.0,18153.0,207.0,4068289.0,46391.0,529.0,1540.0,5.0
1.0,1541.0,6.0,9.0,2017.0,24.0,2374681.0,9246.0,13869.0,3108197.0,36984.0,36.0,54.0,12102.0,144.0,81.0,18153.0,216.0,4068289.0,48408.0,576.0,1541.0,6.0
1.0,1542.0,7.0,9.0,2017.0,25.0,2377764.0,10794.0,13878.0,3110214.0,38550.0,49.0,63.0,14119.0,175.0,81.0,18153.0,225.0,4068289.0,50425.0,625.0,1542.0,7.0
1.0,1543.0,1.0,9.0,2017.0,26.0,2380849.0,1543.0,13887.0,3112231.0,40118.0,1.0,9.0,2017.0,26.0,81.0,18153.0,234.0,4068289.0,52442.0,676.0,1543.0,1.0
1.0,1544.0,2.0,9.0,2017.0,27.0,2383936.0,3088.0,13896.0,3114248.0,41688.0,4.0,18.0,4034.0,54.0,81.0,18153.0,243.0,4068289.0,54459.0,729.0,1544.0,2.0
1.0,1545.0,3.0,9.0,2017.0,28.0,2387025.0,4635.0,13905.0,3116265.0,43260.0,9.0,27.0,6051.0,84.0,81.0,18153.0,252.0,4068289.0,56476.0,784.0,1545.0,3.0
1.0,1546.0,4.0,9.0,2017.0,29.0,2390116.0,6184.0,13914.0,3118282.0,44834.0,16.0,36.0,8068.0,116.0,81.0,18153.0,261.0,4068289.0,58493.0,841.0,1546.0,4.0
1.0,1547.0,5.0,9.0,2017.0,30.0,2393209.0,7735.0,13923.0,3120299.0,46410.0,25.0,45.0,10085.0,150.0,81.0,18153.0,270.0,4068289.0,60510.0,900.0,1547.0,5.0
1.0,1548.0,6.0,10.0,2017.0,1.0,2396304.0,9288.0,15480.0,3122316.0,1548.0,36.0,60.0,12102.0,6.0,100.0,20170.0,10.0,4068289.0,2017.0,1.0,1548.0,6.0
1.0,1549.0,7.0,10.0,2017.0,2.0,2399401.0,10843.0,15490.0,3124333.0,3098.0,49.0,70.0,14119.0,14.0,100.0,20170.0,20.0,4068289.0,4034.0,4.0,1549.0,7.0
1.0,1550.0,1.0,10.0,2017.0,3.0,2402500.0,1550.0,15500.0,3126350.0,4650.0,1.0,10.0,2017.0,3.0,100.0,20170.0,30.0,4068289.0,6051.0,9.0,1550.0,1.0
1.0,1551.0,2.0,10.0,2017.0,4.0,2405601.0,3102.0,15510.0,3128367.0,6204.0,4.0,20.0,4034.0,8.0,100.0,20170.0,40.0,4068289.0,8068.0,16.0,1551.0,2.0
1.0,1552.0,3.0,10.0,2017.0,5.0,2408704.0,4656.0,15520.0,3130384.0,7760.0,9.0,30.0,6051.0,15.0,100.0,20170.0,50.0,4068289.0,10085.0,25.0,1552.0,3.0
1.0,1553.0,4.0,10.0,2017.0,6.0,2411809.0,6212.0,15530.0,3132401.0,9318.0,16.0,40.0,8068.0,24.0,100.0,20170.0,60.0,4068289.0,12102.0,36.0,1553.0,4.0
1.0,1554.0,5.0,10.0,2017.0,7.0,2414916.0,7770.0,15540.0,3134418.0,10878.0,25.0,50.0,10085.0,35.0,100.0,20170.0,70.0,4068289.0,14119.0,49.0,1554.0,5.0
1.0,1555.0,6.0,10.0,2017.0,8.0,2418025.0,9330.0,15550.0,3136435.0,12440.0,36.0,60.0,12102.0,48.0,100.0,20170.0,80.0,4068289.0,16136.0,64.0,1555.0,6.0
1.0,1556.0,7.0,10.0,2017.0,9.0,2421136.0,10892.0,15560.0,3138452.0,14004.0,49.0,70.0,14119.0,63.0,100.0,20170.0,90.0,4068289.0,18153.0,81.0,1556.0,7.0
1.0,1557.0,1.0,10.0,2017.0,10.0,2424249.0,1557.0,15570.0,3140469.0,15570.0,1.0,10.0,2017.0,10.0,100.0,20170.0,100.0,4068289.0,20170.0,100.0,1557.0,1.0
1.0,1558.0,2.0,10.0,2017.0,11.0,2427364.0,3116.0,15580.0,3142486.0,17138.0,4.0,20.0,4034.0,22.0,100.0,20170.0,110.0,4068289.0,22187.0,121.0,1558.0,2.0
1.0,1559.0,3.0,10.0,2017.0,12.0,2430481.0,4677.0,15590.0,3144503.0,18708.0,9.0,30.0,6051.0,36.0,100.0,20170.0,120.0,4068289.0,24204.0,144.0,1559.0,3.0
1.0,1560.0,4.0,10.0,2017.0,13.0,2433600.0,6240.0,15600.0,3146520.0,20280.0,16.0,40.0,8068.0,52.0,100.0,20170.0,130.0,4068289.0,26221.0,169.0,1560.0,4.0
1.0,1561.0,5.0,10.0,2017.0,14.0,2436721.0,7805.0,15610.0,3148537.0,21854.0,25.0,50.0,10085.0,70.0,100.0,20170.0,140.0,4068289.0,28238.0,196.0,1561.0,5.0
1.0,1562.0,6.0,10.0,2017.0,15.0,2439844.0,9372.0,15620.0,3150554.0,23430.0,36.0,60.0,12102.0,90.0,100.0,20170.0,150.0,4068289.0,30255.0,225.0,1562.0,6.0
1.0,1563.0,7.0,10.0,2017.0,16.0,2442969.0,10941.0,15630.0,3152571.0,25008.0,49.0,70.0,14119.0,112.0,100.0,20170.0,160.0,4068289.0,32272.0,256.0,1563.0,7.0
1.0,1564.0,1.0,10.0,2017.0,17.0,2446096.0,1564.0,15640.0,3154588.0,26588.0,1.0,10.0,2017.0,17.0,100.0,20170.0,170.0,4068289.0,34289.0,289.0,1564.0,1.0
1.0,1565.0,2.0,10.0,2017.0,18.0,2449225.0,3130.0,15650.0,3156605.0,28170.0,4.0,20.0,4034.0,36.0,100.0,20170.0,180.0,4068289.0,36306.0,324.0,1565.0,2.0
1.0,1566.0,3.0,10.0,2017.0,19.0,2452356.0,4698.0,15660.0,3158622.0,29754.0,9.0,30.0,6051.0,57.0,100.0,20170.0,190.0,4068289.0,38323.0,361.0,1566.0,3.0
1.0,1567.0,4.0,10.0,2017.0,20.0,2455489.0,6268.0,15670.0,3160639.0,31340.0,16.0,40.0,8068.0,80.0,100.0,20170.0,200.0,4068289.0,40340.0,400.0,1567.0,4.0
1.0,1568.0,5.0,10.0,2017.0,21.0,2458624.0,7840.0,15680.0,3162656.0,32928.0,25.0,50.0,10085.0,105.0,100.0,20170.0,210.0,4068289.0,42357.0,441.0,1568.0,5.0
1.0,1569.0,6.0,10.0,2017.0,22.0,2461761.0,9414.0,15690.0,3164673.0,34518.0,36.0,60.0,12102.0,132.0,100.0,20170.0,220.0,4068289.0,44374.0,484.0,1569.0,6.0
1.0,1570.0,7.0,10.0,2017.0,23.0,2464900.0,10990.0,15700.0,3166690.0,36110.0,49.0,70.0,14119.0,161.0,100.0,20170.0,230.0,4068289.0,46391.0,529.0,1570.0,7.0
1.0,1571.0,1.0,10.0,2017.0,24.0,2468041.0,1571.0,15710.0,3168707.0,37704.0,1.0,10.0,2017.0,24.0,100.0,20170.0,240.0,4068289.0,48408.0,576.0,1571.0,1.0
1.0,1572.0,2.0,10.0,2017.0,25.0,2471184.0,3144.0,15720.0,3170724.0,39300.0,4.0,20.0,4034.0,50.0,100.0,20170.0,250.0,4068289.0,50425.0,625.0,1572.0,2.0
1.0,1573.0,3.0,10.0,2017.0,26.0,2474329.0,4719.0,15730.0,3172741.0,40898.0,9.0,30.0,6051.0,78.0,100.0,20170.0,260.0,4068289.0,52442.0,676.0,1573.0,3.0
1.0,1574.0,4.0,10.0,2017.0,27.0,2477476.0,6296.0,15740.0,3174758.0,42498.0,16.0,40.0,8068.0,108.0,100.0,20170.0,270.0,4068289.0,54459.0,729.0,1574.0,4.0
1.0,1575.0,5.0,10.0,2017.0,28.0,2480625.0,7875.0,15750.0,3176775.0,44100.0,25.0,50.0,10085.0,140.0,100.0,20170.0,280.0,4068289.0,56476.0,784.0,1575.0,5.0
1.0,1576.0,6.0,10.0,2017.0,29.0,2483776.0,9456.0,15760.0,3178792.0,45704.0,36.0,60.0,12102.0,174.0,100.0,20170.0,290.0,4068289.0,58493.0,841.0,1576.0,6.0
1.0,1577.0,7.0,10.0,2017.0,30.0,2486929.0,11039.0,15770.0,3180809.0,47310.0,49.0,70.0,14119.0,210.0,100.0,20170.0,300.0,4068289.0,60510.0,900.0,1577.0,7.0
1.0,1578.0,1.0,10.0,2017.0,31.0,2490084.0,1578.0,15780.0,3182826.0,48918.0,1.0,10.0,2017.0,31.0,100.0,20170.0,310.0,4068289.0,62527.0,961.0,1578.0,1.0
1.0,1579.0,2.0,11.0,2017.0,1.0,2493241.0,3158.0,17369.0,3184843.0,1579.0,4.0,22.0,4034.0,2.0,121.0,22187.0,11.0,4068289.0,2017.0,1.0,1579.0,2.0
