r_date,date,day_of_week,cnt,month,year,day
2013-01-02,1.0,3.0,68.0,1,2013,2
2013-01-03,2.0,4.0,36.0,1,2013,3
2013-01-04,3.0,5.0,5565.0,1,2013,4
2013-01-05,4.0,6.0,4966.0,1,2013,5
2013-01-06,5.0,7.0,3346.0,1,2013,6
2013-01-07,6.0,1.0,3396.0,1,2013,7
2013-01-08,7.0,2.0,4146.0,1,2013,8
2013-01-09,8.0,3.0,3096.0,1,2013,9
2013-01-10,9.0,4.0,2713.0,1,2013,10
2013-01-11,10.0,5.0,2409.0,1,2013,11
2013-01-12,11.0,6.0,275.0,1,2013,12
2013-01-14,12.0,1.0,2735.0,1,2013,14
2013-01-15,13.0,2.0,2386.0,1,2013,15
2013-01-16,14.0,3.0,1901.0,1,2013,16
2013-01-17,15.0,4.0,6072.0,1,2013,17
2013-01-18,16.0,5.0,2716.0,1,2013,18
2013-01-19,17.0,6.0,216.0,1,2013,19
2013-01-20,18.0,7.0,22.0,1,2013,20
2013-01-21,19.0,1.0,3903.0,1,2013,21
2013-01-22,20.0,2.0,2700.0,1,2013,22
2013-01-23,21.0,3.0,2700.0,1,2013,23
2013-01-24,22.0,4.0,2073.0,1,2013,24
2013-01-25,23.0,5.0,1702.0,1,2013,25
2013-01-26,24.0,6.0,231.0,1,2013,26
2013-01-28,25.0,1.0,3377.0,1,2013,28
2013-01-29,26.0,2.0,3016.0,1,2013,29
2013-01-30,27.0,3.0,2586.0,1,2013,30
2013-01-31,28.0,4.0,1652.0,1,2013,31
2013-02-01,29.0,5.0,2726.0,2,2013,1
2013-02-02,30.0,6.0,279.0,2,2013,2
2013-02-03,31.0,7.0,23.0,2,2013,3
2013-02-04,32.0,1.0,4094.0,2,2013,4
2013-02-05,33.0,2.0,4059.0,2,2013,5
2013-02-06,34.0,3.0,3741.0,2,2013,6
2013-02-07,35.0,4.0,2567.0,2,2013,7
2013-02-08,36.0,5.0,761.0,2,2013,8
2013-02-14,37.0,4.0,19.0,2,2013,14
2013-02-15,38.0,5.0,13.0,2,2013,15
2013-02-16,39.0,6.0,2847.0,2,2013,16
2013-02-17,40.0,7.0,2936.0,2,2013,17
2013-02-18,41.0,1.0,2377.0,2,2013,18
2013-02-19,42.0,2.0,1740.0,2,2013,19
2013-02-20,43.0,3.0,2563.0,2,2013,20
2013-02-21,44.0,4.0,1896.0,2,2013,21
2013-02-22,45.0,5.0,1552.0,2,2013,22
2013-02-23,46.0,6.0,186.0,2,2013,23
2013-02-25,47.0,1.0,1874.0,2,2013,25
2013-02-26,48.0,2.0,1844.0,2,2013,26
2013-02-27,49.0,3.0,1919.0,2,2013,27
2013-02-28,50.0,4.0,1191.0,2,2013,28
2013-03-01,51.0,5.0,1816.0,3,2013,1
2013-03-02,52.0,6.0,87.0,3,2013,2
2013-03-04,53.0,1.0,1843.0,3,2013,4
2013-03-05,54.0,2.0,1900.0,3,2013,5
2013-03-06,55.0,3.0,1615.0,3,2013,6
2013-03-07,56.0,4.0,1461.0,3,2013,7
2013-03-08,57.0,5.0,1514.0,3,2013,8
2013-03-09,58.0,6.0,180.0,3,2013,9
2013-03-10,59.0,7.0,41.0,3,2013,10
2013-03-11,60.0,1.0,1933.0,3,2013,11
2013-03-12,61.0,2.0,1812.0,3,2013,12
2013-03-13,62.0,3.0,1763.0,3,2013,13
2013-03-14,63.0,4.0,1386.0,3,2013,14
2013-03-15,64.0,5.0,1345.0,3,2013,15
2013-03-16,65.0,6.0,113.0,3,2013,16
2013-03-18,66.0,1.0,1797.0,3,2013,18
2013-03-19,67.0,2.0,1889.0,3,2013,19
2013-03-20,68.0,3.0,1445.0,3,2013,20
2013-03-21,69.0,4.0,1452.0,3,2013,21
2013-03-22,70.0,5.0,1559.0,3,2013,22
2013-03-23,71.0,6.0,198.0,3,2013,23
2013-03-25,72.0,1.0,1739.0,3,2013,25
2013-03-26,73.0,2.0,1794.0,3,2013,26
2013-03-27,74.0,3.0,1464.0,3,2013,27
2013-03-28,75.0,4.0,1279.0,3,2013,28
2013-03-29,76.0,5.0,1601.0,3,2013,29
2013-03-30,77.0,6.0,171.0,3,2013,30
2013-03-31,78.0,7.0,22.0,3,2013,31
2013-04-01,79.0,1.0,744.0,4,2013,1
2013-04-02,80.0,2.0,2424.0,4,2013,2
2013-04-03,81.0,3.0,1959.0,4,2013,3
2013-04-04,82.0,4.0,60.0,4,2013,4
2013-04-05,83.0,5.0,51.0,4,2013,5
2013-04-06,84.0,6.0,30.0,4,2013,6
2013-04-07,85.0,7.0,1929.0,4,2013,7
2013-04-08,86.0,1.0,1745.0,4,2013,8
2013-04-09,87.0,2.0,2143.0,4,2013,9
2013-04-10,88.0,3.0,1709.0,4,2013,10
2013-04-11,89.0,4.0,1294.0,4,2013,11
2013-04-12,90.0,5.0,1527.0,4,2013,12
2013-04-13,91.0,6.0,198.0,4,2013,13
2013-04-15,92.0,1.0,2164.0,4,2013,15
2013-04-16,93.0,2.0,1631.0,4,2013,16
2013-04-17,94.0,3.0,1859.0,4,2013,17
2013-04-18,95.0,4.0,1447.0,4,2013,18
2013-04-19,96.0,5.0,1514.0,4,2013,19
2013-04-20,97.0,6.0,137.0,4,2013,20
2013-04-21,98.0,7.0,36.0,4,2013,21
2013-04-22,99.0,1.0,2104.0,4,2013,22
2013-04-23,100.0,2.0,1584.0,4,2013,23
2013-04-24,101.0,3.0,1449.0,4,2013,24
2013-04-25,102.0,4.0,1102.0,4,2013,25
2013-04-26,103.0,5.0,1774.0,4,2013,26
2013-04-27,104.0,6.0,1462.0,4,2013,27
2013-04-28,105.0,7.0,1626.0,4,2013,28
2013-04-29,106.0,1.0,73.0,4,2013,29
2013-04-30,107.0,4.0,2484.0,4,2013,30
2013-05-01,108.0,5.0,1723.0,5,2013,1
2013-05-02,109.0,6.0,104.0,5,2013,2
2013-05-04,110.0,1.0,2427.0,5,2013,4
2013-05-05,111.0,2.0,2587.0,5,2013,5
2013-05-06,112.0,3.0,2220.0,5,2013,6
2013-05-07,113.0,4.0,1142.0,5,2013,7
2013-05-08,114.0,5.0,1934.0,5,2013,8
2013-05-09,115.0,6.0,121.0,5,2013,9
2013-05-10,116.0,7.0,23.0,5,2013,10
2013-05-11,117.0,1.0,2509.0,5,2013,11
2013-05-12,118.0,2.0,2284.0,5,2013,12
2013-05-13,119.0,3.0,2068.0,5,2013,13
2013-05-14,120.0,4.0,1088.0,5,2013,14
2013-05-15,121.0,5.0,2030.0,5,2013,15
2013-05-16,122.0,6.0,38.0,5,2013,16
2013-05-18,123.0,1.0,1940.0,5,2013,18
2013-05-19,124.0,2.0,2342.0,5,2013,19
2013-05-20,125.0,3.0,5581.0,5,2013,20
2013-05-21,126.0,4.0,2333.0,5,2013,21
2013-05-22,127.0,5.0,1931.0,5,2013,22
2013-05-23,128.0,6.0,140.0,5,2013,23
2013-05-25,129.0,1.0,1794.0,5,2013,25
2013-05-26,130.0,2.0,2055.0,5,2013,26
2013-05-27,131.0,3.0,1658.0,5,2013,27
2013-05-28,132.0,4.0,1497.0,5,2013,28
2013-05-29,133.0,5.0,1161.0,5,2013,29
2013-05-30,134.0,6.0,113.0,5,2013,30
2013-05-31,135.0,7.0,14.0,5,2013,31
2013-06-01,136.0,1.0,2374.0,6,2013,1
2013-06-02,137.0,2.0,1885.0,6,2013,2
2013-06-03,138.0,3.0,1606.0,6,2013,3
2013-06-04,139.0,4.0,1690.0,6,2013,4
2013-06-05,140.0,5.0,1354.0,6,2013,5
2013-06-06,141.0,6.0,1266.0,6,2013,6
2013-06-07,142.0,7.0,1309.0,6,2013,7
2013-06-08,143.0,1.0,89.0,6,2013,8
2013-06-09,144.0,4.0,2265.0,6,2013,9
2013-06-10,145.0,5.0,1721.0,6,2013,10
2013-06-11,146.0,6.0,150.0,6,2013,11
2013-06-12,147.0,7.0,26.0,6,2013,12
2013-06-13,148.0,1.0,1612.0,6,2013,13
2013-06-14,149.0,2.0,2178.0,6,2013,14
2013-06-15,150.0,3.0,1539.0,6,2013,15
2013-06-16,151.0,4.0,1067.0,6,2013,16
2013-06-17,152.0,5.0,1325.0,6,2013,17
2013-06-18,153.0,6.0,85.0,6,2013,18
2013-06-19,154.0,7.0,36.0,6,2013,19
2013-06-20,155.0,1.0,1778.0,6,2013,20
2013-06-21,156.0,2.0,2336.0,6,2013,21
2013-06-22,157.0,3.0,1487.0,6,2013,22
2013-06-23,158.0,4.0,1025.0,6,2013,23
2013-06-24,159.0,5.0,1659.0,6,2013,24
2013-06-25,160.0,6.0,183.0,6,2013,25
2013-06-27,161.0,1.0,1819.0,6,2013,27
2013-06-28,162.0,2.0,1781.0,6,2013,28
2013-06-29,163.0,3.0,1924.0,6,2013,29
2013-06-30,164.0,4.0,1256.0,6,2013,30
2013-07-01,165.0,5.0,1526.0,7,2013,1
2013-07-02,166.0,6.0,108.0,7,2013,2
2013-07-03,167.0,7.0,14.0,7,2013,3
2013-07-04,168.0,1.0,1804.0,7,2013,4
2013-07-05,169.0,2.0,1615.0,7,2013,5
2013-07-06,170.0,3.0,1558.0,7,2013,6
2013-07-07,171.0,4.0,810.0,7,2013,7
2013-07-08,172.0,5.0,1603.0,7,2013,8
2013-07-09,173.0,6.0,94.0,7,2013,9
2013-07-10,174.0,7.0,23.0,7,2013,10
2013-07-11,175.0,1.0,2141.0,7,2013,11
2013-07-12,176.0,2.0,1759.0,7,2013,12
2013-07-13,177.0,3.0,1506.0,7,2013,13
2013-07-14,178.0,4.0,1271.0,7,2013,14
2013-07-15,179.0,5.0,1633.0,7,2013,15
2013-07-16,180.0,6.0,154.0,7,2013,16
2013-07-17,181.0,7.0,14.0,7,2013,17
2013-07-18,182.0,1.0,2028.0,7,2013,18
2013-07-19,183.0,2.0,2033.0,7,2013,19
2013-07-20,184.0,3.0,1346.0,7,2013,20
2013-07-21,185.0,4.0,1031.0,7,2013,21
2013-07-22,186.0,5.0,1290.0,7,2013,22
2013-07-23,187.0,6.0,42.0,7,2013,23
2013-07-25,188.0,1.0,1961.0,7,2013,25
2013-07-26,189.0,2.0,1751.0,7,2013,26
2013-07-27,190.0,3.0,1505.0,7,2013,27
2013-07-28,191.0,4.0,1477.0,7,2013,28
2013-07-29,192.0,5.0,1892.0,7,2013,29
2013-07-30,193.0,6.0,81.0,7,2013,30
2013-08-01,194.0,1.0,2100.0,8,2013,1
2013-08-02,195.0,2.0,1905.0,8,2013,2
2013-08-03,196.0,3.0,1682.0,8,2013,3
2013-08-04,197.0,4.0,1370.0,8,2013,4
2013-08-05,198.0,5.0,985.0,8,2013,5
2013-08-06,199.0,6.0,27.0,8,2013,6
2013-08-08,200.0,1.0,1804.0,8,2013,8
2013-08-09,201.0,2.0,1760.0,8,2013,9
2013-08-10,202.0,3.0,1951.0,8,2013,10
2013-08-11,203.0,4.0,1058.0,8,2013,11
2013-08-12,204.0,5.0,1150.0,8,2013,12
2013-08-13,205.0,6.0,363.0,8,2013,13
2013-08-15,206.0,1.0,2765.0,8,2013,15
2013-08-16,207.0,2.0,2281.0,8,2013,16
2013-08-17,208.0,3.0,1064.0,8,2013,17
2013-08-18,209.0,4.0,1438.0,8,2013,18
2013-08-19,210.0,5.0,1698.0,8,2013,19
2013-08-20,211.0,6.0,122.0,8,2013,20
2013-08-21,212.0,7.0,14.0,8,2013,21
2013-08-22,213.0,1.0,2106.0,8,2013,22
2013-08-23,214.0,2.0,1811.0,8,2013,23
2013-08-24,215.0,3.0,1751.0,8,2013,24
2013-08-25,216.0,4.0,1433.0,8,2013,25
2013-08-26,217.0,5.0,1034.0,8,2013,26
2013-08-27,218.0,6.0,73.0,8,2013,27
2013-08-28,219.0,7.0,26.0,8,2013,28
2013-08-29,220.0,1.0,1775.0,8,2013,29
2013-08-30,221.0,2.0,2032.0,8,2013,30
2013-08-31,222.0,3.0,1607.0,8,2013,31
2013-09-01,223.0,4.0,861.0,9,2013,1
2013-09-02,224.0,5.0,1534.0,9,2013,2
2013-09-03,225.0,6.0,371.0,9,2013,3
2013-09-05,226.0,1.0,1794.0,9,2013,5
2013-09-06,227.0,2.0,1965.0,9,2013,6
2013-09-07,228.0,3.0,1408.0,9,2013,7
2013-09-08,229.0,4.0,1762.0,9,2013,8
2013-09-09,230.0,5.0,1329.0,9,2013,9
2013-09-10,231.0,6.0,188.0,9,2013,10
2013-09-12,232.0,1.0,2288.0,9,2013,12
2013-09-13,233.0,2.0,1900.0,9,2013,13
2013-09-14,234.0,3.0,2101.0,9,2013,14
2013-09-15,235.0,4.0,48.0,9,2013,15
2013-09-16,236.0,5.0,13.0,9,2013,16
2013-09-17,237.0,7.0,2933.0,9,2013,17
2013-09-18,238.0,1.0,2330.0,9,2013,18
2013-09-19,239.0,2.0,2483.0,9,2013,19
2013-09-20,240.0,3.0,1949.0,9,2013,20
2013-09-21,241.0,4.0,1898.0,9,2013,21
2013-09-22,242.0,5.0,2025.0,9,2013,22
2013-09-23,243.0,6.0,243.0,9,2013,23
2013-09-24,244.0,7.0,2876.0,9,2013,24
2013-09-25,245.0,1.0,2172.0,9,2013,25
2013-09-26,246.0,3.0,117.0,9,2013,26
2013-09-27,247.0,5.0,17.0,9,2013,27
2013-09-28,248.0,6.0,16.0,9,2013,28
2013-09-29,249.0,7.0,19.0,9,2013,29
2013-10-01,250.0,2.0,4723.0,10,2013,1
2013-10-02,251.0,3.0,2681.0,10,2013,2
2013-10-03,252.0,4.0,1876.0,10,2013,3
2013-10-04,253.0,5.0,1339.0,10,2013,4
2013-10-05,254.0,6.0,1414.0,10,2013,5
2013-10-06,255.0,7.0,19.0,10,2013,6
2013-10-07,256.0,1.0,2250.0,10,2013,7
2013-10-08,257.0,2.0,2669.0,10,2013,8
2013-10-09,258.0,3.0,2540.0,10,2013,9
2013-10-10,259.0,4.0,997.0,10,2013,10
2013-10-11,260.0,5.0,1808.0,10,2013,11
2013-10-12,261.0,6.0,171.0,10,2013,12
2013-10-14,262.0,1.0,1909.0,10,2013,14
2013-10-15,263.0,2.0,2541.0,10,2013,15
2013-10-16,264.0,3.0,1722.0,10,2013,16
2013-10-17,265.0,4.0,1606.0,10,2013,17
2013-10-18,266.0,5.0,1664.0,10,2013,18
2013-10-19,267.0,6.0,192.0,10,2013,19
2013-10-21,268.0,1.0,2436.0,10,2013,21
2013-10-22,269.0,2.0,2077.0,10,2013,22
2013-10-23,270.0,3.0,1789.0,10,2013,23
2013-10-24,271.0,4.0,1321.0,10,2013,24
2013-10-25,272.0,5.0,1714.0,10,2013,25
2013-10-26,273.0,6.0,129.0,10,2013,26
2013-10-28,274.0,1.0,2059.0,10,2013,28
2013-10-29,275.0,2.0,1849.0,10,2013,29
2013-10-30,276.0,3.0,1631.0,10,2013,30
2013-10-31,277.0,4.0,1197.0,10,2013,31
2013-11-01,278.0,5.0,2099.0,11,2013,1
2013-11-02,279.0,6.0,206.0,11,2013,2
2013-11-04,280.0,1.0,1712.0,11,2013,4
2013-11-05,281.0,2.0,2338.0,11,2013,5
2013-11-06,282.0,3.0,2103.0,11,2013,6
2013-11-07,283.0,4.0,1130.0,11,2013,7
2013-11-08,284.0,5.0,1693.0,11,2013,8
2013-11-09,285.0,6.0,170.0,11,2013,9
2013-11-11,286.0,1.0,2057.0,11,2013,11
2013-11-12,287.0,2.0,2160.0,11,2013,12
2013-11-13,288.0,3.0,1519.0,11,2013,13
2013-11-14,289.0,4.0,1357.0,11,2013,14
2013-11-15,290.0,5.0,1698.0,11,2013,15
2013-11-16,291.0,6.0,192.0,11,2013,16
2013-11-17,292.0,7.0,22.0,11,2013,17
2013-11-18,293.0,1.0,2118.0,11,2013,18
2013-11-19,294.0,2.0,2170.0,11,2013,19
2013-11-20,295.0,3.0,1681.0,11,2013,20
2013-11-21,296.0,4.0,1454.0,11,2013,21
2013-11-22,297.0,5.0,1849.0,11,2013,22
2013-11-23,298.0,6.0,778.0,11,2013,23
2013-11-25,299.0,1.0,2290.0,11,2013,25
2013-11-26,300.0,2.0,2126.0,11,2013,26
2013-11-27,301.0,3.0,2309.0,11,2013,27
2013-11-28,302.0,4.0,1288.0,11,2013,28
2013-11-29,303.0,5.0,1654.0,11,2013,29
2013-11-30,304.0,6.0,377.0,11,2013,30
2013-12-02,305.0,1.0,2026.0,12,2013,2
2013-12-03,306.0,2.0,2002.0,12,2013,3
2013-12-04,307.0,3.0,2739.0,12,2013,4
2013-12-05,308.0,4.0,1726.0,12,2013,5
2013-12-06,309.0,5.0,1474.0,12,2013,6
2013-12-07,310.0,6.0,255.0,12,2013,7
2013-12-09,311.0,1.0,2156.0,12,2013,9
2013-12-10,312.0,2.0,1680.0,12,2013,10
2013-12-11,313.0,3.0,1979.0,12,2013,11
2013-12-12,314.0,4.0,1207.0,12,2013,12
2013-12-13,315.0,5.0,1831.0,12,2013,13
2013-12-14,316.0,6.0,278.0,12,2013,14
2013-12-16,317.0,1.0,1587.0,12,2013,16
2013-12-17,318.0,2.0,1514.0,12,2013,17
2013-12-18,319.0,3.0,1584.0,12,2013,18
2013-12-19,320.0,4.0,1365.0,12,2013,19
2013-12-20,321.0,5.0,1642.0,12,2013,20
2013-12-21,322.0,6.0,205.0,12,2013,21
2013-12-23,323.0,1.0,1660.0,12,2013,23
2013-12-24,324.0,2.0,950.0,12,2013,24
2013-12-25,325.0,4.0,4254.0,12,2013,25
2013-12-26,326.0,5.0,4569.0,12,2013,26
2013-12-27,327.0,6.0,649.0,12,2013,27
2013-12-29,328.0,1.0,5202.0,12,2013,29
2013-12-30,329.0,2.0,5090.0,12,2013,30
2013-12-31,330.0,3.0,3488.0,12,2013,31
2014-01-01,331.0,4.0,2171.0,1,2014,1
2014-01-02,332.0,5.0,3075.0,1,2014,2
2014-01-03,333.0,6.0,441.0,1,2014,3
2014-01-05,334.0,1.0,2593.0,1,2014,5
2014-01-06,335.0,2.0,2796.0,1,2014,6
2014-01-07,336.0,3.0,2546.0,1,2014,7
2014-01-08,337.0,4.0,2706.0,1,2014,8
2014-01-09,338.0,5.0,3006.0,1,2014,9
2014-01-10,339.0,6.0,411.0,1,2014,10
2014-01-12,340.0,1.0,3591.0,1,2014,12
2014-01-13,341.0,2.0,3528.0,1,2014,13
2014-01-14,342.0,3.0,3534.0,1,2014,14
2014-01-15,343.0,4.0,2142.0,1,2014,15
2014-01-16,344.0,5.0,3887.0,1,2014,16
2014-01-17,345.0,6.0,324.0,1,2014,17
2014-01-18,346.0,7.0,1659.0,1,2014,18
2014-01-19,347.0,1.0,4320.0,1,2014,19
2014-01-20,348.0,2.0,3957.0,1,2014,20
2014-01-21,349.0,3.0,1598.0,1,2014,21
2014-01-22,350.0,4.0,244.0,1,2014,22
2014-01-28,351.0,3.0,23.0,1,2014,28
2014-01-29,352.0,4.0,19.0,1,2014,29
2014-01-30,353.0,5.0,4061.0,1,2014,30
2014-01-31,354.0,6.0,3332.0,1,2014,31
2014-02-01,355.0,7.0,13.0,2,2014,1
2014-02-02,356.0,1.0,3710.0,2,2014,2
2014-02-03,357.0,2.0,3525.0,2,2014,3
2014-02-04,358.0,3.0,2282.0,2,2014,4
2014-02-05,359.0,4.0,1576.0,2,2014,5
2014-02-06,360.0,5.0,1772.0,2,2014,6
2014-02-07,361.0,6.0,272.0,2,2014,7
2014-02-08,362.0,7.0,18.0,2,2014,8
2014-02-09,363.0,1.0,1835.0,2,2014,9
2014-02-10,364.0,2.0,1904.0,2,2014,10
2014-02-11,365.0,3.0,2040.0,2,2014,11
2014-02-12,366.0,4.0,1532.0,2,2014,12
2014-02-13,367.0,5.0,1905.0,2,2014,13
2014-02-14,368.0,6.0,250.0,2,2014,14
2014-02-15,369.0,7.0,13.0,2,2014,15
2014-02-16,370.0,1.0,2387.0,2,2014,16
2014-02-17,371.0,2.0,3224.0,2,2014,17
2014-02-18,372.0,3.0,2471.0,2,2014,18
2014-02-19,373.0,4.0,1566.0,2,2014,19
2014-02-20,374.0,5.0,1308.0,2,2014,20
2014-02-21,375.0,6.0,305.0,2,2014,21
2014-02-22,376.0,7.0,27.0,2,2014,22
2014-02-23,377.0,1.0,2206.0,2,2014,23
2014-02-24,378.0,2.0,2018.0,2,2014,24
2014-02-25,379.0,3.0,1722.0,2,2014,25
2014-02-26,380.0,4.0,1437.0,2,2014,26
2014-02-27,381.0,5.0,1064.0,2,2014,27
2014-02-28,382.0,6.0,390.0,2,2014,28
2014-03-02,383.0,1.0,2065.0,3,2014,2
2014-03-03,384.0,2.0,1802.0,3,2014,3
2014-03-04,385.0,3.0,1693.0,3,2014,4
2014-03-05,386.0,4.0,1392.0,3,2014,5
2014-03-06,387.0,5.0,1129.0,3,2014,6
2014-03-07,388.0,6.0,239.0,3,2014,7
2014-03-09,389.0,1.0,1932.0,3,2014,9
2014-03-10,390.0,2.0,2848.0,3,2014,10
2014-03-11,391.0,3.0,1933.0,3,2014,11
2014-03-12,392.0,4.0,1124.0,3,2014,12
2014-03-13,393.0,5.0,1500.0,3,2014,13
2014-03-14,394.0,6.0,222.0,3,2014,14
2014-03-16,395.0,1.0,1582.0,3,2014,16
2014-03-17,396.0,2.0,2051.0,3,2014,17
2014-03-18,397.0,3.0,2954.0,3,2014,18
2014-03-19,398.0,4.0,1534.0,3,2014,19
2014-03-20,399.0,5.0,2473.0,3,2014,20
2014-03-21,400.0,6.0,139.0,3,2014,21
2014-03-22,401.0,7.0,25.0,3,2014,22
2014-03-23,402.0,1.0,1739.0,3,2014,23
2014-03-24,403.0,2.0,1915.0,3,2014,24
2014-03-25,404.0,3.0,1787.0,3,2014,25
2014-03-26,405.0,4.0,1668.0,3,2014,26
2014-03-27,406.0,5.0,1348.0,3,2014,27
2014-03-28,407.0,6.0,25.0,3,2014,28
2014-03-29,408.0,7.0,22.0,3,2014,29
2014-03-30,409.0,1.0,59.0,3,2014,30
2014-03-31,410.0,2.0,3076.0,3,2014,31
2014-04-01,411.0,3.0,2469.0,4,2014,1
2014-04-02,412.0,4.0,1603.0,4,2014,2
2014-04-03,413.0,5.0,1460.0,4,2014,3
2014-04-04,414.0,6.0,182.0,4,2014,4
2014-04-06,415.0,1.0,1901.0,4,2014,6
2014-04-07,416.0,2.0,1870.0,4,2014,7
2014-04-08,417.0,3.0,1682.0,4,2014,8
2014-04-09,418.0,4.0,2176.0,4,2014,9
2014-04-10,419.0,5.0,1885.0,4,2014,10
2014-04-11,420.0,6.0,357.0,4,2014,11
2014-04-12,421.0,7.0,22.0,4,2014,12
2014-04-13,422.0,1.0,2070.0,4,2014,13
2014-04-14,423.0,2.0,2607.0,4,2014,14
2014-04-15,424.0,3.0,1803.0,4,2014,15
2014-04-16,425.0,4.0,1100.0,4,2014,16
2014-04-17,426.0,5.0,2248.0,4,2014,17
2014-04-18,427.0,6.0,230.0,4,2014,18
2014-04-20,428.0,1.0,1901.0,4,2014,20
2014-04-21,429.0,2.0,2174.0,4,2014,21
2014-04-22,430.0,3.0,1863.0,4,2014,22
2014-04-23,431.0,5.0,12.0,4,2014,23
2014-04-24,432.0,6.0,72.0,4,2014,24
2014-04-25,433.0,7.0,2590.0,4,2014,25
2014-04-26,434.0,1.0,1621.0,4,2014,26
2014-04-27,435.0,2.0,2257.0,4,2014,27
2014-04-28,436.0,3.0,2025.0,4,2014,28
2014-04-29,437.0,4.0,2284.0,4,2014,29
2014-04-30,438.0,5.0,1628.0,4,2014,30
2014-05-01,439.0,6.0,191.0,5,2014,1
2014-05-03,440.0,1.0,1599.0,5,2014,3
2014-05-04,441.0,2.0,1857.0,5,2014,4
2014-05-05,442.0,3.0,1755.0,5,2014,5
2014-05-06,443.0,4.0,1230.0,5,2014,6
2014-05-07,444.0,5.0,1686.0,5,2014,7
2014-05-08,445.0,6.0,263.0,5,2014,8
2014-05-09,446.0,7.0,18.0,5,2014,9
2014-05-10,447.0,1.0,1812.0,5,2014,10
2014-05-11,448.0,2.0,1841.0,5,2014,11
2014-05-12,449.0,3.0,1090.0,5,2014,12
2014-05-13,450.0,4.0,1253.0,5,2014,13
2014-05-14,451.0,5.0,1545.0,5,2014,14
2014-05-15,452.0,6.0,123.0,5,2014,15
2014-05-17,453.0,1.0,1862.0,5,2014,17
2014-05-18,454.0,2.0,1769.0,5,2014,18
2014-05-19,455.0,3.0,1302.0,5,2014,19
2014-05-20,456.0,4.0,1201.0,5,2014,20
2014-05-21,457.0,5.0,2338.0,5,2014,21
2014-05-22,458.0,6.0,153.0,5,2014,22
2014-05-23,459.0,7.0,47.0,5,2014,23
2014-05-25,460.0,2.0,2908.0,5,2014,25
2014-05-26,461.0,3.0,1661.0,5,2014,26
2014-05-27,462.0,4.0,1081.0,5,2014,27
2014-05-28,463.0,5.0,1774.0,5,2014,28
2014-05-29,464.0,6.0,124.0,5,2014,29
2014-05-30,465.0,7.0,13.0,5,2014,30
2014-05-31,466.0,1.0,1919.0,5,2014,31
2014-06-01,467.0,2.0,1288.0,6,2014,1
2014-06-02,468.0,3.0,1073.0,6,2014,2
2014-06-03,469.0,4.0,1025.0,6,2014,3
2014-06-04,470.0,5.0,1383.0,6,2014,4
2014-06-05,471.0,6.0,212.0,6,2014,5
2014-06-07,472.0,1.0,1489.0,6,2014,7
2014-06-08,473.0,2.0,1713.0,6,2014,8
2014-06-09,474.0,3.0,1952.0,6,2014,9
2014-06-10,475.0,4.0,1227.0,6,2014,10
2014-06-11,476.0,5.0,1370.0,6,2014,11
2014-06-12,477.0,6.0,133.0,6,2014,12
2014-06-14,478.0,1.0,1616.0,6,2014,14
2014-06-15,479.0,2.0,2016.0,6,2014,15
2014-06-16,480.0,3.0,2483.0,6,2014,16
2014-06-17,481.0,4.0,1467.0,6,2014,17
2014-06-18,482.0,5.0,2049.0,6,2014,18
2014-06-19,483.0,6.0,291.0,6,2014,19
2014-06-21,484.0,1.0,1184.0,6,2014,21
2014-06-22,485.0,2.0,2822.0,6,2014,22
2014-06-23,486.0,3.0,2027.0,6,2014,23
2014-06-24,487.0,4.0,1542.0,6,2014,24
2014-06-25,488.0,5.0,1754.0,6,2014,25
2014-06-26,489.0,6.0,107.0,6,2014,26
2014-06-28,490.0,1.0,1983.0,6,2014,28
2014-06-29,491.0,2.0,2209.0,6,2014,29
2014-06-30,492.0,3.0,1731.0,6,2014,30
2014-07-01,493.0,4.0,1266.0,7,2014,1
2014-07-02,494.0,5.0,1494.0,7,2014,2
2014-07-03,495.0,6.0,152.0,7,2014,3
2014-07-05,496.0,1.0,2065.0,7,2014,5
2014-07-06,497.0,2.0,2072.0,7,2014,6
2014-07-07,498.0,3.0,1792.0,7,2014,7
2014-07-08,499.0,4.0,1512.0,7,2014,8
2014-07-09,500.0,5.0,1853.0,7,2014,9
2014-07-10,501.0,6.0,248.0,7,2014,10
2014-07-12,502.0,1.0,1740.0,7,2014,12
2014-07-13,503.0,2.0,1739.0,7,2014,13
2014-07-14,504.0,3.0,1495.0,7,2014,14
2014-07-15,505.0,4.0,1656.0,7,2014,15
2014-07-16,506.0,5.0,1244.0,7,2014,16
2014-07-17,507.0,6.0,41.0,7,2014,17
2014-07-19,508.0,1.0,1755.0,7,2014,19
2014-07-20,509.0,2.0,1749.0,7,2014,20
2014-07-21,510.0,3.0,1313.0,7,2014,21
2014-07-22,511.0,4.0,1175.0,7,2014,22
2014-07-23,512.0,5.0,1391.0,7,2014,23
2014-07-24,513.0,6.0,248.0,7,2014,24
2014-07-26,514.0,1.0,2022.0,7,2014,26
2014-07-27,515.0,2.0,2787.0,7,2014,27
2014-07-28,516.0,3.0,1658.0,7,2014,28
2014-07-29,517.0,4.0,1023.0,7,2014,29
2014-07-30,518.0,5.0,1545.0,7,2014,30
2014-07-31,519.0,6.0,207.0,7,2014,31
2014-08-02,520.0,1.0,2076.0,8,2014,2
2014-08-03,521.0,2.0,1416.0,8,2014,3
2014-08-04,522.0,3.0,1421.0,8,2014,4
2014-08-05,523.0,4.0,1130.0,8,2014,5
2014-08-06,524.0,5.0,1377.0,8,2014,6
2014-08-07,525.0,6.0,248.0,8,2014,7
2014-08-09,526.0,1.0,1867.0,8,2014,9
2014-08-10,527.0,2.0,1941.0,8,2014,10
2014-08-11,528.0,3.0,1707.0,8,2014,11
2014-08-12,529.0,4.0,1510.0,8,2014,12
2014-08-13,530.0,5.0,1065.0,8,2014,13
2014-08-14,531.0,6.0,305.0,8,2014,14
2014-08-15,532.0,7.0,13.0,8,2014,15
2014-08-16,533.0,1.0,1824.0,8,2014,16
2014-08-17,534.0,2.0,2049.0,8,2014,17
2014-08-18,535.0,3.0,1371.0,8,2014,18
2014-08-19,536.0,4.0,1299.0,8,2014,19
2014-08-20,537.0,5.0,1752.0,8,2014,20
2014-08-21,538.0,6.0,212.0,8,2014,21
2014-08-23,539.0,1.0,2764.0,8,2014,23
2014-08-24,540.0,2.0,2466.0,8,2014,24
2014-08-25,541.0,3.0,2079.0,8,2014,25
2014-08-26,542.0,4.0,1471.0,8,2014,26
2014-08-27,543.0,5.0,2344.0,8,2014,27
2014-08-28,544.0,6.0,218.0,8,2014,28
2014-08-31,545.0,2.0,4044.0,8,2014,31
2014-09-01,546.0,3.0,2265.0,9,2014,1
2014-09-02,547.0,4.0,1602.0,9,2014,2
2014-09-03,548.0,5.0,2033.0,9,2014,3
2014-09-04,549.0,6.0,317.0,9,2014,4
2014-09-06,550.0,1.0,2209.0,9,2014,6
2014-09-07,551.0,2.0,2231.0,9,2014,7
2014-09-08,552.0,3.0,1190.0,9,2014,8
2014-09-09,553.0,4.0,1413.0,9,2014,9
2014-09-10,554.0,5.0,2097.0,9,2014,10
2014-09-11,555.0,6.0,205.0,9,2014,11
2014-09-13,556.0,1.0,2156.0,9,2014,13
2014-09-14,557.0,2.0,2219.0,9,2014,14
2014-09-15,558.0,3.0,1801.0,9,2014,15
2014-09-16,559.0,4.0,1657.0,9,2014,16
2014-09-17,560.0,5.0,2965.0,9,2014,17
2014-09-18,561.0,6.0,382.0,9,2014,18
2014-09-19,562.0,7.0,1268.0,9,2014,19
2014-09-20,563.0,1.0,2915.0,9,2014,20
2014-09-21,564.0,2.0,3137.0,9,2014,21
2014-09-22,565.0,3.0,132.0,9,2014,22
2014-09-27,566.0,1.0,52.0,9,2014,27
2014-09-28,567.0,2.0,15.0,9,2014,28
2014-09-29,568.0,3.0,4783.0,9,2014,29
2014-09-30,569.0,4.0,2396.0,9,2014,30
2014-10-01,570.0,5.0,2454.0,10,2014,1
2014-10-02,571.0,6.0,1964.0,10,2014,2
2014-10-03,572.0,7.0,35.0,10,2014,3
2014-10-04,573.0,1.0,3096.0,10,2014,4
2014-10-05,574.0,2.0,2441.0,10,2014,5
2014-10-06,575.0,3.0,2282.0,10,2014,6
2014-10-07,576.0,4.0,1467.0,10,2014,7
2014-10-08,577.0,5.0,1432.0,10,2014,8
2014-10-09,578.0,6.0,193.0,10,2014,9
2014-10-11,579.0,1.0,1792.0,10,2014,11
2014-10-12,580.0,2.0,2085.0,10,2014,12
2014-10-13,581.0,3.0,1967.0,10,2014,13
2014-10-14,582.0,4.0,1312.0,10,2014,14
2014-10-15,583.0,5.0,1381.0,10,2014,15
2014-10-16,584.0,6.0,218.0,10,2014,16
2014-10-18,585.0,1.0,1993.0,10,2014,18
2014-10-19,586.0,2.0,2389.0,10,2014,19
2014-10-20,587.0,3.0,2061.0,10,2014,20
2014-10-21,588.0,4.0,2394.0,10,2014,21
2014-10-22,589.0,5.0,1579.0,10,2014,22
2014-10-23,590.0,6.0,15.0,10,2014,23
2014-10-25,591.0,1.0,2136.0,10,2014,25
2014-10-26,592.0,2.0,1946.0,10,2014,26
2014-10-27,593.0,3.0,1762.0,10,2014,27
2014-10-28,594.0,4.0,1342.0,10,2014,28
2014-10-29,595.0,5.0,1718.0,10,2014,29
2014-10-30,596.0,6.0,256.0,10,2014,30
2014-11-01,597.0,1.0,2041.0,11,2014,1
2014-11-02,598.0,2.0,1692.0,11,2014,2
2014-11-03,599.0,3.0,1867.0,11,2014,3
2014-11-04,600.0,4.0,1085.0,11,2014,4
2014-11-05,601.0,5.0,1932.0,11,2014,5
2014-11-06,602.0,6.0,245.0,11,2014,6
2014-11-07,603.0,7.0,22.0,11,2014,7
2014-11-08,604.0,1.0,2175.0,11,2014,8
2014-11-09,605.0,2.0,2356.0,11,2014,9
2014-11-10,606.0,3.0,1869.0,11,2014,10
2014-11-11,607.0,4.0,1468.0,11,2014,11
2014-11-12,608.0,5.0,1756.0,11,2014,12
2014-11-13,609.0,6.0,246.0,11,2014,13
2014-11-15,610.0,1.0,1863.0,11,2014,15
2014-11-16,611.0,2.0,2242.0,11,2014,16
2014-11-17,612.0,3.0,1585.0,11,2014,17
2014-11-18,613.0,4.0,1243.0,11,2014,18
2014-11-19,614.0,5.0,1409.0,11,2014,19
2014-11-20,615.0,6.0,344.0,11,2014,20
2014-11-22,616.0,1.0,2294.0,11,2014,22
2014-11-23,617.0,2.0,1778.0,11,2014,23
2014-11-24,618.0,3.0,1755.0,11,2014,24
2014-11-25,619.0,4.0,1641.0,11,2014,25
2014-11-26,620.0,5.0,1459.0,11,2014,26
2014-11-27,621.0,6.0,261.0,11,2014,27
2014-11-29,622.0,1.0,2024.0,11,2014,29
2014-11-30,623.0,2.0,2490.0,11,2014,30
2014-12-01,624.0,3.0,1504.0,12,2014,1
2014-12-02,625.0,4.0,1695.0,12,2014,2
2014-12-03,626.0,5.0,1706.0,12,2014,3
2014-12-04,627.0,6.0,138.0,12,2014,4
2014-12-06,628.0,1.0,2113.0,12,2014,6
2014-12-07,629.0,2.0,2036.0,12,2014,7
2014-12-08,630.0,3.0,1729.0,12,2014,8
2014-12-09,631.0,4.0,1332.0,12,2014,9
2014-12-10,632.0,5.0,1977.0,12,2014,10
2014-12-11,633.0,6.0,186.0,12,2014,11
2014-12-13,634.0,1.0,1593.0,12,2014,13
2014-12-14,635.0,2.0,3091.0,12,2014,14
2014-12-15,636.0,3.0,1960.0,12,2014,15
2014-12-16,637.0,4.0,769.0,12,2014,16
2014-12-17,638.0,5.0,1844.0,12,2014,17
2014-12-18,639.0,6.0,140.0,12,2014,18
2014-12-19,640.0,7.0,25.0,12,2014,19
2014-12-20,641.0,1.0,2167.0,12,2014,20
2014-12-21,642.0,2.0,1292.0,12,2014,21
2014-12-22,643.0,3.0,1278.0,12,2014,22
2014-12-23,644.0,4.0,75.0,12,2014,23
2014-12-24,645.0,7.0,7063.0,12,2014,24
2014-12-25,646.0,1.0,5804.0,12,2014,25
2014-12-26,647.0,2.0,7226.0,12,2014,26
2014-12-27,648.0,3.0,3616.0,12,2014,27
2014-12-28,649.0,4.0,5742.0,12,2014,28
2014-12-29,650.0,5.0,4501.0,12,2014,29
2014-12-30,651.0,6.0,796.0,12,2014,30
2015-01-01,652.0,1.0,4259.0,1,2015,1
2015-01-02,653.0,2.0,3472.0,1,2015,2
2015-01-03,654.0,3.0,2482.0,1,2015,3
2015-01-04,655.0,4.0,2722.0,1,2015,4
2015-01-05,656.0,5.0,2869.0,1,2015,5
2015-01-06,657.0,6.0,448.0,1,2015,6
2015-01-07,658.0,7.0,24.0,1,2015,7
2015-01-08,659.0,1.0,3425.0,1,2015,8
2015-01-09,660.0,2.0,2794.0,1,2015,9
2015-01-10,661.0,3.0,2954.0,1,2015,10
2015-01-11,662.0,4.0,2501.0,1,2015,11
2015-01-12,663.0,5.0,2883.0,1,2015,12
2015-01-13,664.0,6.0,699.0,1,2015,13
2015-01-14,665.0,7.0,24.0,1,2015,14
2015-01-15,666.0,1.0,2692.0,1,2015,15
2015-01-16,667.0,2.0,3526.0,1,2015,16
2015-01-17,668.0,3.0,3877.0,1,2015,17
2015-01-18,669.0,4.0,2546.0,1,2015,18
2015-01-19,670.0,5.0,2709.0,1,2015,19
2015-01-20,671.0,6.0,471.0,1,2015,20
2015-01-22,672.0,1.0,3469.0,1,2015,22
2015-01-23,673.0,2.0,3498.0,1,2015,23
2015-01-24,674.0,3.0,3835.0,1,2015,24
2015-01-25,675.0,4.0,2530.0,1,2015,25
2015-01-26,676.0,5.0,2564.0,1,2015,26
2015-01-27,677.0,6.0,367.0,1,2015,27
2015-01-29,678.0,1.0,4217.0,1,2015,29
2015-01-30,679.0,2.0,4630.0,1,2015,30
2015-01-31,680.0,3.0,3877.0,1,2015,31
2015-02-01,681.0,4.0,4141.0,2,2015,1
2015-02-02,682.0,5.0,3701.0,2,2015,2
2015-02-03,683.0,6.0,652.0,2,2015,3
2015-02-04,684.0,7.0,2663.0,2,2015,4
2015-02-05,685.0,1.0,4903.0,2,2015,5
2015-02-06,686.0,2.0,2040.0,2,2015,6
2015-02-07,688.0,3.0,4712.0,2,2015,7
2015-02-08,689.0,4.0,4395.0,2,2015,8
2015-02-09,690.0,5.0,3661.0,2,2015,9
2015-02-10,691.0,6.0,2073.0,2,2015,10
2015-02-12,692.0,1.0,4832.0,2,2015,12
2015-02-13,693.0,2.0,4032.0,2,2015,13
2015-02-14,694.0,3.0,2054.0,2,2015,14
2015-02-15,695.0,4.0,1477.0,2,2015,15
2015-02-16,696.0,5.0,1808.0,2,2015,16
2015-02-17,697.0,6.0,290.0,2,2015,17
2015-02-19,698.0,1.0,2028.0,2,2015,19
2015-02-20,699.0,2.0,2479.0,2,2015,20
2015-02-21,700.0,3.0,1426.0,2,2015,21
2015-02-22,701.0,4.0,1693.0,2,2015,22
2015-02-23,702.0,5.0,1626.0,2,2015,23
2015-02-24,703.0,6.0,236.0,2,2015,24
2015-02-26,704.0,1.0,2508.0,2,2015,26
2015-02-27,705.0,2.0,2491.0,2,2015,27
2015-02-28,706.0,3.0,1907.0,2,2015,28
2015-03-01,707.0,4.0,1524.0,3,2015,1
2015-03-02,708.0,5.0,1664.0,3,2015,2
2015-03-03,709.0,6.0,948.0,3,2015,3
2015-03-05,710.0,1.0,2617.0,3,2015,5
2015-03-06,711.0,2.0,2325.0,3,2015,6
2015-03-07,712.0,3.0,2451.0,3,2015,7
2015-03-08,713.0,4.0,1140.0,3,2015,8
2015-03-09,714.0,5.0,1696.0,3,2015,9
2015-03-10,715.0,6.0,376.0,3,2015,10
2015-03-12,716.0,1.0,2280.0,3,2015,12
2015-03-13,717.0,2.0,2007.0,3,2015,13
2015-03-14,718.0,3.0,1784.0,3,2015,14
2015-03-15,719.0,4.0,1102.0,3,2015,15
2015-03-16,720.0,5.0,1902.0,3,2015,16
2015-03-17,721.0,6.0,55.0,3,2015,17
2015-03-19,722.0,1.0,13.0,3,2015,19
2015-03-20,723.0,2.0,3380.0,3,2015,20
2015-03-21,724.0,3.0,2690.0,3,2015,21
2015-03-22,725.0,4.0,1348.0,3,2015,22
2015-03-23,726.0,5.0,2035.0,3,2015,23
2015-03-24,727.0,6.0,139.0,3,2015,24
2015-03-25,728.0,7.0,20.0,3,2015,25
2015-03-26,729.0,1.0,2044.0,3,2015,26
2015-03-27,730.0,2.0,2024.0,3,2015,27
2015-03-28,731.0,3.0,1455.0,3,2015,28
2015-03-29,732.0,4.0,1354.0,3,2015,29
2015-03-30,733.0,5.0,1310.0,3,2015,30
2015-03-31,734.0,6.0,275.0,3,2015,31
2015-04-02,735.0,1.0,2424.0,4,2015,2
2015-04-03,736.0,2.0,2985.0,4,2015,3
2015-04-04,737.0,3.0,2014.0,4,2015,4
2015-04-05,738.0,4.0,1105.0,4,2015,5
2015-04-06,739.0,5.0,1524.0,4,2015,6
2015-04-07,740.0,6.0,378.0,4,2015,7
2015-04-09,741.0,1.0,2491.0,4,2015,9
2015-04-10,742.0,2.0,2830.0,4,2015,10
2015-04-11,743.0,3.0,2155.0,4,2015,11
2015-04-12,744.0,4.0,2017.0,4,2015,12
2015-04-13,745.0,5.0,27.0,4,2015,13
2015-04-16,746.0,1.0,3150.0,4,2015,16
2015-04-17,747.0,2.0,2383.0,4,2015,17
2015-04-18,748.0,3.0,2824.0,4,2015,18
2015-04-19,749.0,4.0,1876.0,4,2015,19
2015-04-20,750.0,5.0,2054.0,4,2015,20
2015-04-21,751.0,6.0,321.0,4,2015,21
2015-04-23,752.0,1.0,2384.0,4,2015,23
2015-04-24,753.0,2.0,2472.0,4,2015,24
2015-04-25,754.0,3.0,1881.0,4,2015,25
2015-04-26,755.0,4.0,1816.0,4,2015,26
2015-04-27,756.0,5.0,1361.0,4,2015,27
2015-04-28,757.0,6.0,314.0,4,2015,28
2015-04-30,758.0,1.0,3309.0,4,2015,30
2015-05-01,759.0,2.0,1948.0,5,2015,1
2015-05-02,760.0,3.0,1722.0,5,2015,2
2015-05-03,761.0,4.0,1520.0,5,2015,3
2015-05-04,762.0,5.0,2232.0,5,2015,4
2015-05-05,763.0,6.0,497.0,5,2015,5
2015-05-07,764.0,1.0,2037.0,5,2015,7
2015-05-08,765.0,2.0,2246.0,5,2015,8
2015-05-09,766.0,3.0,1447.0,5,2015,9
2015-05-10,767.0,4.0,1478.0,5,2015,10
2015-05-11,768.0,5.0,1631.0,5,2015,11
2015-05-12,769.0,6.0,128.0,5,2015,12
2015-05-14,770.0,1.0,2102.0,5,2015,14
2015-05-15,771.0,2.0,2114.0,5,2015,15
2015-05-16,772.0,3.0,1964.0,5,2015,16
2015-05-17,773.0,4.0,1427.0,5,2015,17
2015-05-18,774.0,5.0,1416.0,5,2015,18
2015-05-19,775.0,6.0,319.0,5,2015,19
2015-05-21,776.0,1.0,2147.0,5,2015,21
2015-05-22,777.0,2.0,1925.0,5,2015,22
2015-05-23,778.0,3.0,1668.0,5,2015,23
2015-05-24,779.0,4.0,1692.0,5,2015,24
2015-05-25,780.0,5.0,1517.0,5,2015,25
2015-05-26,781.0,6.0,381.0,5,2015,26
2015-05-28,782.0,1.0,2327.0,5,2015,28
2015-05-29,783.0,2.0,1926.0,5,2015,29
2015-05-30,784.0,3.0,1387.0,5,2015,30
2015-05-31,785.0,4.0,1533.0,5,2015,31
2015-06-01,786.0,5.0,1946.0,6,2015,1
2015-06-02,787.0,6.0,89.0,6,2015,2
2015-06-05,788.0,2.0,3157.0,6,2015,5
2015-06-06,789.0,3.0,1933.0,6,2015,6
2015-06-07,790.0,4.0,1257.0,6,2015,7
2015-06-08,791.0,5.0,2051.0,6,2015,8
2015-06-09,792.0,6.0,472.0,6,2015,9
2015-06-11,793.0,1.0,2031.0,6,2015,11
2015-06-12,794.0,2.0,1465.0,6,2015,12
2015-06-13,795.0,3.0,2291.0,6,2015,13
2015-06-14,796.0,4.0,1380.0,6,2015,14
2015-06-15,797.0,5.0,1659.0,6,2015,15
2015-06-16,798.0,6.0,401.0,6,2015,16
2015-06-18,799.0,1.0,2248.0,6,2015,18
2015-06-19,800.0,2.0,3005.0,6,2015,19
2015-06-20,801.0,3.0,2281.0,6,2015,20
2015-06-21,802.0,4.0,1062.0,6,2015,21
2015-06-22,803.0,5.0,1675.0,6,2015,22
2015-06-23,804.0,6.0,304.0,6,2015,23
2015-06-25,805.0,1.0,2034.0,6,2015,25
2015-06-26,806.0,2.0,2520.0,6,2015,26
2015-06-27,807.0,3.0,1944.0,6,2015,27
2015-06-28,808.0,4.0,1398.0,6,2015,28
2015-06-29,809.0,5.0,1384.0,6,2015,29
2015-06-30,810.0,6.0,288.0,6,2015,30
2015-07-02,811.0,1.0,1804.0,7,2015,2
2015-07-03,812.0,2.0,2255.0,7,2015,3
2015-07-04,813.0,3.0,1893.0,7,2015,4
2015-07-05,814.0,4.0,1193.0,7,2015,5
2015-07-06,815.0,5.0,1907.0,7,2015,6
2015-07-07,816.0,6.0,185.0,7,2015,7
2015-07-09,817.0,1.0,1304.0,7,2015,9
2015-07-10,818.0,2.0,2076.0,7,2015,10
2015-07-11,819.0,3.0,1754.0,7,2015,11
2015-07-12,820.0,4.0,1155.0,7,2015,12
2015-07-13,821.0,5.0,1613.0,7,2015,13
2015-07-14,822.0,6.0,410.0,7,2015,14
2015-07-16,823.0,1.0,2437.0,7,2015,16
2015-07-17,824.0,2.0,2596.0,7,2015,17
2015-07-18,825.0,3.0,1823.0,7,2015,18
2015-07-19,826.0,4.0,1951.0,7,2015,19
2015-07-20,827.0,5.0,1983.0,7,2015,20
2015-07-21,828.0,6.0,297.0,7,2015,21
2015-07-23,829.0,1.0,2186.0,7,2015,23
2015-07-24,830.0,2.0,1608.0,7,2015,24
2015-07-25,831.0,3.0,2334.0,7,2015,25
2015-07-26,832.0,4.0,2051.0,7,2015,26
2015-07-27,833.0,5.0,1795.0,7,2015,27
2015-07-28,834.0,6.0,346.0,7,2015,28
2015-07-30,835.0,1.0,1926.0,7,2015,30
2015-07-31,836.0,2.0,1902.0,7,2015,31
2015-08-01,837.0,3.0,1604.0,8,2015,1
2015-08-02,838.0,4.0,1357.0,8,2015,2
2015-08-03,839.0,5.0,1893.0,8,2015,3
2015-08-04,840.0,6.0,227.0,8,2015,4
2015-08-05,841.0,7.0,24.0,8,2015,5
2015-08-06,842.0,1.0,2270.0,8,2015,6
2015-08-07,843.0,2.0,2200.0,8,2015,7
2015-08-08,844.0,3.0,1738.0,8,2015,8
2015-08-09,845.0,4.0,1327.0,8,2015,9
2015-08-10,846.0,5.0,1254.0,8,2015,10
2015-08-11,847.0,6.0,498.0,8,2015,11
2015-08-12,848.0,7.0,20.0,8,2015,12
2015-08-13,849.0,1.0,2616.0,8,2015,13
2015-08-14,850.0,2.0,2477.0,8,2015,14
2015-08-15,851.0,3.0,2305.0,8,2015,15
2015-08-16,852.0,4.0,12.0,8,2015,16
2015-08-17,853.0,7.0,3354.0,8,2015,17
2015-08-18,854.0,1.0,1800.0,8,2015,18
2015-08-19,855.0,2.0,2684.0,8,2015,19
2015-08-20,856.0,3.0,1475.0,8,2015,20
2015-08-21,857.0,4.0,1783.0,8,2015,21
2015-08-22,858.0,5.0,1625.0,8,2015,22
2015-08-23,859.0,6.0,309.0,8,2015,23
2015-08-25,860.0,1.0,1990.0,8,2015,25
2015-08-26,861.0,2.0,2256.0,8,2015,26
2015-08-27,862.0,3.0,2032.0,8,2015,27
2015-08-28,863.0,4.0,1183.0,8,2015,28
2015-08-29,864.0,5.0,1565.0,8,2015,29
2015-08-30,865.0,6.0,254.0,8,2015,30
2015-09-01,866.0,1.0,1983.0,9,2015,1
2015-09-02,867.0,2.0,2445.0,9,2015,2
2015-09-03,868.0,3.0,2312.0,9,2015,3
2015-09-04,869.0,4.0,1510.0,9,2015,4
2015-09-05,870.0,5.0,2380.0,9,2015,5
2015-09-06,871.0,6.0,61.0,9,2015,6
2015-09-08,872.0,1.0,3279.0,9,2015,8
2015-09-09,873.0,2.0,3804.0,9,2015,9
2015-09-10,874.0,3.0,3046.0,9,2015,10
2015-09-11,875.0,5.0,13.0,9,2015,11
2015-09-12,876.0,7.0,15.0,9,2015,12
2015-09-15,877.0,3.0,88.0,9,2015,15
2015-09-16,878.0,4.0,4354.0,9,2015,16
2015-09-17,879.0,5.0,3418.0,9,2015,17
2015-09-18,880.0,6.0,2489.0,9,2015,18
2015-09-20,881.0,1.0,2584.0,9,2015,20
2015-09-21,882.0,2.0,3546.0,9,2015,21
2015-09-22,883.0,3.0,2458.0,9,2015,22
2015-09-23,884.0,4.0,2065.0,9,2015,23
2015-09-24,885.0,5.0,1816.0,9,2015,24
2015-09-25,886.0,6.0,263.0,9,2015,25
2015-09-26,887.0,7.0,28.0,9,2015,26
2015-09-27,888.0,1.0,2407.0,9,2015,27
2015-09-28,889.0,2.0,3639.0,9,2015,28
2015-09-29,890.0,3.0,2551.0,9,2015,29
2015-09-30,891.0,4.0,1925.0,9,2015,30
2015-10-01,892.0,5.0,1989.0,10,2015,1
2015-10-02,893.0,6.0,181.0,10,2015,2
2015-10-04,894.0,1.0,2569.0,10,2015,4
2015-10-05,895.0,2.0,2019.0,10,2015,5
2015-10-06,896.0,3.0,1900.0,10,2015,6
2015-10-07,897.0,4.0,1180.0,10,2015,7
2015-10-08,898.0,5.0,1886.0,10,2015,8
2015-10-09,899.0,6.0,322.0,10,2015,9
2015-10-11,900.0,1.0,2615.0,10,2015,11
2015-10-12,901.0,2.0,2594.0,10,2015,12
2015-10-13,902.0,3.0,1760.0,10,2015,13
2015-10-14,903.0,4.0,1590.0,10,2015,14
2015-10-15,904.0,5.0,1994.0,10,2015,15
2015-10-16,905.0,6.0,409.0,10,2015,16
2015-10-17,906.0,7.0,24.0,10,2015,17
2015-10-18,907.0,1.0,3017.0,10,2015,18
2015-10-19,908.0,2.0,2538.0,10,2015,19
2015-10-20,909.0,3.0,2019.0,10,2015,20
2015-10-21,910.0,4.0,1667.0,10,2015,21
2015-10-22,911.0,5.0,1876.0,10,2015,22
2015-10-23,912.0,6.0,498.0,10,2015,23
2015-10-25,913.0,1.0,2237.0,10,2015,25
2015-10-26,914.0,2.0,2268.0,10,2015,26
2015-10-27,915.0,3.0,1898.0,10,2015,27
2015-10-28,916.0,4.0,1870.0,10,2015,28
2015-10-29,917.0,5.0,2174.0,10,2015,29
2015-10-30,918.0,6.0,540.0,10,2015,30
2015-11-01,919.0,1.0,2397.0,11,2015,1
2015-11-02,920.0,2.0,1947.0,11,2015,2
2015-11-03,921.0,3.0,2057.0,11,2015,3
2015-11-04,922.0,4.0,1860.0,11,2015,4
2015-11-05,923.0,5.0,2270.0,11,2015,5
2015-11-06,924.0,6.0,409.0,11,2015,6
2015-11-08,925.0,1.0,3666.0,11,2015,8
2015-11-09,926.0,2.0,2535.0,11,2015,9
2015-11-10,927.0,3.0,2063.0,11,2015,10
2015-11-11,928.0,4.0,1497.0,11,2015,11
2015-11-12,929.0,5.0,2170.0,11,2015,12
2015-11-13,930.0,6.0,312.0,11,2015,13
2015-11-15,931.0,1.0,2228.0,11,2015,15
2015-11-16,932.0,2.0,2098.0,11,2015,16
2015-11-17,933.0,3.0,2725.0,11,2015,17
2015-11-18,934.0,4.0,1491.0,11,2015,18
2015-11-19,935.0,5.0,2140.0,11,2015,19
2015-11-20,936.0,6.0,450.0,11,2015,20
2015-11-22,937.0,1.0,2057.0,11,2015,22
2015-11-23,938.0,2.0,2181.0,11,2015,23
2015-11-24,939.0,3.0,2339.0,11,2015,24
2015-11-25,940.0,4.0,1414.0,11,2015,25
2015-11-26,941.0,5.0,2924.0,11,2015,26
2015-11-27,942.0,6.0,482.0,11,2015,27
2015-11-29,943.0,1.0,1611.0,11,2015,29
2015-11-30,944.0,2.0,2771.0,11,2015,30
2015-12-01,945.0,3.0,3477.0,12,2015,1
2015-12-02,946.0,4.0,1565.0,12,2015,2
2015-12-03,947.0,5.0,2158.0,12,2015,3
2015-12-04,948.0,6.0,800.0,12,2015,4
2015-12-05,949.0,7.0,15.0,12,2015,5
2015-12-06,950.0,1.0,2555.0,12,2015,6
2015-12-07,951.0,2.0,1839.0,12,2015,7
2015-12-08,952.0,3.0,2331.0,12,2015,8
2015-12-09,953.0,4.0,772.0,12,2015,9
2015-12-10,954.0,5.0,70.0,12,2015,10
2015-12-11,955.0,6.0,33.0,12,2015,11
2015-12-13,956.0,1.0,6421.0,12,2015,13
2015-12-14,957.0,2.0,7069.0,12,2015,14
2015-12-15,958.0,3.0,5017.0,12,2015,15
2015-12-16,959.0,4.0,3192.0,12,2015,16
2015-12-17,960.0,5.0,4838.0,12,2015,17
2015-12-18,961.0,6.0,1063.0,12,2015,18
2015-12-20,962.0,1.0,5227.0,12,2015,20
2015-12-21,963.0,2.0,3848.0,12,2015,21
2015-12-22,964.0,3.0,3631.0,12,2015,22
2015-12-23,965.0,4.0,1899.0,12,2015,23
2015-12-24,966.0,5.0,2978.0,12,2015,24
2015-12-25,967.0,6.0,657.0,12,2015,25
2015-12-27,968.0,1.0,3859.0,12,2015,27
2015-12-28,969.0,2.0,4572.0,12,2015,28
2015-12-29,970.0,3.0,3687.0,12,2015,29
2015-12-30,971.0,4.0,2851.0,12,2015,30
2015-12-31,972.0,5.0,2644.0,12,2015,31
2016-01-01,973.0,6.0,429.0,1,2016,1
2016-01-03,974.0,1.0,3637.0,1,2016,3
2016-01-04,975.0,2.0,3865.0,1,2016,4
2016-01-05,976.0,3.0,3499.0,1,2016,5
2016-01-06,977.0,4.0,2374.0,1,2016,6
2016-01-07,978.0,5.0,3880.0,1,2016,7
2016-01-08,979.0,6.0,755.0,1,2016,8
2016-01-10,980.0,1.0,5594.0,1,2016,10
2016-01-11,981.0,2.0,5592.0,1,2016,11
2016-01-12,982.0,3.0,4690.0,1,2016,12
2016-01-13,983.0,4.0,4243.0,1,2016,13
2016-01-14,984.0,5.0,4763.0,1,2016,14
2016-01-15,985.0,6.0,1564.0,1,2016,15
2016-01-20,986.0,4.0,24.0,1,2016,20
2016-01-21,987.0,7.0,3664.0,1,2016,21
2016-01-22,988.0,1.0,3610.0,1,2016,22
2016-01-23,989.0,2.0,5537.0,1,2016,23
2016-01-24,990.0,3.0,3369.0,1,2016,24
2016-01-25,991.0,4.0,3054.0,1,2016,25
2016-01-26,992.0,5.0,2735.0,1,2016,26
2016-01-27,993.0,6.0,780.0,1,2016,27
2016-01-29,994.0,1.0,3037.0,1,2016,29
2016-01-30,995.0,2.0,3315.0,1,2016,30
2016-01-31,996.0,3.0,2221.0,1,2016,31
2016-02-01,997.0,4.0,1541.0,2,2016,1
2016-02-02,998.0,5.0,1883.0,2,2016,2
2016-02-03,999.0,6.0,564.0,2,2016,3
2016-02-05,1000.0,1.0,2525.0,2,2016,5
2016-02-06,1001.0,2.0,2627.0,2,2016,6
2016-02-07,1002.0,3.0,2374.0,2,2016,7
2016-02-08,1003.0,4.0,1618.0,2,2016,8
2016-02-09,1004.0,5.0,2259.0,2,2016,9
2016-02-10,1005.0,6.0,426.0,2,2016,10
2016-02-12,1006.0,1.0,2203.0,2,2016,12
2016-02-13,1007.0,2.0,2344.0,2,2016,13
2016-02-14,1008.0,3.0,2392.0,2,2016,14
2016-02-15,1009.0,4.0,1870.0,2,2016,15
2016-02-16,1010.0,5.0,1772.0,2,2016,16
2016-02-17,1011.0,6.0,610.0,2,2016,17
2016-02-19,1012.0,1.0,2437.0,2,2016,19
2016-02-20,1013.0,2.0,2326.0,2,2016,20
2016-02-21,1014.0,3.0,1954.0,2,2016,21
2016-02-22,1015.0,4.0,1569.0,2,2016,22
2016-02-23,1016.0,5.0,1777.0,2,2016,23
2016-02-24,1017.0,6.0,442.0,2,2016,24
2016-02-26,1018.0,1.0,2476.0,2,2016,26
2016-02-27,1019.0,2.0,1934.0,2,2016,27
2016-02-28,1020.0,3.0,2048.0,2,2016,28
2016-02-29,1021.0,4.0,1586.0,2,2016,29
2016-03-01,1022.0,5.0,2268.0,3,2016,1
2016-03-02,1023.0,6.0,506.0,3,2016,2
2016-03-04,1024.0,1.0,3439.0,3,2016,4
2016-03-05,1025.0,2.0,3208.0,3,2016,5
2016-03-06,1026.0,3.0,2277.0,3,2016,6
2016-03-07,1027.0,4.0,2144.0,3,2016,7
2016-03-08,1028.0,5.0,2519.0,3,2016,8
2016-03-09,1029.0,6.0,195.0,3,2016,9
2016-03-12,1030.0,2.0,4003.0,3,2016,12
2016-03-13,1031.0,3.0,2513.0,3,2016,13
2016-03-14,1032.0,4.0,1306.0,3,2016,14
